Tag_Option,Account_Category,Account_Name,Account_Code,Total
Overall,Operating Income,Govrenment Sales - المبيعات الحكومية,411,22853290.0
8000010 - تسوية مراكز التكلفة تكامل,Operating Income,Govrenment Sales - المبيعات الحكومية,411,0.0
8000011 - المصاريف العمومية والادارية تكامل,Operating Income,Govrenment Sales - المبيعات الحكومية,411,0.0
8000020 - مصاريف بيعية وتسويقية تكامل,Operating Income,Govrenment Sales - المبيعات الحكومية,411,0.0
8000030 - تدريب وتطوير تكامل,Operating Income,Govrenment Sales - المبيعات الحكومية,411,0.0
8000040 - مكتب ادارة المشاريع تكامل,Operating Income,Govrenment Sales - المبيعات الحكومية,411,0.0
8000050 - الاتصال المؤسسي تكامل,Operating Income,Govrenment Sales - المبيعات الحكومية,411,0.0
8000060 - منصة قياس الأثر,Operating Income,Govrenment Sales - المبيعات الحكومية,411,0.0
8023010 - إنشاء مقار إدارة العمل التطوعي لخدمة ضيوف الرحمن,Operating Income,Govrenment Sales - المبيعات الحكومية,411,5934840.0
8023020 - منهجية عمل تعزز البنية المؤسسية للمنظمات غير الربحية,Operating Income,Govrenment Sales - المبيعات الحكومية,411,2405000.0
8023030 - رفع الوعي الفني لدى منظمات القطاع غير الربحي,Operating Income,Govrenment Sales - المبيعات الحكومية,411,0.0
8024010 - مشروع تقديم خدمات تأسيس وتفعيل وحدات ومراكز العمل التطوعي,Operating Income,Govrenment Sales - المبيعات الحكومية,411,0.0
8024020 - مشروع الخدمات اللوجستية للعاملين في القطاع غير الربحي,Operating Income,Govrenment Sales - المبيعات الحكومية,411,0.0
8024030 - تمكين الجمعيات المتخصصة العاملة في القطاع غير الربحي,Operating Income,Govrenment Sales - المبيعات الحكومية,411,6819250.0
8024040 - تقديم الخدمات اللوجستية للتدريب في برنامج رائد,Operating Income,Govrenment Sales - المبيعات الحكومية,411,775000.0
8025010 - مشروع العربة,Operating Income,Govrenment Sales - المبيعات الحكومية,411,0.0
8025020 - مشروع وزارة الرياضة,Operating Income,Govrenment Sales - المبيعات الحكومية,411,0.0
8025030 - تقديم 3000 ساعة عمل تطوعية لموظفين شركة الكهرباء,Operating Income,Govrenment Sales - المبيعات الحكومية,411,0.0
8025040 - مصنع الابتكار - اشوكا,Operating Income,Govrenment Sales - المبيعات الحكومية,411,0.0
8025050 - حصر الاحتياج التدريبي في منظومة الصحة,Operating Income,Govrenment Sales - المبيعات الحكومية,411,0.0
8025060 - مجموعات عمل التطوع التكافلي,Operating Income,Govrenment Sales - المبيعات الحكومية,411,6919200.0
8025070 - سفر الإفطار في الحرم المكي,Operating Income,Govrenment Sales - المبيعات الحكومية,411,0.0
8025080 - سوق الدار,Operating Income,Govrenment Sales - المبيعات الحكومية,411,0.0
8025090 - هاكاثون الوعي المعرفي,Operating Income,Govrenment Sales - المبيعات الحكومية,411,0.0
8025100 - مشروع منظومة عمل إدارة دراسات الحالة,Operating Income,Govrenment Sales - المبيعات الحكومية,411,0.0
8025110 - مشروع خارطة الاستثمار الاجتماعي في قطاع الشباب,Operating Income,Govrenment Sales - المبيعات الحكومية,411,0.0
8025120 - مشروع تقديم خدمات استشارية لأكاديمية الفوزان,Operating Income,Govrenment Sales - المبيعات الحكومية,411,0.0
8026010 - تأسيس وحدة الاستثمار الاجتماعي مع جمعية متلازمة النجاح,Operating Income,Govrenment Sales - المبيعات الحكومية,411,0.0
8026020 - التأهيل للتوظيف,Operating Income,Govrenment Sales - المبيعات الحكومية,411,0.0
8026030 - حاضنة أثر الطاقة الاجتماعية,Operating Income,Govrenment Sales - المبيعات الحكومية,411,0.0
Untagged,Operating Income,Govrenment Sales - المبيعات الحكومية,411,0.0
Overall,Operating Income,International sales - مبيعات دولية,417,46636.4
8000010 - تسوية مراكز التكلفة تكامل,Operating Income,International sales - مبيعات دولية,417,0.0
8000011 - المصاريف العمومية والادارية تكامل,Operating Income,International sales - مبيعات دولية,417,0.0
8000020 - مصاريف بيعية وتسويقية تكامل,Operating Income,International sales - مبيعات دولية,417,0.0
8000030 - تدريب وتطوير تكامل,Operating Income,International sales - مبيعات دولية,417,0.0
8000040 - مكتب ادارة المشاريع تكامل,Operating Income,International sales - مبيعات دولية,417,0.0
8000050 - الاتصال المؤسسي تكامل,Operating Income,International sales - مبيعات دولية,417,0.0
8000060 - منصة قياس الأثر,Operating Income,International sales - مبيعات دولية,417,0.0
8023010 - إنشاء مقار إدارة العمل التطوعي لخدمة ضيوف الرحمن,Operating Income,International sales - مبيعات دولية,417,0.0
8023020 - منهجية عمل تعزز البنية المؤسسية للمنظمات غير الربحية,Operating Income,International sales - مبيعات دولية,417,0.0
8023030 - رفع الوعي الفني لدى منظمات القطاع غير الربحي,Operating Income,International sales - مبيعات دولية,417,0.0
8024010 - مشروع تقديم خدمات تأسيس وتفعيل وحدات ومراكز العمل التطوعي,Operating Income,International sales - مبيعات دولية,417,0.0
8024020 - مشروع الخدمات اللوجستية للعاملين في القطاع غير الربحي,Operating Income,International sales - مبيعات دولية,417,0.0
8024030 - تمكين الجمعيات المتخصصة العاملة في القطاع غير الربحي,Operating Income,International sales - مبيعات دولية,417,0.0
8024040 - تقديم الخدمات اللوجستية للتدريب في برنامج رائد,Operating Income,International sales - مبيعات دولية,417,0.0
8025010 - مشروع العربة,Operating Income,International sales - مبيعات دولية,417,0.0
8025020 - مشروع وزارة الرياضة,Operating Income,International sales - مبيعات دولية,417,0.0
8025030 - تقديم 3000 ساعة عمل تطوعية لموظفين شركة الكهرباء,Operating Income,International sales - مبيعات دولية,417,0.0
8025040 - مصنع الابتكار - اشوكا,Operating Income,International sales - مبيعات دولية,417,46636.4
8025050 - حصر الاحتياج التدريبي في منظومة الصحة,Operating Income,International sales - مبيعات دولية,417,0.0
8025060 - مجموعات عمل التطوع التكافلي,Operating Income,International sales - مبيعات دولية,417,0.0
8025070 - سفر الإفطار في الحرم المكي,Operating Income,International sales - مبيعات دولية,417,0.0
8025080 - سوق الدار,Operating Income,International sales - مبيعات دولية,417,0.0
8025090 - هاكاثون الوعي المعرفي,Operating Income,International sales - مبيعات دولية,417,0.0
8025100 - مشروع منظومة عمل إدارة دراسات الحالة,Operating Income,International sales - مبيعات دولية,417,0.0
8025110 - مشروع خارطة الاستثمار الاجتماعي في قطاع الشباب,Operating Income,International sales - مبيعات دولية,417,0.0
8025120 - مشروع تقديم خدمات استشارية لأكاديمية الفوزان,Operating Income,International sales - مبيعات دولية,417,0.0
8026010 - تأسيس وحدة الاستثمار الاجتماعي مع جمعية متلازمة النجاح,Operating Income,International sales - مبيعات دولية,417,0.0
8026020 - التأهيل للتوظيف,Operating Income,International sales - مبيعات دولية,417,0.0
8026030 - حاضنة أثر الطاقة الاجتماعية,Operating Income,International sales - مبيعات دولية,417,0.0
Untagged,Operating Income,International sales - مبيعات دولية,417,0.0
Overall,Operating Income,NPO sales (Third Sector) - مبيعات القطاع الثالث,413,3831813.04
8000010 - تسوية مراكز التكلفة تكامل,Operating Income,NPO sales (Third Sector) - مبيعات القطاع الثالث,413,0.0
8000011 - المصاريف العمومية والادارية تكامل,Operating Income,NPO sales (Third Sector) - مبيعات القطاع الثالث,413,0.0
8000020 - مصاريف بيعية وتسويقية تكامل,Operating Income,NPO sales (Third Sector) - مبيعات القطاع الثالث,413,0.0
8000030 - تدريب وتطوير تكامل,Operating Income,NPO sales (Third Sector) - مبيعات القطاع الثالث,413,0.0
8000040 - مكتب ادارة المشاريع تكامل,Operating Income,NPO sales (Third Sector) - مبيعات القطاع الثالث,413,0.0
8000050 - الاتصال المؤسسي تكامل,Operating Income,NPO sales (Third Sector) - مبيعات القطاع الثالث,413,0.0
8000060 - منصة قياس الأثر,Operating Income,NPO sales (Third Sector) - مبيعات القطاع الثالث,413,0.0
8023010 - إنشاء مقار إدارة العمل التطوعي لخدمة ضيوف الرحمن,Operating Income,NPO sales (Third Sector) - مبيعات القطاع الثالث,413,0.0
8023020 - منهجية عمل تعزز البنية المؤسسية للمنظمات غير الربحية,Operating Income,NPO sales (Third Sector) - مبيعات القطاع الثالث,413,0.0
8023030 - رفع الوعي الفني لدى منظمات القطاع غير الربحي,Operating Income,NPO sales (Third Sector) - مبيعات القطاع الثالث,413,0.0
8024010 - مشروع تقديم خدمات تأسيس وتفعيل وحدات ومراكز العمل التطوعي,Operating Income,NPO sales (Third Sector) - مبيعات القطاع الثالث,413,585000.0
8024020 - مشروع الخدمات اللوجستية للعاملين في القطاع غير الربحي,Operating Income,NPO sales (Third Sector) - مبيعات القطاع الثالث,413,537725.7
8024030 - تمكين الجمعيات المتخصصة العاملة في القطاع غير الربحي,Operating Income,NPO sales (Third Sector) - مبيعات القطاع الثالث,413,0.0
8024040 - تقديم الخدمات اللوجستية للتدريب في برنامج رائد,Operating Income,NPO sales (Third Sector) - مبيعات القطاع الثالث,413,0.0
8025010 - مشروع العربة,Operating Income,NPO sales (Third Sector) - مبيعات القطاع الثالث,413,0.0
8025020 - مشروع وزارة الرياضة,Operating Income,NPO sales (Third Sector) - مبيعات القطاع الثالث,413,2466152.56
8025030 - تقديم 3000 ساعة عمل تطوعية لموظفين شركة الكهرباء,Operating Income,NPO sales (Third Sector) - مبيعات القطاع الثالث,413,0.0
8025040 - مصنع الابتكار - اشوكا,Operating Income,NPO sales (Third Sector) - مبيعات القطاع الثالث,413,0.0
8025050 - حصر الاحتياج التدريبي في منظومة الصحة,Operating Income,NPO sales (Third Sector) - مبيعات القطاع الثالث,413,0.0
8025060 - مجموعات عمل التطوع التكافلي,Operating Income,NPO sales (Third Sector) - مبيعات القطاع الثالث,413,0.0
8025070 - سفر الإفطار في الحرم المكي,Operating Income,NPO sales (Third Sector) - مبيعات القطاع الثالث,413,0.0
8025080 - سوق الدار,Operating Income,NPO sales (Third Sector) - مبيعات القطاع الثالث,413,0.0
8025090 - هاكاثون الوعي المعرفي,Operating Income,NPO sales (Third Sector) - مبيعات القطاع الثالث,413,130434.78
8025100 - مشروع منظومة عمل إدارة دراسات الحالة,Operating Income,NPO sales (Third Sector) - مبيعات القطاع الثالث,413,0.0
8025110 - مشروع خارطة الاستثمار الاجتماعي في قطاع الشباب,Operating Income,NPO sales (Third Sector) - مبيعات القطاع الثالث,413,0.0
8025120 - مشروع تقديم خدمات استشارية لأكاديمية الفوزان,Operating Income,NPO sales (Third Sector) - مبيعات القطاع الثالث,413,0.0
8026010 - تأسيس وحدة الاستثمار الاجتماعي مع جمعية متلازمة النجاح,Operating Income,NPO sales (Third Sector) - مبيعات القطاع الثالث,413,112500.0
8026020 - التأهيل للتوظيف,Operating Income,NPO sales (Third Sector) - مبيعات القطاع الثالث,413,0.0
8026030 - حاضنة أثر الطاقة الاجتماعية,Operating Income,NPO sales (Third Sector) - مبيعات القطاع الثالث,413,0.0
Untagged,Operating Income,NPO sales (Third Sector) - مبيعات القطاع الثالث,413,0.0
Overall,Operating Income,Private Sector Sales - مبيعات القطاع الخاص,412,6594381.47
8000010 - تسوية مراكز التكلفة تكامل,Operating Income,Private Sector Sales - مبيعات القطاع الخاص,412,0.0
8000011 - المصاريف العمومية والادارية تكامل,Operating Income,Private Sector Sales - مبيعات القطاع الخاص,412,0.0
8000020 - مصاريف بيعية وتسويقية تكامل,Operating Income,Private Sector Sales - مبيعات القطاع الخاص,412,0.0
8000030 - تدريب وتطوير تكامل,Operating Income,Private Sector Sales - مبيعات القطاع الخاص,412,0.0
8000040 - مكتب ادارة المشاريع تكامل,Operating Income,Private Sector Sales - مبيعات القطاع الخاص,412,0.0
8000050 - الاتصال المؤسسي تكامل,Operating Income,Private Sector Sales - مبيعات القطاع الخاص,412,0.0
8000060 - منصة قياس الأثر,Operating Income,Private Sector Sales - مبيعات القطاع الخاص,412,0.0
8023010 - إنشاء مقار إدارة العمل التطوعي لخدمة ضيوف الرحمن,Operating Income,Private Sector Sales - مبيعات القطاع الخاص,412,0.0
8023020 - منهجية عمل تعزز البنية المؤسسية للمنظمات غير الربحية,Operating Income,Private Sector Sales - مبيعات القطاع الخاص,412,0.0
8023030 - رفع الوعي الفني لدى منظمات القطاع غير الربحي,Operating Income,Private Sector Sales - مبيعات القطاع الخاص,412,0.0
8024010 - مشروع تقديم خدمات تأسيس وتفعيل وحدات ومراكز العمل التطوعي,Operating Income,Private Sector Sales - مبيعات القطاع الخاص,412,585000.0
8024020 - مشروع الخدمات اللوجستية للعاملين في القطاع غير الربحي,Operating Income,Private Sector Sales - مبيعات القطاع الخاص,412,504400.0
8024030 - تمكين الجمعيات المتخصصة العاملة في القطاع غير الربحي,Operating Income,Private Sector Sales - مبيعات القطاع الخاص,412,0.0
8024040 - تقديم الخدمات اللوجستية للتدريب في برنامج رائد,Operating Income,Private Sector Sales - مبيعات القطاع الخاص,412,775000.0
8025010 - مشروع العربة,Operating Income,Private Sector Sales - مبيعات القطاع الخاص,412,2764095.97
8025020 - مشروع وزارة الرياضة,Operating Income,Private Sector Sales - مبيعات القطاع الخاص,412,392100.0
8025030 - تقديم 3000 ساعة عمل تطوعية لموظفين شركة الكهرباء,Operating Income,Private Sector Sales - مبيعات القطاع الخاص,412,0.0
8025040 - مصنع الابتكار - اشوكا,Operating Income,Private Sector Sales - مبيعات القطاع الخاص,412,186133.33
8025050 - حصر الاحتياج التدريبي في منظومة الصحة,Operating Income,Private Sector Sales - مبيعات القطاع الخاص,412,0.0
8025060 - مجموعات عمل التطوع التكافلي,Operating Income,Private Sector Sales - مبيعات القطاع الخاص,412,0.0
8025070 - سفر الإفطار في الحرم المكي,Operating Income,Private Sector Sales - مبيعات القطاع الخاص,412,0.0
8025080 - سوق الدار,Operating Income,Private Sector Sales - مبيعات القطاع الخاص,412,200000.0
8025090 - هاكاثون الوعي المعرفي,Operating Income,Private Sector Sales - مبيعات القطاع الخاص,412,0.0
8025100 - مشروع منظومة عمل إدارة دراسات الحالة,Operating Income,Private Sector Sales - مبيعات القطاع الخاص,412,316500.0
8025110 - مشروع خارطة الاستثمار الاجتماعي في قطاع الشباب,Operating Income,Private Sector Sales - مبيعات القطاع الخاص,412,43500.0
8025120 - مشروع تقديم خدمات استشارية لأكاديمية الفوزان,Operating Income,Private Sector Sales - مبيعات القطاع الخاص,412,132000.0
8026010 - تأسيس وحدة الاستثمار الاجتماعي مع جمعية متلازمة النجاح,Operating Income,Private Sector Sales - مبيعات القطاع الخاص,412,0.0
8026020 - التأهيل للتوظيف,Operating Income,Private Sector Sales - مبيعات القطاع الخاص,412,695652.17
8026030 - حاضنة أثر الطاقة الاجتماعية,Operating Income,Private Sector Sales - مبيعات القطاع الخاص,412,0.0
Untagged,Operating Income,Private Sector Sales - مبيعات القطاع الخاص,412,0.0
Overall,Cost of Goods Sold,Advertising and promotion - 521109 - دعاية واعلان,521109,52835.0
8000010 - تسوية مراكز التكلفة تكامل,Cost of Goods Sold,Advertising and promotion - 521109 - دعاية واعلان,521109,0.0
8000011 - المصاريف العمومية والادارية تكامل,Cost of Goods Sold,Advertising and promotion - 521109 - دعاية واعلان,521109,0.0
8000020 - مصاريف بيعية وتسويقية تكامل,Cost of Goods Sold,Advertising and promotion - 521109 - دعاية واعلان,521109,0.0
8000030 - تدريب وتطوير تكامل,Cost of Goods Sold,Advertising and promotion - 521109 - دعاية واعلان,521109,0.0
8000040 - مكتب ادارة المشاريع تكامل,Cost of Goods Sold,Advertising and promotion - 521109 - دعاية واعلان,521109,0.0
8000050 - الاتصال المؤسسي تكامل,Cost of Goods Sold,Advertising and promotion - 521109 - دعاية واعلان,521109,0.0
8000060 - منصة قياس الأثر,Cost of Goods Sold,Advertising and promotion - 521109 - دعاية واعلان,521109,0.0
8023010 - إنشاء مقار إدارة العمل التطوعي لخدمة ضيوف الرحمن,Cost of Goods Sold,Advertising and promotion - 521109 - دعاية واعلان,521109,0.0
8023020 - منهجية عمل تعزز البنية المؤسسية للمنظمات غير الربحية,Cost of Goods Sold,Advertising and promotion - 521109 - دعاية واعلان,521109,0.0
8023030 - رفع الوعي الفني لدى منظمات القطاع غير الربحي,Cost of Goods Sold,Advertising and promotion - 521109 - دعاية واعلان,521109,0.0
8024010 - مشروع تقديم خدمات تأسيس وتفعيل وحدات ومراكز العمل التطوعي,Cost of Goods Sold,Advertising and promotion - 521109 - دعاية واعلان,521109,52555.0
8024020 - مشروع الخدمات اللوجستية للعاملين في القطاع غير الربحي,Cost of Goods Sold,Advertising and promotion - 521109 - دعاية واعلان,521109,0.0
8024030 - تمكين الجمعيات المتخصصة العاملة في القطاع غير الربحي,Cost of Goods Sold,Advertising and promotion - 521109 - دعاية واعلان,521109,0.0
8024040 - تقديم الخدمات اللوجستية للتدريب في برنامج رائد,Cost of Goods Sold,Advertising and promotion - 521109 - دعاية واعلان,521109,280.0
8025010 - مشروع العربة,Cost of Goods Sold,Advertising and promotion - 521109 - دعاية واعلان,521109,0.0
8025020 - مشروع وزارة الرياضة,Cost of Goods Sold,Advertising and promotion - 521109 - دعاية واعلان,521109,0.0
8025030 - تقديم 3000 ساعة عمل تطوعية لموظفين شركة الكهرباء,Cost of Goods Sold,Advertising and promotion - 521109 - دعاية واعلان,521109,0.0
8025040 - مصنع الابتكار - اشوكا,Cost of Goods Sold,Advertising and promotion - 521109 - دعاية واعلان,521109,0.0
8025050 - حصر الاحتياج التدريبي في منظومة الصحة,Cost of Goods Sold,Advertising and promotion - 521109 - دعاية واعلان,521109,0.0
8025060 - مجموعات عمل التطوع التكافلي,Cost of Goods Sold,Advertising and promotion - 521109 - دعاية واعلان,521109,0.0
8025070 - سفر الإفطار في الحرم المكي,Cost of Goods Sold,Advertising and promotion - 521109 - دعاية واعلان,521109,0.0
8025080 - سوق الدار,Cost of Goods Sold,Advertising and promotion - 521109 - دعاية واعلان,521109,0.0
8025090 - هاكاثون الوعي المعرفي,Cost of Goods Sold,Advertising and promotion - 521109 - دعاية واعلان,521109,0.0
8025100 - مشروع منظومة عمل إدارة دراسات الحالة,Cost of Goods Sold,Advertising and promotion - 521109 - دعاية واعلان,521109,0.0
8025110 - مشروع خارطة الاستثمار الاجتماعي في قطاع الشباب,Cost of Goods Sold,Advertising and promotion - 521109 - دعاية واعلان,521109,0.0
8025120 - مشروع تقديم خدمات استشارية لأكاديمية الفوزان,Cost of Goods Sold,Advertising and promotion - 521109 - دعاية واعلان,521109,0.0
8026010 - تأسيس وحدة الاستثمار الاجتماعي مع جمعية متلازمة النجاح,Cost of Goods Sold,Advertising and promotion - 521109 - دعاية واعلان,521109,0.0
8026020 - التأهيل للتوظيف,Cost of Goods Sold,Advertising and promotion - 521109 - دعاية واعلان,521109,0.0
8026030 - حاضنة أثر الطاقة الاجتماعية,Cost of Goods Sold,Advertising and promotion - 521109 - دعاية واعلان,521109,0.0
Untagged,Cost of Goods Sold,Advertising and promotion - 521109 - دعاية واعلان,521109,0.0
Overall,Cost of Goods Sold,Bank service charges - 530105 - خدمات بنكية,530105,7293.51
8000010 - تسوية مراكز التكلفة تكامل,Cost of Goods Sold,Bank service charges - 530105 - خدمات بنكية,530105,0.51
8000011 - المصاريف العمومية والادارية تكامل,Cost of Goods Sold,Bank service charges - 530105 - خدمات بنكية,530105,0.0
8000020 - مصاريف بيعية وتسويقية تكامل,Cost of Goods Sold,Bank service charges - 530105 - خدمات بنكية,530105,0.0
8000030 - تدريب وتطوير تكامل,Cost of Goods Sold,Bank service charges - 530105 - خدمات بنكية,530105,0.0
8000040 - مكتب ادارة المشاريع تكامل,Cost of Goods Sold,Bank service charges - 530105 - خدمات بنكية,530105,0.0
8000050 - الاتصال المؤسسي تكامل,Cost of Goods Sold,Bank service charges - 530105 - خدمات بنكية,530105,0.0
8000060 - منصة قياس الأثر,Cost of Goods Sold,Bank service charges - 530105 - خدمات بنكية,530105,0.0
8023010 - إنشاء مقار إدارة العمل التطوعي لخدمة ضيوف الرحمن,Cost of Goods Sold,Bank service charges - 530105 - خدمات بنكية,530105,0.0
8023020 - منهجية عمل تعزز البنية المؤسسية للمنظمات غير الربحية,Cost of Goods Sold,Bank service charges - 530105 - خدمات بنكية,530105,1971.07
8023030 - رفع الوعي الفني لدى منظمات القطاع غير الربحي,Cost of Goods Sold,Bank service charges - 530105 - خدمات بنكية,530105,0.0
8024010 - مشروع تقديم خدمات تأسيس وتفعيل وحدات ومراكز العمل التطوعي,Cost of Goods Sold,Bank service charges - 530105 - خدمات بنكية,530105,0.0
8024020 - مشروع الخدمات اللوجستية للعاملين في القطاع غير الربحي,Cost of Goods Sold,Bank service charges - 530105 - خدمات بنكية,530105,0.0
8024030 - تمكين الجمعيات المتخصصة العاملة في القطاع غير الربحي,Cost of Goods Sold,Bank service charges - 530105 - خدمات بنكية,530105,1153.44
8024040 - تقديم الخدمات اللوجستية للتدريب في برنامج رائد,Cost of Goods Sold,Bank service charges - 530105 - خدمات بنكية,530105,0.0
8025010 - مشروع العربة,Cost of Goods Sold,Bank service charges - 530105 - خدمات بنكية,530105,0.0
8025020 - مشروع وزارة الرياضة,Cost of Goods Sold,Bank service charges - 530105 - خدمات بنكية,530105,4168.49
8025030 - تقديم 3000 ساعة عمل تطوعية لموظفين شركة الكهرباء,Cost of Goods Sold,Bank service charges - 530105 - خدمات بنكية,530105,0.0
8025040 - مصنع الابتكار - اشوكا,Cost of Goods Sold,Bank service charges - 530105 - خدمات بنكية,530105,0.0
8025050 - حصر الاحتياج التدريبي في منظومة الصحة,Cost of Goods Sold,Bank service charges - 530105 - خدمات بنكية,530105,0.0
8025060 - مجموعات عمل التطوع التكافلي,Cost of Goods Sold,Bank service charges - 530105 - خدمات بنكية,530105,0.0
8025070 - سفر الإفطار في الحرم المكي,Cost of Goods Sold,Bank service charges - 530105 - خدمات بنكية,530105,0.0
8025080 - سوق الدار,Cost of Goods Sold,Bank service charges - 530105 - خدمات بنكية,530105,0.0
8025090 - هاكاثون الوعي المعرفي,Cost of Goods Sold,Bank service charges - 530105 - خدمات بنكية,530105,0.0
8025100 - مشروع منظومة عمل إدارة دراسات الحالة,Cost of Goods Sold,Bank service charges - 530105 - خدمات بنكية,530105,0.0
8025110 - مشروع خارطة الاستثمار الاجتماعي في قطاع الشباب,Cost of Goods Sold,Bank service charges - 530105 - خدمات بنكية,530105,0.0
8025120 - مشروع تقديم خدمات استشارية لأكاديمية الفوزان,Cost of Goods Sold,Bank service charges - 530105 - خدمات بنكية,530105,0.0
8026010 - تأسيس وحدة الاستثمار الاجتماعي مع جمعية متلازمة النجاح,Cost of Goods Sold,Bank service charges - 530105 - خدمات بنكية,530105,0.0
8026020 - التأهيل للتوظيف,Cost of Goods Sold,Bank service charges - 530105 - خدمات بنكية,530105,0.0
8026030 - حاضنة أثر الطاقة الاجتماعية,Cost of Goods Sold,Bank service charges - 530105 - خدمات بنكية,530105,0.0
Untagged,Cost of Goods Sold,Bank service charges - 530105 - خدمات بنكية,530105,0.0
Overall,Cost of Goods Sold,Cleaning - 530103 - نظافة,530103,1111.5
8000010 - تسوية مراكز التكلفة تكامل,Cost of Goods Sold,Cleaning - 530103 - نظافة,530103,0.0
8000011 - المصاريف العمومية والادارية تكامل,Cost of Goods Sold,Cleaning - 530103 - نظافة,530103,0.0
8000020 - مصاريف بيعية وتسويقية تكامل,Cost of Goods Sold,Cleaning - 530103 - نظافة,530103,0.0
8000030 - تدريب وتطوير تكامل,Cost of Goods Sold,Cleaning - 530103 - نظافة,530103,0.0
8000040 - مكتب ادارة المشاريع تكامل,Cost of Goods Sold,Cleaning - 530103 - نظافة,530103,0.0
8000050 - الاتصال المؤسسي تكامل,Cost of Goods Sold,Cleaning - 530103 - نظافة,530103,0.0
8000060 - منصة قياس الأثر,Cost of Goods Sold,Cleaning - 530103 - نظافة,530103,0.0
8023010 - إنشاء مقار إدارة العمل التطوعي لخدمة ضيوف الرحمن,Cost of Goods Sold,Cleaning - 530103 - نظافة,530103,0.0
8023020 - منهجية عمل تعزز البنية المؤسسية للمنظمات غير الربحية,Cost of Goods Sold,Cleaning - 530103 - نظافة,530103,0.0
8023030 - رفع الوعي الفني لدى منظمات القطاع غير الربحي,Cost of Goods Sold,Cleaning - 530103 - نظافة,530103,0.0
8024010 - مشروع تقديم خدمات تأسيس وتفعيل وحدات ومراكز العمل التطوعي,Cost of Goods Sold,Cleaning - 530103 - نظافة,530103,0.0
8024020 - مشروع الخدمات اللوجستية للعاملين في القطاع غير الربحي,Cost of Goods Sold,Cleaning - 530103 - نظافة,530103,0.0
8024030 - تمكين الجمعيات المتخصصة العاملة في القطاع غير الربحي,Cost of Goods Sold,Cleaning - 530103 - نظافة,530103,0.0
8024040 - تقديم الخدمات اللوجستية للتدريب في برنامج رائد,Cost of Goods Sold,Cleaning - 530103 - نظافة,530103,611.5
8025010 - مشروع العربة,Cost of Goods Sold,Cleaning - 530103 - نظافة,530103,0.0
8025020 - مشروع وزارة الرياضة,Cost of Goods Sold,Cleaning - 530103 - نظافة,530103,500.0
8025030 - تقديم 3000 ساعة عمل تطوعية لموظفين شركة الكهرباء,Cost of Goods Sold,Cleaning - 530103 - نظافة,530103,0.0
8025040 - مصنع الابتكار - اشوكا,Cost of Goods Sold,Cleaning - 530103 - نظافة,530103,0.0
8025050 - حصر الاحتياج التدريبي في منظومة الصحة,Cost of Goods Sold,Cleaning - 530103 - نظافة,530103,0.0
8025060 - مجموعات عمل التطوع التكافلي,Cost of Goods Sold,Cleaning - 530103 - نظافة,530103,0.0
8025070 - سفر الإفطار في الحرم المكي,Cost of Goods Sold,Cleaning - 530103 - نظافة,530103,0.0
8025080 - سوق الدار,Cost of Goods Sold,Cleaning - 530103 - نظافة,530103,0.0
8025090 - هاكاثون الوعي المعرفي,Cost of Goods Sold,Cleaning - 530103 - نظافة,530103,0.0
8025100 - مشروع منظومة عمل إدارة دراسات الحالة,Cost of Goods Sold,Cleaning - 530103 - نظافة,530103,0.0
8025110 - مشروع خارطة الاستثمار الاجتماعي في قطاع الشباب,Cost of Goods Sold,Cleaning - 530103 - نظافة,530103,0.0
8025120 - مشروع تقديم خدمات استشارية لأكاديمية الفوزان,Cost of Goods Sold,Cleaning - 530103 - نظافة,530103,0.0
8026010 - تأسيس وحدة الاستثمار الاجتماعي مع جمعية متلازمة النجاح,Cost of Goods Sold,Cleaning - 530103 - نظافة,530103,0.0
8026020 - التأهيل للتوظيف,Cost of Goods Sold,Cleaning - 530103 - نظافة,530103,0.0
8026030 - حاضنة أثر الطاقة الاجتماعية,Cost of Goods Sold,Cleaning - 530103 - نظافة,530103,0.0
Untagged,Cost of Goods Sold,Cleaning - 530103 - نظافة,530103,0.0
Overall,Cost of Goods Sold,Co-operators fees - 520103 - اتعاب متعاوني مشاريع,520103,1034848.18
8000010 - تسوية مراكز التكلفة تكامل,Cost of Goods Sold,Co-operators fees - 520103 - اتعاب متعاوني مشاريع,520103,98110.0
8000011 - المصاريف العمومية والادارية تكامل,Cost of Goods Sold,Co-operators fees - 520103 - اتعاب متعاوني مشاريع,520103,0.0
8000020 - مصاريف بيعية وتسويقية تكامل,Cost of Goods Sold,Co-operators fees - 520103 - اتعاب متعاوني مشاريع,520103,0.0
8000030 - تدريب وتطوير تكامل,Cost of Goods Sold,Co-operators fees - 520103 - اتعاب متعاوني مشاريع,520103,0.0
8000040 - مكتب ادارة المشاريع تكامل,Cost of Goods Sold,Co-operators fees - 520103 - اتعاب متعاوني مشاريع,520103,0.0
8000050 - الاتصال المؤسسي تكامل,Cost of Goods Sold,Co-operators fees - 520103 - اتعاب متعاوني مشاريع,520103,0.0
8000060 - منصة قياس الأثر,Cost of Goods Sold,Co-operators fees - 520103 - اتعاب متعاوني مشاريع,520103,0.0
8023010 - إنشاء مقار إدارة العمل التطوعي لخدمة ضيوف الرحمن,Cost of Goods Sold,Co-operators fees - 520103 - اتعاب متعاوني مشاريع,520103,0.0
8023020 - منهجية عمل تعزز البنية المؤسسية للمنظمات غير الربحية,Cost of Goods Sold,Co-operators fees - 520103 - اتعاب متعاوني مشاريع,520103,7875.0
8023030 - رفع الوعي الفني لدى منظمات القطاع غير الربحي,Cost of Goods Sold,Co-operators fees - 520103 - اتعاب متعاوني مشاريع,520103,25000.0
8024010 - مشروع تقديم خدمات تأسيس وتفعيل وحدات ومراكز العمل التطوعي,Cost of Goods Sold,Co-operators fees - 520103 - اتعاب متعاوني مشاريع,520103,243625.95
8024020 - مشروع الخدمات اللوجستية للعاملين في القطاع غير الربحي,Cost of Goods Sold,Co-operators fees - 520103 - اتعاب متعاوني مشاريع,520103,315236.0
8024030 - تمكين الجمعيات المتخصصة العاملة في القطاع غير الربحي,Cost of Goods Sold,Co-operators fees - 520103 - اتعاب متعاوني مشاريع,520103,0.0
8024040 - تقديم الخدمات اللوجستية للتدريب في برنامج رائد,Cost of Goods Sold,Co-operators fees - 520103 - اتعاب متعاوني مشاريع,520103,105828.0
8025010 - مشروع العربة,Cost of Goods Sold,Co-operators fees - 520103 - اتعاب متعاوني مشاريع,520103,14050.0
8025020 - مشروع وزارة الرياضة,Cost of Goods Sold,Co-operators fees - 520103 - اتعاب متعاوني مشاريع,520103,38595.35
8025030 - تقديم 3000 ساعة عمل تطوعية لموظفين شركة الكهرباء,Cost of Goods Sold,Co-operators fees - 520103 - اتعاب متعاوني مشاريع,520103,40500.0
8025040 - مصنع الابتكار - اشوكا,Cost of Goods Sold,Co-operators fees - 520103 - اتعاب متعاوني مشاريع,520103,28350.0
8025050 - حصر الاحتياج التدريبي في منظومة الصحة,Cost of Goods Sold,Co-operators fees - 520103 - اتعاب متعاوني مشاريع,520103,0.0
8025060 - مجموعات عمل التطوع التكافلي,Cost of Goods Sold,Co-operators fees - 520103 - اتعاب متعاوني مشاريع,520103,0.0
8025070 - سفر الإفطار في الحرم المكي,Cost of Goods Sold,Co-operators fees - 520103 - اتعاب متعاوني مشاريع,520103,3650.0
8025080 - سوق الدار,Cost of Goods Sold,Co-operators fees - 520103 - اتعاب متعاوني مشاريع,520103,24028.88
8025090 - هاكاثون الوعي المعرفي,Cost of Goods Sold,Co-operators fees - 520103 - اتعاب متعاوني مشاريع,520103,49999.0
8025100 - مشروع منظومة عمل إدارة دراسات الحالة,Cost of Goods Sold,Co-operators fees - 520103 - اتعاب متعاوني مشاريع,520103,0.0
8025110 - مشروع خارطة الاستثمار الاجتماعي في قطاع الشباب,Cost of Goods Sold,Co-operators fees - 520103 - اتعاب متعاوني مشاريع,520103,0.0
8025120 - مشروع تقديم خدمات استشارية لأكاديمية الفوزان,Cost of Goods Sold,Co-operators fees - 520103 - اتعاب متعاوني مشاريع,520103,40000.0
8026010 - تأسيس وحدة الاستثمار الاجتماعي مع جمعية متلازمة النجاح,Cost of Goods Sold,Co-operators fees - 520103 - اتعاب متعاوني مشاريع,520103,0.0
8026020 - التأهيل للتوظيف,Cost of Goods Sold,Co-operators fees - 520103 - اتعاب متعاوني مشاريع,520103,0.0
8026030 - حاضنة أثر الطاقة الاجتماعية,Cost of Goods Sold,Co-operators fees - 520103 - اتعاب متعاوني مشاريع,520103,0.0
Untagged,Cost of Goods Sold,Co-operators fees - 520103 - اتعاب متعاوني مشاريع,520103,0.0
Overall,Cost of Goods Sold,Co-operators perdiem - 520202 - انتدابات متعاونين,520202,2800.0
8000010 - تسوية مراكز التكلفة تكامل,Cost of Goods Sold,Co-operators perdiem - 520202 - انتدابات متعاونين,520202,0.0
8000011 - المصاريف العمومية والادارية تكامل,Cost of Goods Sold,Co-operators perdiem - 520202 - انتدابات متعاونين,520202,0.0
8000020 - مصاريف بيعية وتسويقية تكامل,Cost of Goods Sold,Co-operators perdiem - 520202 - انتدابات متعاونين,520202,0.0
8000030 - تدريب وتطوير تكامل,Cost of Goods Sold,Co-operators perdiem - 520202 - انتدابات متعاونين,520202,0.0
8000040 - مكتب ادارة المشاريع تكامل,Cost of Goods Sold,Co-operators perdiem - 520202 - انتدابات متعاونين,520202,0.0
8000050 - الاتصال المؤسسي تكامل,Cost of Goods Sold,Co-operators perdiem - 520202 - انتدابات متعاونين,520202,0.0
8000060 - منصة قياس الأثر,Cost of Goods Sold,Co-operators perdiem - 520202 - انتدابات متعاونين,520202,0.0
8023010 - إنشاء مقار إدارة العمل التطوعي لخدمة ضيوف الرحمن,Cost of Goods Sold,Co-operators perdiem - 520202 - انتدابات متعاونين,520202,0.0
8023020 - منهجية عمل تعزز البنية المؤسسية للمنظمات غير الربحية,Cost of Goods Sold,Co-operators perdiem - 520202 - انتدابات متعاونين,520202,0.0
8023030 - رفع الوعي الفني لدى منظمات القطاع غير الربحي,Cost of Goods Sold,Co-operators perdiem - 520202 - انتدابات متعاونين,520202,0.0
8024010 - مشروع تقديم خدمات تأسيس وتفعيل وحدات ومراكز العمل التطوعي,Cost of Goods Sold,Co-operators perdiem - 520202 - انتدابات متعاونين,520202,0.0
8024020 - مشروع الخدمات اللوجستية للعاملين في القطاع غير الربحي,Cost of Goods Sold,Co-operators perdiem - 520202 - انتدابات متعاونين,520202,0.0
8024030 - تمكين الجمعيات المتخصصة العاملة في القطاع غير الربحي,Cost of Goods Sold,Co-operators perdiem - 520202 - انتدابات متعاونين,520202,0.0
8024040 - تقديم الخدمات اللوجستية للتدريب في برنامج رائد,Cost of Goods Sold,Co-operators perdiem - 520202 - انتدابات متعاونين,520202,0.0
8025010 - مشروع العربة,Cost of Goods Sold,Co-operators perdiem - 520202 - انتدابات متعاونين,520202,0.0
8025020 - مشروع وزارة الرياضة,Cost of Goods Sold,Co-operators perdiem - 520202 - انتدابات متعاونين,520202,0.0
8025030 - تقديم 3000 ساعة عمل تطوعية لموظفين شركة الكهرباء,Cost of Goods Sold,Co-operators perdiem - 520202 - انتدابات متعاونين,520202,0.0
8025040 - مصنع الابتكار - اشوكا,Cost of Goods Sold,Co-operators perdiem - 520202 - انتدابات متعاونين,520202,2800.0
8025050 - حصر الاحتياج التدريبي في منظومة الصحة,Cost of Goods Sold,Co-operators perdiem - 520202 - انتدابات متعاونين,520202,0.0
8025060 - مجموعات عمل التطوع التكافلي,Cost of Goods Sold,Co-operators perdiem - 520202 - انتدابات متعاونين,520202,0.0
8025070 - سفر الإفطار في الحرم المكي,Cost of Goods Sold,Co-operators perdiem - 520202 - انتدابات متعاونين,520202,0.0
8025080 - سوق الدار,Cost of Goods Sold,Co-operators perdiem - 520202 - انتدابات متعاونين,520202,0.0
8025090 - هاكاثون الوعي المعرفي,Cost of Goods Sold,Co-operators perdiem - 520202 - انتدابات متعاونين,520202,0.0
8025100 - مشروع منظومة عمل إدارة دراسات الحالة,Cost of Goods Sold,Co-operators perdiem - 520202 - انتدابات متعاونين,520202,0.0
8025110 - مشروع خارطة الاستثمار الاجتماعي في قطاع الشباب,Cost of Goods Sold,Co-operators perdiem - 520202 - انتدابات متعاونين,520202,0.0
8025120 - مشروع تقديم خدمات استشارية لأكاديمية الفوزان,Cost of Goods Sold,Co-operators perdiem - 520202 - انتدابات متعاونين,520202,0.0
8026010 - تأسيس وحدة الاستثمار الاجتماعي مع جمعية متلازمة النجاح,Cost of Goods Sold,Co-operators perdiem - 520202 - انتدابات متعاونين,520202,0.0
8026020 - التأهيل للتوظيف,Cost of Goods Sold,Co-operators perdiem - 520202 - انتدابات متعاونين,520202,0.0
8026030 - حاضنة أثر الطاقة الاجتماعية,Cost of Goods Sold,Co-operators perdiem - 520202 - انتدابات متعاونين,520202,0.0
Untagged,Cost of Goods Sold,Co-operators perdiem - 520202 - انتدابات متعاونين,520202,0.0
Overall,Cost of Goods Sold,Co-operators tickets - 520302 - تذاكر متعاونين,520302,19244.0
8000010 - تسوية مراكز التكلفة تكامل,Cost of Goods Sold,Co-operators tickets - 520302 - تذاكر متعاونين,520302,0.0
8000011 - المصاريف العمومية والادارية تكامل,Cost of Goods Sold,Co-operators tickets - 520302 - تذاكر متعاونين,520302,0.0
8000020 - مصاريف بيعية وتسويقية تكامل,Cost of Goods Sold,Co-operators tickets - 520302 - تذاكر متعاونين,520302,0.0
8000030 - تدريب وتطوير تكامل,Cost of Goods Sold,Co-operators tickets - 520302 - تذاكر متعاونين,520302,0.0
8000040 - مكتب ادارة المشاريع تكامل,Cost of Goods Sold,Co-operators tickets - 520302 - تذاكر متعاونين,520302,0.0
8000050 - الاتصال المؤسسي تكامل,Cost of Goods Sold,Co-operators tickets - 520302 - تذاكر متعاونين,520302,0.0
8000060 - منصة قياس الأثر,Cost of Goods Sold,Co-operators tickets - 520302 - تذاكر متعاونين,520302,0.0
8023010 - إنشاء مقار إدارة العمل التطوعي لخدمة ضيوف الرحمن,Cost of Goods Sold,Co-operators tickets - 520302 - تذاكر متعاونين,520302,0.0
8023020 - منهجية عمل تعزز البنية المؤسسية للمنظمات غير الربحية,Cost of Goods Sold,Co-operators tickets - 520302 - تذاكر متعاونين,520302,0.0
8023030 - رفع الوعي الفني لدى منظمات القطاع غير الربحي,Cost of Goods Sold,Co-operators tickets - 520302 - تذاكر متعاونين,520302,0.0
8024010 - مشروع تقديم خدمات تأسيس وتفعيل وحدات ومراكز العمل التطوعي,Cost of Goods Sold,Co-operators tickets - 520302 - تذاكر متعاونين,520302,0.0
8024020 - مشروع الخدمات اللوجستية للعاملين في القطاع غير الربحي,Cost of Goods Sold,Co-operators tickets - 520302 - تذاكر متعاونين,520302,0.0
8024030 - تمكين الجمعيات المتخصصة العاملة في القطاع غير الربحي,Cost of Goods Sold,Co-operators tickets - 520302 - تذاكر متعاونين,520302,0.0
8024040 - تقديم الخدمات اللوجستية للتدريب في برنامج رائد,Cost of Goods Sold,Co-operators tickets - 520302 - تذاكر متعاونين,520302,0.0
8025010 - مشروع العربة,Cost of Goods Sold,Co-operators tickets - 520302 - تذاكر متعاونين,520302,0.0
8025020 - مشروع وزارة الرياضة,Cost of Goods Sold,Co-operators tickets - 520302 - تذاكر متعاونين,520302,19244.0
8025030 - تقديم 3000 ساعة عمل تطوعية لموظفين شركة الكهرباء,Cost of Goods Sold,Co-operators tickets - 520302 - تذاكر متعاونين,520302,0.0
8025040 - مصنع الابتكار - اشوكا,Cost of Goods Sold,Co-operators tickets - 520302 - تذاكر متعاونين,520302,0.0
8025050 - حصر الاحتياج التدريبي في منظومة الصحة,Cost of Goods Sold,Co-operators tickets - 520302 - تذاكر متعاونين,520302,0.0
8025060 - مجموعات عمل التطوع التكافلي,Cost of Goods Sold,Co-operators tickets - 520302 - تذاكر متعاونين,520302,0.0
8025070 - سفر الإفطار في الحرم المكي,Cost of Goods Sold,Co-operators tickets - 520302 - تذاكر متعاونين,520302,0.0
8025080 - سوق الدار,Cost of Goods Sold,Co-operators tickets - 520302 - تذاكر متعاونين,520302,0.0
8025090 - هاكاثون الوعي المعرفي,Cost of Goods Sold,Co-operators tickets - 520302 - تذاكر متعاونين,520302,0.0
8025100 - مشروع منظومة عمل إدارة دراسات الحالة,Cost of Goods Sold,Co-operators tickets - 520302 - تذاكر متعاونين,520302,0.0
8025110 - مشروع خارطة الاستثمار الاجتماعي في قطاع الشباب,Cost of Goods Sold,Co-operators tickets - 520302 - تذاكر متعاونين,520302,0.0
8025120 - مشروع تقديم خدمات استشارية لأكاديمية الفوزان,Cost of Goods Sold,Co-operators tickets - 520302 - تذاكر متعاونين,520302,0.0
8026010 - تأسيس وحدة الاستثمار الاجتماعي مع جمعية متلازمة النجاح,Cost of Goods Sold,Co-operators tickets - 520302 - تذاكر متعاونين,520302,0.0
8026020 - التأهيل للتوظيف,Cost of Goods Sold,Co-operators tickets - 520302 - تذاكر متعاونين,520302,0.0
8026030 - حاضنة أثر الطاقة الاجتماعية,Cost of Goods Sold,Co-operators tickets - 520302 - تذاكر متعاونين,520302,0.0
Untagged,Cost of Goods Sold,Co-operators tickets - 520302 - تذاكر متعاونين,520302,0.0
Overall,Cost of Goods Sold,Co-operators transportation - 520402 - مواصلات متعاونين,520402,8446.0
8000010 - تسوية مراكز التكلفة تكامل,Cost of Goods Sold,Co-operators transportation - 520402 - مواصلات متعاونين,520402,0.0
8000011 - المصاريف العمومية والادارية تكامل,Cost of Goods Sold,Co-operators transportation - 520402 - مواصلات متعاونين,520402,0.0
8000020 - مصاريف بيعية وتسويقية تكامل,Cost of Goods Sold,Co-operators transportation - 520402 - مواصلات متعاونين,520402,0.0
8000030 - تدريب وتطوير تكامل,Cost of Goods Sold,Co-operators transportation - 520402 - مواصلات متعاونين,520402,0.0
8000040 - مكتب ادارة المشاريع تكامل,Cost of Goods Sold,Co-operators transportation - 520402 - مواصلات متعاونين,520402,0.0
8000050 - الاتصال المؤسسي تكامل,Cost of Goods Sold,Co-operators transportation - 520402 - مواصلات متعاونين,520402,0.0
8000060 - منصة قياس الأثر,Cost of Goods Sold,Co-operators transportation - 520402 - مواصلات متعاونين,520402,0.0
8023010 - إنشاء مقار إدارة العمل التطوعي لخدمة ضيوف الرحمن,Cost of Goods Sold,Co-operators transportation - 520402 - مواصلات متعاونين,520402,0.0
8023020 - منهجية عمل تعزز البنية المؤسسية للمنظمات غير الربحية,Cost of Goods Sold,Co-operators transportation - 520402 - مواصلات متعاونين,520402,2495.0
8023030 - رفع الوعي الفني لدى منظمات القطاع غير الربحي,Cost of Goods Sold,Co-operators transportation - 520402 - مواصلات متعاونين,520402,0.0
8024010 - مشروع تقديم خدمات تأسيس وتفعيل وحدات ومراكز العمل التطوعي,Cost of Goods Sold,Co-operators transportation - 520402 - مواصلات متعاونين,520402,0.0
8024020 - مشروع الخدمات اللوجستية للعاملين في القطاع غير الربحي,Cost of Goods Sold,Co-operators transportation - 520402 - مواصلات متعاونين,520402,0.0
8024030 - تمكين الجمعيات المتخصصة العاملة في القطاع غير الربحي,Cost of Goods Sold,Co-operators transportation - 520402 - مواصلات متعاونين,520402,0.0
8024040 - تقديم الخدمات اللوجستية للتدريب في برنامج رائد,Cost of Goods Sold,Co-operators transportation - 520402 - مواصلات متعاونين,520402,5951.0
8025010 - مشروع العربة,Cost of Goods Sold,Co-operators transportation - 520402 - مواصلات متعاونين,520402,0.0
8025020 - مشروع وزارة الرياضة,Cost of Goods Sold,Co-operators transportation - 520402 - مواصلات متعاونين,520402,0.0
8025030 - تقديم 3000 ساعة عمل تطوعية لموظفين شركة الكهرباء,Cost of Goods Sold,Co-operators transportation - 520402 - مواصلات متعاونين,520402,0.0
8025040 - مصنع الابتكار - اشوكا,Cost of Goods Sold,Co-operators transportation - 520402 - مواصلات متعاونين,520402,0.0
8025050 - حصر الاحتياج التدريبي في منظومة الصحة,Cost of Goods Sold,Co-operators transportation - 520402 - مواصلات متعاونين,520402,0.0
8025060 - مجموعات عمل التطوع التكافلي,Cost of Goods Sold,Co-operators transportation - 520402 - مواصلات متعاونين,520402,0.0
8025070 - سفر الإفطار في الحرم المكي,Cost of Goods Sold,Co-operators transportation - 520402 - مواصلات متعاونين,520402,0.0
8025080 - سوق الدار,Cost of Goods Sold,Co-operators transportation - 520402 - مواصلات متعاونين,520402,0.0
8025090 - هاكاثون الوعي المعرفي,Cost of Goods Sold,Co-operators transportation - 520402 - مواصلات متعاونين,520402,0.0
8025100 - مشروع منظومة عمل إدارة دراسات الحالة,Cost of Goods Sold,Co-operators transportation - 520402 - مواصلات متعاونين,520402,0.0
8025110 - مشروع خارطة الاستثمار الاجتماعي في قطاع الشباب,Cost of Goods Sold,Co-operators transportation - 520402 - مواصلات متعاونين,520402,0.0
8025120 - مشروع تقديم خدمات استشارية لأكاديمية الفوزان,Cost of Goods Sold,Co-operators transportation - 520402 - مواصلات متعاونين,520402,0.0
8026010 - تأسيس وحدة الاستثمار الاجتماعي مع جمعية متلازمة النجاح,Cost of Goods Sold,Co-operators transportation - 520402 - مواصلات متعاونين,520402,0.0
8026020 - التأهيل للتوظيف,Cost of Goods Sold,Co-operators transportation - 520402 - مواصلات متعاونين,520402,0.0
8026030 - حاضنة أثر الطاقة الاجتماعية,Cost of Goods Sold,Co-operators transportation - 520402 - مواصلات متعاونين,520402,0.0
Untagged,Cost of Goods Sold,Co-operators transportation - 520402 - مواصلات متعاونين,520402,0.0
Overall,Cost of Goods Sold,coaches fees - 520111 - اتعاب مدربين,520111 ,141924.9
8000010 - تسوية مراكز التكلفة تكامل,Cost of Goods Sold,coaches fees - 520111 - اتعاب مدربين,520111 ,0.0
8000011 - المصاريف العمومية والادارية تكامل,Cost of Goods Sold,coaches fees - 520111 - اتعاب مدربين,520111 ,0.0
8000020 - مصاريف بيعية وتسويقية تكامل,Cost of Goods Sold,coaches fees - 520111 - اتعاب مدربين,520111 ,0.0
8000030 - تدريب وتطوير تكامل,Cost of Goods Sold,coaches fees - 520111 - اتعاب مدربين,520111 ,0.0
8000040 - مكتب ادارة المشاريع تكامل,Cost of Goods Sold,coaches fees - 520111 - اتعاب مدربين,520111 ,0.0
8000050 - الاتصال المؤسسي تكامل,Cost of Goods Sold,coaches fees - 520111 - اتعاب مدربين,520111 ,0.0
8000060 - منصة قياس الأثر,Cost of Goods Sold,coaches fees - 520111 - اتعاب مدربين,520111 ,0.0
8023010 - إنشاء مقار إدارة العمل التطوعي لخدمة ضيوف الرحمن,Cost of Goods Sold,coaches fees - 520111 - اتعاب مدربين,520111 ,0.0
8023020 - منهجية عمل تعزز البنية المؤسسية للمنظمات غير الربحية,Cost of Goods Sold,coaches fees - 520111 - اتعاب مدربين,520111 ,0.0
8023030 - رفع الوعي الفني لدى منظمات القطاع غير الربحي,Cost of Goods Sold,coaches fees - 520111 - اتعاب مدربين,520111 ,0.0
8024010 - مشروع تقديم خدمات تأسيس وتفعيل وحدات ومراكز العمل التطوعي,Cost of Goods Sold,coaches fees - 520111 - اتعاب مدربين,520111 ,2000.0
8024020 - مشروع الخدمات اللوجستية للعاملين في القطاع غير الربحي,Cost of Goods Sold,coaches fees - 520111 - اتعاب مدربين,520111 ,0.0
8024030 - تمكين الجمعيات المتخصصة العاملة في القطاع غير الربحي,Cost of Goods Sold,coaches fees - 520111 - اتعاب مدربين,520111 ,0.0
8024040 - تقديم الخدمات اللوجستية للتدريب في برنامج رائد,Cost of Goods Sold,coaches fees - 520111 - اتعاب مدربين,520111 ,139924.9
8025010 - مشروع العربة,Cost of Goods Sold,coaches fees - 520111 - اتعاب مدربين,520111 ,0.0
8025020 - مشروع وزارة الرياضة,Cost of Goods Sold,coaches fees - 520111 - اتعاب مدربين,520111 ,0.0
8025030 - تقديم 3000 ساعة عمل تطوعية لموظفين شركة الكهرباء,Cost of Goods Sold,coaches fees - 520111 - اتعاب مدربين,520111 ,0.0
8025040 - مصنع الابتكار - اشوكا,Cost of Goods Sold,coaches fees - 520111 - اتعاب مدربين,520111 ,0.0
8025050 - حصر الاحتياج التدريبي في منظومة الصحة,Cost of Goods Sold,coaches fees - 520111 - اتعاب مدربين,520111 ,0.0
8025060 - مجموعات عمل التطوع التكافلي,Cost of Goods Sold,coaches fees - 520111 - اتعاب مدربين,520111 ,0.0
8025070 - سفر الإفطار في الحرم المكي,Cost of Goods Sold,coaches fees - 520111 - اتعاب مدربين,520111 ,0.0
8025080 - سوق الدار,Cost of Goods Sold,coaches fees - 520111 - اتعاب مدربين,520111 ,0.0
8025090 - هاكاثون الوعي المعرفي,Cost of Goods Sold,coaches fees - 520111 - اتعاب مدربين,520111 ,0.0
8025100 - مشروع منظومة عمل إدارة دراسات الحالة,Cost of Goods Sold,coaches fees - 520111 - اتعاب مدربين,520111 ,0.0
8025110 - مشروع خارطة الاستثمار الاجتماعي في قطاع الشباب,Cost of Goods Sold,coaches fees - 520111 - اتعاب مدربين,520111 ,0.0
8025120 - مشروع تقديم خدمات استشارية لأكاديمية الفوزان,Cost of Goods Sold,coaches fees - 520111 - اتعاب مدربين,520111 ,0.0
8026010 - تأسيس وحدة الاستثمار الاجتماعي مع جمعية متلازمة النجاح,Cost of Goods Sold,coaches fees - 520111 - اتعاب مدربين,520111 ,0.0
8026020 - التأهيل للتوظيف,Cost of Goods Sold,coaches fees - 520111 - اتعاب مدربين,520111 ,0.0
8026030 - حاضنة أثر الطاقة الاجتماعية,Cost of Goods Sold,coaches fees - 520111 - اتعاب مدربين,520111 ,0.0
Untagged,Cost of Goods Sold,coaches fees - 520111 - اتعاب مدربين,520111 ,0.0
Overall,Cost of Goods Sold,Consultants fees - 520101 - اتعاب مستشارين,520101,865943.0
8000010 - تسوية مراكز التكلفة تكامل,Cost of Goods Sold,Consultants fees - 520101 - اتعاب مستشارين,520101,0.0
8000011 - المصاريف العمومية والادارية تكامل,Cost of Goods Sold,Consultants fees - 520101 - اتعاب مستشارين,520101,0.0
8000020 - مصاريف بيعية وتسويقية تكامل,Cost of Goods Sold,Consultants fees - 520101 - اتعاب مستشارين,520101,0.0
8000030 - تدريب وتطوير تكامل,Cost of Goods Sold,Consultants fees - 520101 - اتعاب مستشارين,520101,0.0
8000040 - مكتب ادارة المشاريع تكامل,Cost of Goods Sold,Consultants fees - 520101 - اتعاب مستشارين,520101,0.0
8000050 - الاتصال المؤسسي تكامل,Cost of Goods Sold,Consultants fees - 520101 - اتعاب مستشارين,520101,0.0
8000060 - منصة قياس الأثر,Cost of Goods Sold,Consultants fees - 520101 - اتعاب مستشارين,520101,0.0
8023010 - إنشاء مقار إدارة العمل التطوعي لخدمة ضيوف الرحمن,Cost of Goods Sold,Consultants fees - 520101 - اتعاب مستشارين,520101,0.0
8023020 - منهجية عمل تعزز البنية المؤسسية للمنظمات غير الربحية,Cost of Goods Sold,Consultants fees - 520101 - اتعاب مستشارين,520101,131424.0
8023030 - رفع الوعي الفني لدى منظمات القطاع غير الربحي,Cost of Goods Sold,Consultants fees - 520101 - اتعاب مستشارين,520101,0.0
8024010 - مشروع تقديم خدمات تأسيس وتفعيل وحدات ومراكز العمل التطوعي,Cost of Goods Sold,Consultants fees - 520101 - اتعاب مستشارين,520101,333000.0
8024020 - مشروع الخدمات اللوجستية للعاملين في القطاع غير الربحي,Cost of Goods Sold,Consultants fees - 520101 - اتعاب مستشارين,520101,20200.0
8024030 - تمكين الجمعيات المتخصصة العاملة في القطاع غير الربحي,Cost of Goods Sold,Consultants fees - 520101 - اتعاب مستشارين,520101,0.0
8024040 - تقديم الخدمات اللوجستية للتدريب في برنامج رائد,Cost of Goods Sold,Consultants fees - 520101 - اتعاب مستشارين,520101,331719.0
8025010 - مشروع العربة,Cost of Goods Sold,Consultants fees - 520101 - اتعاب مستشارين,520101,0.0
8025020 - مشروع وزارة الرياضة,Cost of Goods Sold,Consultants fees - 520101 - اتعاب مستشارين,520101,0.0
8025030 - تقديم 3000 ساعة عمل تطوعية لموظفين شركة الكهرباء,Cost of Goods Sold,Consultants fees - 520101 - اتعاب مستشارين,520101,0.0
8025040 - مصنع الابتكار - اشوكا,Cost of Goods Sold,Consultants fees - 520101 - اتعاب مستشارين,520101,0.0
8025050 - حصر الاحتياج التدريبي في منظومة الصحة,Cost of Goods Sold,Consultants fees - 520101 - اتعاب مستشارين,520101,0.0
8025060 - مجموعات عمل التطوع التكافلي,Cost of Goods Sold,Consultants fees - 520101 - اتعاب مستشارين,520101,4600.0
8025070 - سفر الإفطار في الحرم المكي,Cost of Goods Sold,Consultants fees - 520101 - اتعاب مستشارين,520101,45000.0
8025080 - سوق الدار,Cost of Goods Sold,Consultants fees - 520101 - اتعاب مستشارين,520101,0.0
8025090 - هاكاثون الوعي المعرفي,Cost of Goods Sold,Consultants fees - 520101 - اتعاب مستشارين,520101,0.0
8025100 - مشروع منظومة عمل إدارة دراسات الحالة,Cost of Goods Sold,Consultants fees - 520101 - اتعاب مستشارين,520101,0.0
8025110 - مشروع خارطة الاستثمار الاجتماعي في قطاع الشباب,Cost of Goods Sold,Consultants fees - 520101 - اتعاب مستشارين,520101,0.0
8025120 - مشروع تقديم خدمات استشارية لأكاديمية الفوزان,Cost of Goods Sold,Consultants fees - 520101 - اتعاب مستشارين,520101,0.0
8026010 - تأسيس وحدة الاستثمار الاجتماعي مع جمعية متلازمة النجاح,Cost of Goods Sold,Consultants fees - 520101 - اتعاب مستشارين,520101,0.0
8026020 - التأهيل للتوظيف,Cost of Goods Sold,Consultants fees - 520101 - اتعاب مستشارين,520101,0.0
8026030 - حاضنة أثر الطاقة الاجتماعية,Cost of Goods Sold,Consultants fees - 520101 - اتعاب مستشارين,520101,0.0
Untagged,Cost of Goods Sold,Consultants fees - 520101 - اتعاب مستشارين,520101,0.0
Overall,Cost of Goods Sold,Consultation fees - 520108 - اتعاب استشارات,520108,19836476.83
8000010 - تسوية مراكز التكلفة تكامل,Cost of Goods Sold,Consultation fees - 520108 - اتعاب استشارات,520108,139636.37
8000011 - المصاريف العمومية والادارية تكامل,Cost of Goods Sold,Consultation fees - 520108 - اتعاب استشارات,520108,0.0
8000020 - مصاريف بيعية وتسويقية تكامل,Cost of Goods Sold,Consultation fees - 520108 - اتعاب استشارات,520108,0.0
8000030 - تدريب وتطوير تكامل,Cost of Goods Sold,Consultation fees - 520108 - اتعاب استشارات,520108,0.0
8000040 - مكتب ادارة المشاريع تكامل,Cost of Goods Sold,Consultation fees - 520108 - اتعاب استشارات,520108,0.0
8000050 - الاتصال المؤسسي تكامل,Cost of Goods Sold,Consultation fees - 520108 - اتعاب استشارات,520108,0.0
8000060 - منصة قياس الأثر,Cost of Goods Sold,Consultation fees - 520108 - اتعاب استشارات,520108,0.0
8023010 - إنشاء مقار إدارة العمل التطوعي لخدمة ضيوف الرحمن,Cost of Goods Sold,Consultation fees - 520108 - اتعاب استشارات,520108,3782183.29
8023020 - منهجية عمل تعزز البنية المؤسسية للمنظمات غير الربحية,Cost of Goods Sold,Consultation fees - 520108 - اتعاب استشارات,520108,327722.5
8023030 - رفع الوعي الفني لدى منظمات القطاع غير الربحي,Cost of Goods Sold,Consultation fees - 520108 - اتعاب استشارات,520108,391304.78
8024010 - مشروع تقديم خدمات تأسيس وتفعيل وحدات ومراكز العمل التطوعي,Cost of Goods Sold,Consultation fees - 520108 - اتعاب استشارات,520108,118000.0
8024020 - مشروع الخدمات اللوجستية للعاملين في القطاع غير الربحي,Cost of Goods Sold,Consultation fees - 520108 - اتعاب استشارات,520108,430148.48
8024030 - تمكين الجمعيات المتخصصة العاملة في القطاع غير الربحي,Cost of Goods Sold,Consultation fees - 520108 - اتعاب استشارات,520108,6226439.13
8024040 - تقديم الخدمات اللوجستية للتدريب في برنامج رائد,Cost of Goods Sold,Consultation fees - 520108 - اتعاب استشارات,520108,4794.76
8025010 - مشروع العربة,Cost of Goods Sold,Consultation fees - 520108 - اتعاب استشارات,520108,1759993.14
8025020 - مشروع وزارة الرياضة,Cost of Goods Sold,Consultation fees - 520108 - اتعاب استشارات,520108,1191185.0
8025030 - تقديم 3000 ساعة عمل تطوعية لموظفين شركة الكهرباء,Cost of Goods Sold,Consultation fees - 520108 - اتعاب استشارات,520108,7056.02
8025040 - مصنع الابتكار - اشوكا,Cost of Goods Sold,Consultation fees - 520108 - اتعاب استشارات,520108,52554.78
8025050 - حصر الاحتياج التدريبي في منظومة الصحة,Cost of Goods Sold,Consultation fees - 520108 - اتعاب استشارات,520108,3309.79
8025060 - مجموعات عمل التطوع التكافلي,Cost of Goods Sold,Consultation fees - 520108 - اتعاب استشارات,520108,5385699.76
8025070 - سفر الإفطار في الحرم المكي,Cost of Goods Sold,Consultation fees - 520108 - اتعاب استشارات,520108,0.0
8025080 - سوق الدار,Cost of Goods Sold,Consultation fees - 520108 - اتعاب استشارات,520108,0.0
8025090 - هاكاثون الوعي المعرفي,Cost of Goods Sold,Consultation fees - 520108 - اتعاب استشارات,520108,0.0
8025100 - مشروع منظومة عمل إدارة دراسات الحالة,Cost of Goods Sold,Consultation fees - 520108 - اتعاب استشارات,520108,2237.26
8025110 - مشروع خارطة الاستثمار الاجتماعي في قطاع الشباب,Cost of Goods Sold,Consultation fees - 520108 - اتعاب استشارات,520108,3737.25
8025120 - مشروع تقديم خدمات استشارية لأكاديمية الفوزان,Cost of Goods Sold,Consultation fees - 520108 - اتعاب استشارات,520108,0.0
8026010 - تأسيس وحدة الاستثمار الاجتماعي مع جمعية متلازمة النجاح,Cost of Goods Sold,Consultation fees - 520108 - اتعاب استشارات,520108,4989.76
8026020 - التأهيل للتوظيف,Cost of Goods Sold,Consultation fees - 520108 - اتعاب استشارات,520108,495.0
8026030 - حاضنة أثر الطاقة الاجتماعية,Cost of Goods Sold,Consultation fees - 520108 - اتعاب استشارات,520108,4989.76
Untagged,Cost of Goods Sold,Consultation fees - 520108 - اتعاب استشارات,520108,0.0
Overall,Cost of Goods Sold,Employee perdeim - 520201 - انتدابات موظفين,520201,10646.0
8000010 - تسوية مراكز التكلفة تكامل,Cost of Goods Sold,Employee perdeim - 520201 - انتدابات موظفين,520201,0.0
8000011 - المصاريف العمومية والادارية تكامل,Cost of Goods Sold,Employee perdeim - 520201 - انتدابات موظفين,520201,0.0
8000020 - مصاريف بيعية وتسويقية تكامل,Cost of Goods Sold,Employee perdeim - 520201 - انتدابات موظفين,520201,0.0
8000030 - تدريب وتطوير تكامل,Cost of Goods Sold,Employee perdeim - 520201 - انتدابات موظفين,520201,0.0
8000040 - مكتب ادارة المشاريع تكامل,Cost of Goods Sold,Employee perdeim - 520201 - انتدابات موظفين,520201,0.0
8000050 - الاتصال المؤسسي تكامل,Cost of Goods Sold,Employee perdeim - 520201 - انتدابات موظفين,520201,0.0
8000060 - منصة قياس الأثر,Cost of Goods Sold,Employee perdeim - 520201 - انتدابات موظفين,520201,0.0
8023010 - إنشاء مقار إدارة العمل التطوعي لخدمة ضيوف الرحمن,Cost of Goods Sold,Employee perdeim - 520201 - انتدابات موظفين,520201,0.0
8023020 - منهجية عمل تعزز البنية المؤسسية للمنظمات غير الربحية,Cost of Goods Sold,Employee perdeim - 520201 - انتدابات موظفين,520201,0.0
8023030 - رفع الوعي الفني لدى منظمات القطاع غير الربحي,Cost of Goods Sold,Employee perdeim - 520201 - انتدابات موظفين,520201,0.0
8024010 - مشروع تقديم خدمات تأسيس وتفعيل وحدات ومراكز العمل التطوعي,Cost of Goods Sold,Employee perdeim - 520201 - انتدابات موظفين,520201,0.0
8024020 - مشروع الخدمات اللوجستية للعاملين في القطاع غير الربحي,Cost of Goods Sold,Employee perdeim - 520201 - انتدابات موظفين,520201,0.0
8024030 - تمكين الجمعيات المتخصصة العاملة في القطاع غير الربحي,Cost of Goods Sold,Employee perdeim - 520201 - انتدابات موظفين,520201,0.0
8024040 - تقديم الخدمات اللوجستية للتدريب في برنامج رائد,Cost of Goods Sold,Employee perdeim - 520201 - انتدابات موظفين,520201,0.0
8025010 - مشروع العربة,Cost of Goods Sold,Employee perdeim - 520201 - انتدابات موظفين,520201,0.0
8025020 - مشروع وزارة الرياضة,Cost of Goods Sold,Employee perdeim - 520201 - انتدابات موظفين,520201,0.0
8025030 - تقديم 3000 ساعة عمل تطوعية لموظفين شركة الكهرباء,Cost of Goods Sold,Employee perdeim - 520201 - انتدابات موظفين,520201,0.0
8025040 - مصنع الابتكار - اشوكا,Cost of Goods Sold,Employee perdeim - 520201 - انتدابات موظفين,520201,3896.0
8025050 - حصر الاحتياج التدريبي في منظومة الصحة,Cost of Goods Sold,Employee perdeim - 520201 - انتدابات موظفين,520201,0.0
8025060 - مجموعات عمل التطوع التكافلي,Cost of Goods Sold,Employee perdeim - 520201 - انتدابات موظفين,520201,6750.0
8025070 - سفر الإفطار في الحرم المكي,Cost of Goods Sold,Employee perdeim - 520201 - انتدابات موظفين,520201,0.0
8025080 - سوق الدار,Cost of Goods Sold,Employee perdeim - 520201 - انتدابات موظفين,520201,0.0
8025090 - هاكاثون الوعي المعرفي,Cost of Goods Sold,Employee perdeim - 520201 - انتدابات موظفين,520201,0.0
8025100 - مشروع منظومة عمل إدارة دراسات الحالة,Cost of Goods Sold,Employee perdeim - 520201 - انتدابات موظفين,520201,0.0
8025110 - مشروع خارطة الاستثمار الاجتماعي في قطاع الشباب,Cost of Goods Sold,Employee perdeim - 520201 - انتدابات موظفين,520201,0.0
8025120 - مشروع تقديم خدمات استشارية لأكاديمية الفوزان,Cost of Goods Sold,Employee perdeim - 520201 - انتدابات موظفين,520201,0.0
8026010 - تأسيس وحدة الاستثمار الاجتماعي مع جمعية متلازمة النجاح,Cost of Goods Sold,Employee perdeim - 520201 - انتدابات موظفين,520201,0.0
8026020 - التأهيل للتوظيف,Cost of Goods Sold,Employee perdeim - 520201 - انتدابات موظفين,520201,0.0
8026030 - حاضنة أثر الطاقة الاجتماعية,Cost of Goods Sold,Employee perdeim - 520201 - انتدابات موظفين,520201,0.0
Untagged,Cost of Goods Sold,Employee perdeim - 520201 - انتدابات موظفين,520201,0.0
Overall,Cost of Goods Sold,Employee tickets - 520301 - تذاكر موظفين,520301,11604.24
8000010 - تسوية مراكز التكلفة تكامل,Cost of Goods Sold,Employee tickets - 520301 - تذاكر موظفين,520301,0.0
8000011 - المصاريف العمومية والادارية تكامل,Cost of Goods Sold,Employee tickets - 520301 - تذاكر موظفين,520301,0.0
8000020 - مصاريف بيعية وتسويقية تكامل,Cost of Goods Sold,Employee tickets - 520301 - تذاكر موظفين,520301,0.0
8000030 - تدريب وتطوير تكامل,Cost of Goods Sold,Employee tickets - 520301 - تذاكر موظفين,520301,0.0
8000040 - مكتب ادارة المشاريع تكامل,Cost of Goods Sold,Employee tickets - 520301 - تذاكر موظفين,520301,0.0
8000050 - الاتصال المؤسسي تكامل,Cost of Goods Sold,Employee tickets - 520301 - تذاكر موظفين,520301,0.0
8000060 - منصة قياس الأثر,Cost of Goods Sold,Employee tickets - 520301 - تذاكر موظفين,520301,0.0
8023010 - إنشاء مقار إدارة العمل التطوعي لخدمة ضيوف الرحمن,Cost of Goods Sold,Employee tickets - 520301 - تذاكر موظفين,520301,0.0
8023020 - منهجية عمل تعزز البنية المؤسسية للمنظمات غير الربحية,Cost of Goods Sold,Employee tickets - 520301 - تذاكر موظفين,520301,0.0
8023030 - رفع الوعي الفني لدى منظمات القطاع غير الربحي,Cost of Goods Sold,Employee tickets - 520301 - تذاكر موظفين,520301,0.0
8024010 - مشروع تقديم خدمات تأسيس وتفعيل وحدات ومراكز العمل التطوعي,Cost of Goods Sold,Employee tickets - 520301 - تذاكر موظفين,520301,992.0
8024020 - مشروع الخدمات اللوجستية للعاملين في القطاع غير الربحي,Cost of Goods Sold,Employee tickets - 520301 - تذاكر موظفين,520301,0.0
8024030 - تمكين الجمعيات المتخصصة العاملة في القطاع غير الربحي,Cost of Goods Sold,Employee tickets - 520301 - تذاكر موظفين,520301,0.0
8024040 - تقديم الخدمات اللوجستية للتدريب في برنامج رائد,Cost of Goods Sold,Employee tickets - 520301 - تذاكر موظفين,520301,0.0
8025010 - مشروع العربة,Cost of Goods Sold,Employee tickets - 520301 - تذاكر موظفين,520301,0.0
8025020 - مشروع وزارة الرياضة,Cost of Goods Sold,Employee tickets - 520301 - تذاكر موظفين,520301,0.0
8025030 - تقديم 3000 ساعة عمل تطوعية لموظفين شركة الكهرباء,Cost of Goods Sold,Employee tickets - 520301 - تذاكر موظفين,520301,0.0
8025040 - مصنع الابتكار - اشوكا,Cost of Goods Sold,Employee tickets - 520301 - تذاكر موظفين,520301,569.0
8025050 - حصر الاحتياج التدريبي في منظومة الصحة,Cost of Goods Sold,Employee tickets - 520301 - تذاكر موظفين,520301,0.0
8025060 - مجموعات عمل التطوع التكافلي,Cost of Goods Sold,Employee tickets - 520301 - تذاكر موظفين,520301,1182.0
8025070 - سفر الإفطار في الحرم المكي,Cost of Goods Sold,Employee tickets - 520301 - تذاكر موظفين,520301,8861.24
8025080 - سوق الدار,Cost of Goods Sold,Employee tickets - 520301 - تذاكر موظفين,520301,0.0
8025090 - هاكاثون الوعي المعرفي,Cost of Goods Sold,Employee tickets - 520301 - تذاكر موظفين,520301,0.0
8025100 - مشروع منظومة عمل إدارة دراسات الحالة,Cost of Goods Sold,Employee tickets - 520301 - تذاكر موظفين,520301,0.0
8025110 - مشروع خارطة الاستثمار الاجتماعي في قطاع الشباب,Cost of Goods Sold,Employee tickets - 520301 - تذاكر موظفين,520301,0.0
8025120 - مشروع تقديم خدمات استشارية لأكاديمية الفوزان,Cost of Goods Sold,Employee tickets - 520301 - تذاكر موظفين,520301,0.0
8026010 - تأسيس وحدة الاستثمار الاجتماعي مع جمعية متلازمة النجاح,Cost of Goods Sold,Employee tickets - 520301 - تذاكر موظفين,520301,0.0
8026020 - التأهيل للتوظيف,Cost of Goods Sold,Employee tickets - 520301 - تذاكر موظفين,520301,0.0
8026030 - حاضنة أثر الطاقة الاجتماعية,Cost of Goods Sold,Employee tickets - 520301 - تذاكر موظفين,520301,0.0
Untagged,Cost of Goods Sold,Employee tickets - 520301 - تذاكر موظفين,520301,0.0
Overall,Cost of Goods Sold,Empoyees bonus - 530203 - مكافاة موظفين,530203,86661.6
8000010 - تسوية مراكز التكلفة تكامل,Cost of Goods Sold,Empoyees bonus - 530203 - مكافاة موظفين,530203,0.0
8000011 - المصاريف العمومية والادارية تكامل,Cost of Goods Sold,Empoyees bonus - 530203 - مكافاة موظفين,530203,0.0
8000020 - مصاريف بيعية وتسويقية تكامل,Cost of Goods Sold,Empoyees bonus - 530203 - مكافاة موظفين,530203,0.0
8000030 - تدريب وتطوير تكامل,Cost of Goods Sold,Empoyees bonus - 530203 - مكافاة موظفين,530203,0.0
8000040 - مكتب ادارة المشاريع تكامل,Cost of Goods Sold,Empoyees bonus - 530203 - مكافاة موظفين,530203,0.0
8000050 - الاتصال المؤسسي تكامل,Cost of Goods Sold,Empoyees bonus - 530203 - مكافاة موظفين,530203,0.0
8000060 - منصة قياس الأثر,Cost of Goods Sold,Empoyees bonus - 530203 - مكافاة موظفين,530203,0.0
8023010 - إنشاء مقار إدارة العمل التطوعي لخدمة ضيوف الرحمن,Cost of Goods Sold,Empoyees bonus - 530203 - مكافاة موظفين,530203,0.0
8023020 - منهجية عمل تعزز البنية المؤسسية للمنظمات غير الربحية,Cost of Goods Sold,Empoyees bonus - 530203 - مكافاة موظفين,530203,0.0
8023030 - رفع الوعي الفني لدى منظمات القطاع غير الربحي,Cost of Goods Sold,Empoyees bonus - 530203 - مكافاة موظفين,530203,0.0
8024010 - مشروع تقديم خدمات تأسيس وتفعيل وحدات ومراكز العمل التطوعي,Cost of Goods Sold,Empoyees bonus - 530203 - مكافاة موظفين,530203,0.0
8024020 - مشروع الخدمات اللوجستية للعاملين في القطاع غير الربحي,Cost of Goods Sold,Empoyees bonus - 530203 - مكافاة موظفين,530203,0.0
8024030 - تمكين الجمعيات المتخصصة العاملة في القطاع غير الربحي,Cost of Goods Sold,Empoyees bonus - 530203 - مكافاة موظفين,530203,0.0
8024040 - تقديم الخدمات اللوجستية للتدريب في برنامج رائد,Cost of Goods Sold,Empoyees bonus - 530203 - مكافاة موظفين,530203,0.0
8025010 - مشروع العربة,Cost of Goods Sold,Empoyees bonus - 530203 - مكافاة موظفين,530203,69661.6
8025020 - مشروع وزارة الرياضة,Cost of Goods Sold,Empoyees bonus - 530203 - مكافاة موظفين,530203,0.0
8025030 - تقديم 3000 ساعة عمل تطوعية لموظفين شركة الكهرباء,Cost of Goods Sold,Empoyees bonus - 530203 - مكافاة موظفين,530203,0.0
8025040 - مصنع الابتكار - اشوكا,Cost of Goods Sold,Empoyees bonus - 530203 - مكافاة موظفين,530203,0.0
8025050 - حصر الاحتياج التدريبي في منظومة الصحة,Cost of Goods Sold,Empoyees bonus - 530203 - مكافاة موظفين,530203,0.0
8025060 - مجموعات عمل التطوع التكافلي,Cost of Goods Sold,Empoyees bonus - 530203 - مكافاة موظفين,530203,0.0
8025070 - سفر الإفطار في الحرم المكي,Cost of Goods Sold,Empoyees bonus - 530203 - مكافاة موظفين,530203,0.0
8025080 - سوق الدار,Cost of Goods Sold,Empoyees bonus - 530203 - مكافاة موظفين,530203,17000.0
8025090 - هاكاثون الوعي المعرفي,Cost of Goods Sold,Empoyees bonus - 530203 - مكافاة موظفين,530203,0.0
8025100 - مشروع منظومة عمل إدارة دراسات الحالة,Cost of Goods Sold,Empoyees bonus - 530203 - مكافاة موظفين,530203,0.0
8025110 - مشروع خارطة الاستثمار الاجتماعي في قطاع الشباب,Cost of Goods Sold,Empoyees bonus - 530203 - مكافاة موظفين,530203,0.0
8025120 - مشروع تقديم خدمات استشارية لأكاديمية الفوزان,Cost of Goods Sold,Empoyees bonus - 530203 - مكافاة موظفين,530203,0.0
8026010 - تأسيس وحدة الاستثمار الاجتماعي مع جمعية متلازمة النجاح,Cost of Goods Sold,Empoyees bonus - 530203 - مكافاة موظفين,530203,0.0
8026020 - التأهيل للتوظيف,Cost of Goods Sold,Empoyees bonus - 530203 - مكافاة موظفين,530203,0.0
8026030 - حاضنة أثر الطاقة الاجتماعية,Cost of Goods Sold,Empoyees bonus - 530203 - مكافاة موظفين,530203,0.0
Untagged,Cost of Goods Sold,Empoyees bonus - 530203 - مكافاة موظفين,530203,0.0
Overall,Cost of Goods Sold,End of service benefits - 510105 - مكافاة نهاية الخدمة,510105,119313.9
8000010 - تسوية مراكز التكلفة تكامل,Cost of Goods Sold,End of service benefits - 510105 - مكافاة نهاية الخدمة,510105,119313.9
8000011 - المصاريف العمومية والادارية تكامل,Cost of Goods Sold,End of service benefits - 510105 - مكافاة نهاية الخدمة,510105,0.0
8000020 - مصاريف بيعية وتسويقية تكامل,Cost of Goods Sold,End of service benefits - 510105 - مكافاة نهاية الخدمة,510105,0.0
8000030 - تدريب وتطوير تكامل,Cost of Goods Sold,End of service benefits - 510105 - مكافاة نهاية الخدمة,510105,0.0
8000040 - مكتب ادارة المشاريع تكامل,Cost of Goods Sold,End of service benefits - 510105 - مكافاة نهاية الخدمة,510105,0.0
8000050 - الاتصال المؤسسي تكامل,Cost of Goods Sold,End of service benefits - 510105 - مكافاة نهاية الخدمة,510105,0.0
8000060 - منصة قياس الأثر,Cost of Goods Sold,End of service benefits - 510105 - مكافاة نهاية الخدمة,510105,0.0
8023010 - إنشاء مقار إدارة العمل التطوعي لخدمة ضيوف الرحمن,Cost of Goods Sold,End of service benefits - 510105 - مكافاة نهاية الخدمة,510105,0.0
8023020 - منهجية عمل تعزز البنية المؤسسية للمنظمات غير الربحية,Cost of Goods Sold,End of service benefits - 510105 - مكافاة نهاية الخدمة,510105,0.0
8023030 - رفع الوعي الفني لدى منظمات القطاع غير الربحي,Cost of Goods Sold,End of service benefits - 510105 - مكافاة نهاية الخدمة,510105,0.0
8024010 - مشروع تقديم خدمات تأسيس وتفعيل وحدات ومراكز العمل التطوعي,Cost of Goods Sold,End of service benefits - 510105 - مكافاة نهاية الخدمة,510105,0.0
8024020 - مشروع الخدمات اللوجستية للعاملين في القطاع غير الربحي,Cost of Goods Sold,End of service benefits - 510105 - مكافاة نهاية الخدمة,510105,0.0
8024030 - تمكين الجمعيات المتخصصة العاملة في القطاع غير الربحي,Cost of Goods Sold,End of service benefits - 510105 - مكافاة نهاية الخدمة,510105,0.0
8024040 - تقديم الخدمات اللوجستية للتدريب في برنامج رائد,Cost of Goods Sold,End of service benefits - 510105 - مكافاة نهاية الخدمة,510105,0.0
8025010 - مشروع العربة,Cost of Goods Sold,End of service benefits - 510105 - مكافاة نهاية الخدمة,510105,0.0
8025020 - مشروع وزارة الرياضة,Cost of Goods Sold,End of service benefits - 510105 - مكافاة نهاية الخدمة,510105,0.0
8025030 - تقديم 3000 ساعة عمل تطوعية لموظفين شركة الكهرباء,Cost of Goods Sold,End of service benefits - 510105 - مكافاة نهاية الخدمة,510105,0.0
8025040 - مصنع الابتكار - اشوكا,Cost of Goods Sold,End of service benefits - 510105 - مكافاة نهاية الخدمة,510105,0.0
8025050 - حصر الاحتياج التدريبي في منظومة الصحة,Cost of Goods Sold,End of service benefits - 510105 - مكافاة نهاية الخدمة,510105,0.0
8025060 - مجموعات عمل التطوع التكافلي,Cost of Goods Sold,End of service benefits - 510105 - مكافاة نهاية الخدمة,510105,0.0
8025070 - سفر الإفطار في الحرم المكي,Cost of Goods Sold,End of service benefits - 510105 - مكافاة نهاية الخدمة,510105,0.0
8025080 - سوق الدار,Cost of Goods Sold,End of service benefits - 510105 - مكافاة نهاية الخدمة,510105,0.0
8025090 - هاكاثون الوعي المعرفي,Cost of Goods Sold,End of service benefits - 510105 - مكافاة نهاية الخدمة,510105,0.0
8025100 - مشروع منظومة عمل إدارة دراسات الحالة,Cost of Goods Sold,End of service benefits - 510105 - مكافاة نهاية الخدمة,510105,0.0
8025110 - مشروع خارطة الاستثمار الاجتماعي في قطاع الشباب,Cost of Goods Sold,End of service benefits - 510105 - مكافاة نهاية الخدمة,510105,0.0
8025120 - مشروع تقديم خدمات استشارية لأكاديمية الفوزان,Cost of Goods Sold,End of service benefits - 510105 - مكافاة نهاية الخدمة,510105,0.0
8026010 - تأسيس وحدة الاستثمار الاجتماعي مع جمعية متلازمة النجاح,Cost of Goods Sold,End of service benefits - 510105 - مكافاة نهاية الخدمة,510105,0.0
8026020 - التأهيل للتوظيف,Cost of Goods Sold,End of service benefits - 510105 - مكافاة نهاية الخدمة,510105,0.0
8026030 - حاضنة أثر الطاقة الاجتماعية,Cost of Goods Sold,End of service benefits - 510105 - مكافاة نهاية الخدمة,510105,0.0
Untagged,Cost of Goods Sold,End of service benefits - 510105 - مكافاة نهاية الخدمة,510105,0.0
Overall,Cost of Goods Sold,Equipment and decorations for workshops and meetings - 520804 - تجهيزات وديكورات ورش عمل وملتقيات,520804,211941.38
8000010 - تسوية مراكز التكلفة تكامل,Cost of Goods Sold,Equipment and decorations for workshops and meetings - 520804 - تجهيزات وديكورات ورش عمل وملتقيات,520804,0.0
8000011 - المصاريف العمومية والادارية تكامل,Cost of Goods Sold,Equipment and decorations for workshops and meetings - 520804 - تجهيزات وديكورات ورش عمل وملتقيات,520804,0.0
8000020 - مصاريف بيعية وتسويقية تكامل,Cost of Goods Sold,Equipment and decorations for workshops and meetings - 520804 - تجهيزات وديكورات ورش عمل وملتقيات,520804,0.0
8000030 - تدريب وتطوير تكامل,Cost of Goods Sold,Equipment and decorations for workshops and meetings - 520804 - تجهيزات وديكورات ورش عمل وملتقيات,520804,0.0
8000040 - مكتب ادارة المشاريع تكامل,Cost of Goods Sold,Equipment and decorations for workshops and meetings - 520804 - تجهيزات وديكورات ورش عمل وملتقيات,520804,0.0
8000050 - الاتصال المؤسسي تكامل,Cost of Goods Sold,Equipment and decorations for workshops and meetings - 520804 - تجهيزات وديكورات ورش عمل وملتقيات,520804,0.0
8000060 - منصة قياس الأثر,Cost of Goods Sold,Equipment and decorations for workshops and meetings - 520804 - تجهيزات وديكورات ورش عمل وملتقيات,520804,0.0
8023010 - إنشاء مقار إدارة العمل التطوعي لخدمة ضيوف الرحمن,Cost of Goods Sold,Equipment and decorations for workshops and meetings - 520804 - تجهيزات وديكورات ورش عمل وملتقيات,520804,0.0
8023020 - منهجية عمل تعزز البنية المؤسسية للمنظمات غير الربحية,Cost of Goods Sold,Equipment and decorations for workshops and meetings - 520804 - تجهيزات وديكورات ورش عمل وملتقيات,520804,2060.48
8023030 - رفع الوعي الفني لدى منظمات القطاع غير الربحي,Cost of Goods Sold,Equipment and decorations for workshops and meetings - 520804 - تجهيزات وديكورات ورش عمل وملتقيات,520804,0.0
8024010 - مشروع تقديم خدمات تأسيس وتفعيل وحدات ومراكز العمل التطوعي,Cost of Goods Sold,Equipment and decorations for workshops and meetings - 520804 - تجهيزات وديكورات ورش عمل وملتقيات,520804,8709.75
8024020 - مشروع الخدمات اللوجستية للعاملين في القطاع غير الربحي,Cost of Goods Sold,Equipment and decorations for workshops and meetings - 520804 - تجهيزات وديكورات ورش عمل وملتقيات,520804,107474.35
8024030 - تمكين الجمعيات المتخصصة العاملة في القطاع غير الربحي,Cost of Goods Sold,Equipment and decorations for workshops and meetings - 520804 - تجهيزات وديكورات ورش عمل وملتقيات,520804,0.0
8024040 - تقديم الخدمات اللوجستية للتدريب في برنامج رائد,Cost of Goods Sold,Equipment and decorations for workshops and meetings - 520804 - تجهيزات وديكورات ورش عمل وملتقيات,520804,0.0
8025010 - مشروع العربة,Cost of Goods Sold,Equipment and decorations for workshops and meetings - 520804 - تجهيزات وديكورات ورش عمل وملتقيات,520804,6100.0
8025020 - مشروع وزارة الرياضة,Cost of Goods Sold,Equipment and decorations for workshops and meetings - 520804 - تجهيزات وديكورات ورش عمل وملتقيات,520804,76031.21
8025030 - تقديم 3000 ساعة عمل تطوعية لموظفين شركة الكهرباء,Cost of Goods Sold,Equipment and decorations for workshops and meetings - 520804 - تجهيزات وديكورات ورش عمل وملتقيات,520804,0.0
8025040 - مصنع الابتكار - اشوكا,Cost of Goods Sold,Equipment and decorations for workshops and meetings - 520804 - تجهيزات وديكورات ورش عمل وملتقيات,520804,11565.59
8025050 - حصر الاحتياج التدريبي في منظومة الصحة,Cost of Goods Sold,Equipment and decorations for workshops and meetings - 520804 - تجهيزات وديكورات ورش عمل وملتقيات,520804,0.0
8025060 - مجموعات عمل التطوع التكافلي,Cost of Goods Sold,Equipment and decorations for workshops and meetings - 520804 - تجهيزات وديكورات ورش عمل وملتقيات,520804,0.0
8025070 - سفر الإفطار في الحرم المكي,Cost of Goods Sold,Equipment and decorations for workshops and meetings - 520804 - تجهيزات وديكورات ورش عمل وملتقيات,520804,0.0
8025080 - سوق الدار,Cost of Goods Sold,Equipment and decorations for workshops and meetings - 520804 - تجهيزات وديكورات ورش عمل وملتقيات,520804,0.0
8025090 - هاكاثون الوعي المعرفي,Cost of Goods Sold,Equipment and decorations for workshops and meetings - 520804 - تجهيزات وديكورات ورش عمل وملتقيات,520804,0.0
8025100 - مشروع منظومة عمل إدارة دراسات الحالة,Cost of Goods Sold,Equipment and decorations for workshops and meetings - 520804 - تجهيزات وديكورات ورش عمل وملتقيات,520804,0.0
8025110 - مشروع خارطة الاستثمار الاجتماعي في قطاع الشباب,Cost of Goods Sold,Equipment and decorations for workshops and meetings - 520804 - تجهيزات وديكورات ورش عمل وملتقيات,520804,0.0
8025120 - مشروع تقديم خدمات استشارية لأكاديمية الفوزان,Cost of Goods Sold,Equipment and decorations for workshops and meetings - 520804 - تجهيزات وديكورات ورش عمل وملتقيات,520804,0.0
8026010 - تأسيس وحدة الاستثمار الاجتماعي مع جمعية متلازمة النجاح,Cost of Goods Sold,Equipment and decorations for workshops and meetings - 520804 - تجهيزات وديكورات ورش عمل وملتقيات,520804,0.0
8026020 - التأهيل للتوظيف,Cost of Goods Sold,Equipment and decorations for workshops and meetings - 520804 - تجهيزات وديكورات ورش عمل وملتقيات,520804,0.0
8026030 - حاضنة أثر الطاقة الاجتماعية,Cost of Goods Sold,Equipment and decorations for workshops and meetings - 520804 - تجهيزات وديكورات ورش عمل وملتقيات,520804,0.0
Untagged,Cost of Goods Sold,Equipment and decorations for workshops and meetings - 520804 - تجهيزات وديكورات ورش عمل وملتقيات,520804,0.0
Overall,Cost of Goods Sold,Event organizers fees - 520104 - اتعاب منظمي فعاليات,520104,41827.21
8000010 - تسوية مراكز التكلفة تكامل,Cost of Goods Sold,Event organizers fees - 520104 - اتعاب منظمي فعاليات,520104,0.0
8000011 - المصاريف العمومية والادارية تكامل,Cost of Goods Sold,Event organizers fees - 520104 - اتعاب منظمي فعاليات,520104,0.0
8000020 - مصاريف بيعية وتسويقية تكامل,Cost of Goods Sold,Event organizers fees - 520104 - اتعاب منظمي فعاليات,520104,0.0
8000030 - تدريب وتطوير تكامل,Cost of Goods Sold,Event organizers fees - 520104 - اتعاب منظمي فعاليات,520104,0.0
8000040 - مكتب ادارة المشاريع تكامل,Cost of Goods Sold,Event organizers fees - 520104 - اتعاب منظمي فعاليات,520104,0.0
8000050 - الاتصال المؤسسي تكامل,Cost of Goods Sold,Event organizers fees - 520104 - اتعاب منظمي فعاليات,520104,0.0
8000060 - منصة قياس الأثر,Cost of Goods Sold,Event organizers fees - 520104 - اتعاب منظمي فعاليات,520104,0.0
8023010 - إنشاء مقار إدارة العمل التطوعي لخدمة ضيوف الرحمن,Cost of Goods Sold,Event organizers fees - 520104 - اتعاب منظمي فعاليات,520104,0.0
8023020 - منهجية عمل تعزز البنية المؤسسية للمنظمات غير الربحية,Cost of Goods Sold,Event organizers fees - 520104 - اتعاب منظمي فعاليات,520104,0.0
8023030 - رفع الوعي الفني لدى منظمات القطاع غير الربحي,Cost of Goods Sold,Event organizers fees - 520104 - اتعاب منظمي فعاليات,520104,0.0
8024010 - مشروع تقديم خدمات تأسيس وتفعيل وحدات ومراكز العمل التطوعي,Cost of Goods Sold,Event organizers fees - 520104 - اتعاب منظمي فعاليات,520104,0.0
8024020 - مشروع الخدمات اللوجستية للعاملين في القطاع غير الربحي,Cost of Goods Sold,Event organizers fees - 520104 - اتعاب منظمي فعاليات,520104,0.0
8024030 - تمكين الجمعيات المتخصصة العاملة في القطاع غير الربحي,Cost of Goods Sold,Event organizers fees - 520104 - اتعاب منظمي فعاليات,520104,0.0
8024040 - تقديم الخدمات اللوجستية للتدريب في برنامج رائد,Cost of Goods Sold,Event organizers fees - 520104 - اتعاب منظمي فعاليات,520104,0.0
8025010 - مشروع العربة,Cost of Goods Sold,Event organizers fees - 520104 - اتعاب منظمي فعاليات,520104,0.0
8025020 - مشروع وزارة الرياضة,Cost of Goods Sold,Event organizers fees - 520104 - اتعاب منظمي فعاليات,520104,0.0
8025030 - تقديم 3000 ساعة عمل تطوعية لموظفين شركة الكهرباء,Cost of Goods Sold,Event organizers fees - 520104 - اتعاب منظمي فعاليات,520104,0.0
8025040 - مصنع الابتكار - اشوكا,Cost of Goods Sold,Event organizers fees - 520104 - اتعاب منظمي فعاليات,520104,0.0
8025050 - حصر الاحتياج التدريبي في منظومة الصحة,Cost of Goods Sold,Event organizers fees - 520104 - اتعاب منظمي فعاليات,520104,0.0
8025060 - مجموعات عمل التطوع التكافلي,Cost of Goods Sold,Event organizers fees - 520104 - اتعاب منظمي فعاليات,520104,0.0
8025070 - سفر الإفطار في الحرم المكي,Cost of Goods Sold,Event organizers fees - 520104 - اتعاب منظمي فعاليات,520104,0.0
8025080 - سوق الدار,Cost of Goods Sold,Event organizers fees - 520104 - اتعاب منظمي فعاليات,520104,41827.21
8025090 - هاكاثون الوعي المعرفي,Cost of Goods Sold,Event organizers fees - 520104 - اتعاب منظمي فعاليات,520104,0.0
8025100 - مشروع منظومة عمل إدارة دراسات الحالة,Cost of Goods Sold,Event organizers fees - 520104 - اتعاب منظمي فعاليات,520104,0.0
8025110 - مشروع خارطة الاستثمار الاجتماعي في قطاع الشباب,Cost of Goods Sold,Event organizers fees - 520104 - اتعاب منظمي فعاليات,520104,0.0
8025120 - مشروع تقديم خدمات استشارية لأكاديمية الفوزان,Cost of Goods Sold,Event organizers fees - 520104 - اتعاب منظمي فعاليات,520104,0.0
8026010 - تأسيس وحدة الاستثمار الاجتماعي مع جمعية متلازمة النجاح,Cost of Goods Sold,Event organizers fees - 520104 - اتعاب منظمي فعاليات,520104,0.0
8026020 - التأهيل للتوظيف,Cost of Goods Sold,Event organizers fees - 520104 - اتعاب منظمي فعاليات,520104,0.0
8026030 - حاضنة أثر الطاقة الاجتماعية,Cost of Goods Sold,Event organizers fees - 520104 - اتعاب منظمي فعاليات,520104,0.0
Untagged,Cost of Goods Sold,Event organizers fees - 520104 - اتعاب منظمي فعاليات,520104,0.0
Overall,Cost of Goods Sold,Facilitators fees - 520102 - اتعاب ميسرين,520102,112182.0
8000010 - تسوية مراكز التكلفة تكامل,Cost of Goods Sold,Facilitators fees - 520102 - اتعاب ميسرين,520102,0.0
8000011 - المصاريف العمومية والادارية تكامل,Cost of Goods Sold,Facilitators fees - 520102 - اتعاب ميسرين,520102,0.0
8000020 - مصاريف بيعية وتسويقية تكامل,Cost of Goods Sold,Facilitators fees - 520102 - اتعاب ميسرين,520102,0.0
8000030 - تدريب وتطوير تكامل,Cost of Goods Sold,Facilitators fees - 520102 - اتعاب ميسرين,520102,0.0
8000040 - مكتب ادارة المشاريع تكامل,Cost of Goods Sold,Facilitators fees - 520102 - اتعاب ميسرين,520102,0.0
8000050 - الاتصال المؤسسي تكامل,Cost of Goods Sold,Facilitators fees - 520102 - اتعاب ميسرين,520102,0.0
8000060 - منصة قياس الأثر,Cost of Goods Sold,Facilitators fees - 520102 - اتعاب ميسرين,520102,0.0
8023010 - إنشاء مقار إدارة العمل التطوعي لخدمة ضيوف الرحمن,Cost of Goods Sold,Facilitators fees - 520102 - اتعاب ميسرين,520102,0.0
8023020 - منهجية عمل تعزز البنية المؤسسية للمنظمات غير الربحية,Cost of Goods Sold,Facilitators fees - 520102 - اتعاب ميسرين,520102,0.0
8023030 - رفع الوعي الفني لدى منظمات القطاع غير الربحي,Cost of Goods Sold,Facilitators fees - 520102 - اتعاب ميسرين,520102,0.0
8024010 - مشروع تقديم خدمات تأسيس وتفعيل وحدات ومراكز العمل التطوعي,Cost of Goods Sold,Facilitators fees - 520102 - اتعاب ميسرين,520102,21894.0
8024020 - مشروع الخدمات اللوجستية للعاملين في القطاع غير الربحي,Cost of Goods Sold,Facilitators fees - 520102 - اتعاب ميسرين,520102,0.0
8024030 - تمكين الجمعيات المتخصصة العاملة في القطاع غير الربحي,Cost of Goods Sold,Facilitators fees - 520102 - اتعاب ميسرين,520102,0.0
8024040 - تقديم الخدمات اللوجستية للتدريب في برنامج رائد,Cost of Goods Sold,Facilitators fees - 520102 - اتعاب ميسرين,520102,75988.0
8025010 - مشروع العربة,Cost of Goods Sold,Facilitators fees - 520102 - اتعاب ميسرين,520102,0.0
8025020 - مشروع وزارة الرياضة,Cost of Goods Sold,Facilitators fees - 520102 - اتعاب ميسرين,520102,0.0
8025030 - تقديم 3000 ساعة عمل تطوعية لموظفين شركة الكهرباء,Cost of Goods Sold,Facilitators fees - 520102 - اتعاب ميسرين,520102,0.0
8025040 - مصنع الابتكار - اشوكا,Cost of Goods Sold,Facilitators fees - 520102 - اتعاب ميسرين,520102,3300.0
8025050 - حصر الاحتياج التدريبي في منظومة الصحة,Cost of Goods Sold,Facilitators fees - 520102 - اتعاب ميسرين,520102,0.0
8025060 - مجموعات عمل التطوع التكافلي,Cost of Goods Sold,Facilitators fees - 520102 - اتعاب ميسرين,520102,0.0
8025070 - سفر الإفطار في الحرم المكي,Cost of Goods Sold,Facilitators fees - 520102 - اتعاب ميسرين,520102,11000.0
8025080 - سوق الدار,Cost of Goods Sold,Facilitators fees - 520102 - اتعاب ميسرين,520102,0.0
8025090 - هاكاثون الوعي المعرفي,Cost of Goods Sold,Facilitators fees - 520102 - اتعاب ميسرين,520102,0.0
8025100 - مشروع منظومة عمل إدارة دراسات الحالة,Cost of Goods Sold,Facilitators fees - 520102 - اتعاب ميسرين,520102,0.0
8025110 - مشروع خارطة الاستثمار الاجتماعي في قطاع الشباب,Cost of Goods Sold,Facilitators fees - 520102 - اتعاب ميسرين,520102,0.0
8025120 - مشروع تقديم خدمات استشارية لأكاديمية الفوزان,Cost of Goods Sold,Facilitators fees - 520102 - اتعاب ميسرين,520102,0.0
8026010 - تأسيس وحدة الاستثمار الاجتماعي مع جمعية متلازمة النجاح,Cost of Goods Sold,Facilitators fees - 520102 - اتعاب ميسرين,520102,0.0
8026020 - التأهيل للتوظيف,Cost of Goods Sold,Facilitators fees - 520102 - اتعاب ميسرين,520102,0.0
8026030 - حاضنة أثر الطاقة الاجتماعية,Cost of Goods Sold,Facilitators fees - 520102 - اتعاب ميسرين,520102,0.0
Untagged,Cost of Goods Sold,Facilitators fees - 520102 - اتعاب ميسرين,520102,0.0
Overall,Cost of Goods Sold,Fees for building and operating electronic platforms - 520106 - أتعاب بناء وتشغيل منصات الكترونية,520106,3000.0
8000010 - تسوية مراكز التكلفة تكامل,Cost of Goods Sold,Fees for building and operating electronic platforms - 520106 - أتعاب بناء وتشغيل منصات الكترونية,520106,0.0
8000011 - المصاريف العمومية والادارية تكامل,Cost of Goods Sold,Fees for building and operating electronic platforms - 520106 - أتعاب بناء وتشغيل منصات الكترونية,520106,0.0
8000020 - مصاريف بيعية وتسويقية تكامل,Cost of Goods Sold,Fees for building and operating electronic platforms - 520106 - أتعاب بناء وتشغيل منصات الكترونية,520106,0.0
8000030 - تدريب وتطوير تكامل,Cost of Goods Sold,Fees for building and operating electronic platforms - 520106 - أتعاب بناء وتشغيل منصات الكترونية,520106,0.0
8000040 - مكتب ادارة المشاريع تكامل,Cost of Goods Sold,Fees for building and operating electronic platforms - 520106 - أتعاب بناء وتشغيل منصات الكترونية,520106,0.0
8000050 - الاتصال المؤسسي تكامل,Cost of Goods Sold,Fees for building and operating electronic platforms - 520106 - أتعاب بناء وتشغيل منصات الكترونية,520106,0.0
8000060 - منصة قياس الأثر,Cost of Goods Sold,Fees for building and operating electronic platforms - 520106 - أتعاب بناء وتشغيل منصات الكترونية,520106,0.0
8023010 - إنشاء مقار إدارة العمل التطوعي لخدمة ضيوف الرحمن,Cost of Goods Sold,Fees for building and operating electronic platforms - 520106 - أتعاب بناء وتشغيل منصات الكترونية,520106,0.0
8023020 - منهجية عمل تعزز البنية المؤسسية للمنظمات غير الربحية,Cost of Goods Sold,Fees for building and operating electronic platforms - 520106 - أتعاب بناء وتشغيل منصات الكترونية,520106,3000.0
8023030 - رفع الوعي الفني لدى منظمات القطاع غير الربحي,Cost of Goods Sold,Fees for building and operating electronic platforms - 520106 - أتعاب بناء وتشغيل منصات الكترونية,520106,0.0
8024010 - مشروع تقديم خدمات تأسيس وتفعيل وحدات ومراكز العمل التطوعي,Cost of Goods Sold,Fees for building and operating electronic platforms - 520106 - أتعاب بناء وتشغيل منصات الكترونية,520106,0.0
8024020 - مشروع الخدمات اللوجستية للعاملين في القطاع غير الربحي,Cost of Goods Sold,Fees for building and operating electronic platforms - 520106 - أتعاب بناء وتشغيل منصات الكترونية,520106,0.0
8024030 - تمكين الجمعيات المتخصصة العاملة في القطاع غير الربحي,Cost of Goods Sold,Fees for building and operating electronic platforms - 520106 - أتعاب بناء وتشغيل منصات الكترونية,520106,0.0
8024040 - تقديم الخدمات اللوجستية للتدريب في برنامج رائد,Cost of Goods Sold,Fees for building and operating electronic platforms - 520106 - أتعاب بناء وتشغيل منصات الكترونية,520106,0.0
8025010 - مشروع العربة,Cost of Goods Sold,Fees for building and operating electronic platforms - 520106 - أتعاب بناء وتشغيل منصات الكترونية,520106,0.0
8025020 - مشروع وزارة الرياضة,Cost of Goods Sold,Fees for building and operating electronic platforms - 520106 - أتعاب بناء وتشغيل منصات الكترونية,520106,0.0
8025030 - تقديم 3000 ساعة عمل تطوعية لموظفين شركة الكهرباء,Cost of Goods Sold,Fees for building and operating electronic platforms - 520106 - أتعاب بناء وتشغيل منصات الكترونية,520106,0.0
8025040 - مصنع الابتكار - اشوكا,Cost of Goods Sold,Fees for building and operating electronic platforms - 520106 - أتعاب بناء وتشغيل منصات الكترونية,520106,0.0
8025050 - حصر الاحتياج التدريبي في منظومة الصحة,Cost of Goods Sold,Fees for building and operating electronic platforms - 520106 - أتعاب بناء وتشغيل منصات الكترونية,520106,0.0
8025060 - مجموعات عمل التطوع التكافلي,Cost of Goods Sold,Fees for building and operating electronic platforms - 520106 - أتعاب بناء وتشغيل منصات الكترونية,520106,0.0
8025070 - سفر الإفطار في الحرم المكي,Cost of Goods Sold,Fees for building and operating electronic platforms - 520106 - أتعاب بناء وتشغيل منصات الكترونية,520106,0.0
8025080 - سوق الدار,Cost of Goods Sold,Fees for building and operating electronic platforms - 520106 - أتعاب بناء وتشغيل منصات الكترونية,520106,0.0
8025090 - هاكاثون الوعي المعرفي,Cost of Goods Sold,Fees for building and operating electronic platforms - 520106 - أتعاب بناء وتشغيل منصات الكترونية,520106,0.0
8025100 - مشروع منظومة عمل إدارة دراسات الحالة,Cost of Goods Sold,Fees for building and operating electronic platforms - 520106 - أتعاب بناء وتشغيل منصات الكترونية,520106,0.0
8025110 - مشروع خارطة الاستثمار الاجتماعي في قطاع الشباب,Cost of Goods Sold,Fees for building and operating electronic platforms - 520106 - أتعاب بناء وتشغيل منصات الكترونية,520106,0.0
8025120 - مشروع تقديم خدمات استشارية لأكاديمية الفوزان,Cost of Goods Sold,Fees for building and operating electronic platforms - 520106 - أتعاب بناء وتشغيل منصات الكترونية,520106,0.0
8026010 - تأسيس وحدة الاستثمار الاجتماعي مع جمعية متلازمة النجاح,Cost of Goods Sold,Fees for building and operating electronic platforms - 520106 - أتعاب بناء وتشغيل منصات الكترونية,520106,0.0
8026020 - التأهيل للتوظيف,Cost of Goods Sold,Fees for building and operating electronic platforms - 520106 - أتعاب بناء وتشغيل منصات الكترونية,520106,0.0
8026030 - حاضنة أثر الطاقة الاجتماعية,Cost of Goods Sold,Fees for building and operating electronic platforms - 520106 - أتعاب بناء وتشغيل منصات الكترونية,520106,0.0
Untagged,Cost of Goods Sold,Fees for building and operating electronic platforms - 520106 - أتعاب بناء وتشغيل منصات الكترونية,520106,0.0
Overall,Cost of Goods Sold,Fuel - 530104 - وقود ومحروقات,530104,571.0
8000010 - تسوية مراكز التكلفة تكامل,Cost of Goods Sold,Fuel - 530104 - وقود ومحروقات,530104,0.0
8000011 - المصاريف العمومية والادارية تكامل,Cost of Goods Sold,Fuel - 530104 - وقود ومحروقات,530104,0.0
8000020 - مصاريف بيعية وتسويقية تكامل,Cost of Goods Sold,Fuel - 530104 - وقود ومحروقات,530104,0.0
8000030 - تدريب وتطوير تكامل,Cost of Goods Sold,Fuel - 530104 - وقود ومحروقات,530104,0.0
8000040 - مكتب ادارة المشاريع تكامل,Cost of Goods Sold,Fuel - 530104 - وقود ومحروقات,530104,0.0
8000050 - الاتصال المؤسسي تكامل,Cost of Goods Sold,Fuel - 530104 - وقود ومحروقات,530104,0.0
8000060 - منصة قياس الأثر,Cost of Goods Sold,Fuel - 530104 - وقود ومحروقات,530104,0.0
8023010 - إنشاء مقار إدارة العمل التطوعي لخدمة ضيوف الرحمن,Cost of Goods Sold,Fuel - 530104 - وقود ومحروقات,530104,0.0
8023020 - منهجية عمل تعزز البنية المؤسسية للمنظمات غير الربحية,Cost of Goods Sold,Fuel - 530104 - وقود ومحروقات,530104,0.0
8023030 - رفع الوعي الفني لدى منظمات القطاع غير الربحي,Cost of Goods Sold,Fuel - 530104 - وقود ومحروقات,530104,0.0
8024010 - مشروع تقديم خدمات تأسيس وتفعيل وحدات ومراكز العمل التطوعي,Cost of Goods Sold,Fuel - 530104 - وقود ومحروقات,530104,0.0
8024020 - مشروع الخدمات اللوجستية للعاملين في القطاع غير الربحي,Cost of Goods Sold,Fuel - 530104 - وقود ومحروقات,530104,0.0
8024030 - تمكين الجمعيات المتخصصة العاملة في القطاع غير الربحي,Cost of Goods Sold,Fuel - 530104 - وقود ومحروقات,530104,0.0
8024040 - تقديم الخدمات اللوجستية للتدريب في برنامج رائد,Cost of Goods Sold,Fuel - 530104 - وقود ومحروقات,530104,263.0
8025010 - مشروع العربة,Cost of Goods Sold,Fuel - 530104 - وقود ومحروقات,530104,0.0
8025020 - مشروع وزارة الرياضة,Cost of Goods Sold,Fuel - 530104 - وقود ومحروقات,530104,88.0
8025030 - تقديم 3000 ساعة عمل تطوعية لموظفين شركة الكهرباء,Cost of Goods Sold,Fuel - 530104 - وقود ومحروقات,530104,0.0
8025040 - مصنع الابتكار - اشوكا,Cost of Goods Sold,Fuel - 530104 - وقود ومحروقات,530104,0.0
8025050 - حصر الاحتياج التدريبي في منظومة الصحة,Cost of Goods Sold,Fuel - 530104 - وقود ومحروقات,530104,0.0
8025060 - مجموعات عمل التطوع التكافلي,Cost of Goods Sold,Fuel - 530104 - وقود ومحروقات,530104,0.0
8025070 - سفر الإفطار في الحرم المكي,Cost of Goods Sold,Fuel - 530104 - وقود ومحروقات,530104,220.0
8025080 - سوق الدار,Cost of Goods Sold,Fuel - 530104 - وقود ومحروقات,530104,0.0
8025090 - هاكاثون الوعي المعرفي,Cost of Goods Sold,Fuel - 530104 - وقود ومحروقات,530104,0.0
8025100 - مشروع منظومة عمل إدارة دراسات الحالة,Cost of Goods Sold,Fuel - 530104 - وقود ومحروقات,530104,0.0
8025110 - مشروع خارطة الاستثمار الاجتماعي في قطاع الشباب,Cost of Goods Sold,Fuel - 530104 - وقود ومحروقات,530104,0.0
8025120 - مشروع تقديم خدمات استشارية لأكاديمية الفوزان,Cost of Goods Sold,Fuel - 530104 - وقود ومحروقات,530104,0.0
8026010 - تأسيس وحدة الاستثمار الاجتماعي مع جمعية متلازمة النجاح,Cost of Goods Sold,Fuel - 530104 - وقود ومحروقات,530104,0.0
8026020 - التأهيل للتوظيف,Cost of Goods Sold,Fuel - 530104 - وقود ومحروقات,530104,0.0
8026030 - حاضنة أثر الطاقة الاجتماعية,Cost of Goods Sold,Fuel - 530104 - وقود ومحروقات,530104,0.0
Untagged,Cost of Goods Sold,Fuel - 530104 - وقود ومحروقات,530104,0.0
Overall,Cost of Goods Sold,Furniture rental - 520701 - استئجار اثاث,520701,3258.26
8000010 - تسوية مراكز التكلفة تكامل,Cost of Goods Sold,Furniture rental - 520701 - استئجار اثاث,520701,0.0
8000011 - المصاريف العمومية والادارية تكامل,Cost of Goods Sold,Furniture rental - 520701 - استئجار اثاث,520701,0.0
8000020 - مصاريف بيعية وتسويقية تكامل,Cost of Goods Sold,Furniture rental - 520701 - استئجار اثاث,520701,0.0
8000030 - تدريب وتطوير تكامل,Cost of Goods Sold,Furniture rental - 520701 - استئجار اثاث,520701,0.0
8000040 - مكتب ادارة المشاريع تكامل,Cost of Goods Sold,Furniture rental - 520701 - استئجار اثاث,520701,0.0
8000050 - الاتصال المؤسسي تكامل,Cost of Goods Sold,Furniture rental - 520701 - استئجار اثاث,520701,0.0
8000060 - منصة قياس الأثر,Cost of Goods Sold,Furniture rental - 520701 - استئجار اثاث,520701,0.0
8023010 - إنشاء مقار إدارة العمل التطوعي لخدمة ضيوف الرحمن,Cost of Goods Sold,Furniture rental - 520701 - استئجار اثاث,520701,0.0
8023020 - منهجية عمل تعزز البنية المؤسسية للمنظمات غير الربحية,Cost of Goods Sold,Furniture rental - 520701 - استئجار اثاث,520701,0.0
8023030 - رفع الوعي الفني لدى منظمات القطاع غير الربحي,Cost of Goods Sold,Furniture rental - 520701 - استئجار اثاث,520701,0.0
8024010 - مشروع تقديم خدمات تأسيس وتفعيل وحدات ومراكز العمل التطوعي,Cost of Goods Sold,Furniture rental - 520701 - استئجار اثاث,520701,0.0
8024020 - مشروع الخدمات اللوجستية للعاملين في القطاع غير الربحي,Cost of Goods Sold,Furniture rental - 520701 - استئجار اثاث,520701,0.0
8024030 - تمكين الجمعيات المتخصصة العاملة في القطاع غير الربحي,Cost of Goods Sold,Furniture rental - 520701 - استئجار اثاث,520701,0.0
8024040 - تقديم الخدمات اللوجستية للتدريب في برنامج رائد,Cost of Goods Sold,Furniture rental - 520701 - استئجار اثاث,520701,2838.26
8025010 - مشروع العربة,Cost of Goods Sold,Furniture rental - 520701 - استئجار اثاث,520701,0.0
8025020 - مشروع وزارة الرياضة,Cost of Goods Sold,Furniture rental - 520701 - استئجار اثاث,520701,0.0
8025030 - تقديم 3000 ساعة عمل تطوعية لموظفين شركة الكهرباء,Cost of Goods Sold,Furniture rental - 520701 - استئجار اثاث,520701,0.0
8025040 - مصنع الابتكار - اشوكا,Cost of Goods Sold,Furniture rental - 520701 - استئجار اثاث,520701,0.0
8025050 - حصر الاحتياج التدريبي في منظومة الصحة,Cost of Goods Sold,Furniture rental - 520701 - استئجار اثاث,520701,0.0
8025060 - مجموعات عمل التطوع التكافلي,Cost of Goods Sold,Furniture rental - 520701 - استئجار اثاث,520701,0.0
8025070 - سفر الإفطار في الحرم المكي,Cost of Goods Sold,Furniture rental - 520701 - استئجار اثاث,520701,420.0
8025080 - سوق الدار,Cost of Goods Sold,Furniture rental - 520701 - استئجار اثاث,520701,0.0
8025090 - هاكاثون الوعي المعرفي,Cost of Goods Sold,Furniture rental - 520701 - استئجار اثاث,520701,0.0
8025100 - مشروع منظومة عمل إدارة دراسات الحالة,Cost of Goods Sold,Furniture rental - 520701 - استئجار اثاث,520701,0.0
8025110 - مشروع خارطة الاستثمار الاجتماعي في قطاع الشباب,Cost of Goods Sold,Furniture rental - 520701 - استئجار اثاث,520701,0.0
8025120 - مشروع تقديم خدمات استشارية لأكاديمية الفوزان,Cost of Goods Sold,Furniture rental - 520701 - استئجار اثاث,520701,0.0
8026010 - تأسيس وحدة الاستثمار الاجتماعي مع جمعية متلازمة النجاح,Cost of Goods Sold,Furniture rental - 520701 - استئجار اثاث,520701,0.0
8026020 - التأهيل للتوظيف,Cost of Goods Sold,Furniture rental - 520701 - استئجار اثاث,520701,0.0
8026030 - حاضنة أثر الطاقة الاجتماعية,Cost of Goods Sold,Furniture rental - 520701 - استئجار اثاث,520701,0.0
Untagged,Cost of Goods Sold,Furniture rental - 520701 - استئجار اثاث,520701,0.0
Overall,Cost of Goods Sold,Games for workshops and meetings - 520802 - العاب ورش عمل وملتقيات,520802,125250.0
8000010 - تسوية مراكز التكلفة تكامل,Cost of Goods Sold,Games for workshops and meetings - 520802 - العاب ورش عمل وملتقيات,520802,0.0
8000011 - المصاريف العمومية والادارية تكامل,Cost of Goods Sold,Games for workshops and meetings - 520802 - العاب ورش عمل وملتقيات,520802,0.0
8000020 - مصاريف بيعية وتسويقية تكامل,Cost of Goods Sold,Games for workshops and meetings - 520802 - العاب ورش عمل وملتقيات,520802,0.0
8000030 - تدريب وتطوير تكامل,Cost of Goods Sold,Games for workshops and meetings - 520802 - العاب ورش عمل وملتقيات,520802,0.0
8000040 - مكتب ادارة المشاريع تكامل,Cost of Goods Sold,Games for workshops and meetings - 520802 - العاب ورش عمل وملتقيات,520802,0.0
8000050 - الاتصال المؤسسي تكامل,Cost of Goods Sold,Games for workshops and meetings - 520802 - العاب ورش عمل وملتقيات,520802,0.0
8000060 - منصة قياس الأثر,Cost of Goods Sold,Games for workshops and meetings - 520802 - العاب ورش عمل وملتقيات,520802,0.0
8023010 - إنشاء مقار إدارة العمل التطوعي لخدمة ضيوف الرحمن,Cost of Goods Sold,Games for workshops and meetings - 520802 - العاب ورش عمل وملتقيات,520802,0.0
8023020 - منهجية عمل تعزز البنية المؤسسية للمنظمات غير الربحية,Cost of Goods Sold,Games for workshops and meetings - 520802 - العاب ورش عمل وملتقيات,520802,0.0
8023030 - رفع الوعي الفني لدى منظمات القطاع غير الربحي,Cost of Goods Sold,Games for workshops and meetings - 520802 - العاب ورش عمل وملتقيات,520802,0.0
8024010 - مشروع تقديم خدمات تأسيس وتفعيل وحدات ومراكز العمل التطوعي,Cost of Goods Sold,Games for workshops and meetings - 520802 - العاب ورش عمل وملتقيات,520802,0.0
8024020 - مشروع الخدمات اللوجستية للعاملين في القطاع غير الربحي,Cost of Goods Sold,Games for workshops and meetings - 520802 - العاب ورش عمل وملتقيات,520802,0.0
8024030 - تمكين الجمعيات المتخصصة العاملة في القطاع غير الربحي,Cost of Goods Sold,Games for workshops and meetings - 520802 - العاب ورش عمل وملتقيات,520802,0.0
8024040 - تقديم الخدمات اللوجستية للتدريب في برنامج رائد,Cost of Goods Sold,Games for workshops and meetings - 520802 - العاب ورش عمل وملتقيات,520802,125250.0
8025010 - مشروع العربة,Cost of Goods Sold,Games for workshops and meetings - 520802 - العاب ورش عمل وملتقيات,520802,0.0
8025020 - مشروع وزارة الرياضة,Cost of Goods Sold,Games for workshops and meetings - 520802 - العاب ورش عمل وملتقيات,520802,0.0
8025030 - تقديم 3000 ساعة عمل تطوعية لموظفين شركة الكهرباء,Cost of Goods Sold,Games for workshops and meetings - 520802 - العاب ورش عمل وملتقيات,520802,0.0
8025040 - مصنع الابتكار - اشوكا,Cost of Goods Sold,Games for workshops and meetings - 520802 - العاب ورش عمل وملتقيات,520802,0.0
8025050 - حصر الاحتياج التدريبي في منظومة الصحة,Cost of Goods Sold,Games for workshops and meetings - 520802 - العاب ورش عمل وملتقيات,520802,0.0
8025060 - مجموعات عمل التطوع التكافلي,Cost of Goods Sold,Games for workshops and meetings - 520802 - العاب ورش عمل وملتقيات,520802,0.0
8025070 - سفر الإفطار في الحرم المكي,Cost of Goods Sold,Games for workshops and meetings - 520802 - العاب ورش عمل وملتقيات,520802,0.0
8025080 - سوق الدار,Cost of Goods Sold,Games for workshops and meetings - 520802 - العاب ورش عمل وملتقيات,520802,0.0
8025090 - هاكاثون الوعي المعرفي,Cost of Goods Sold,Games for workshops and meetings - 520802 - العاب ورش عمل وملتقيات,520802,0.0
8025100 - مشروع منظومة عمل إدارة دراسات الحالة,Cost of Goods Sold,Games for workshops and meetings - 520802 - العاب ورش عمل وملتقيات,520802,0.0
8025110 - مشروع خارطة الاستثمار الاجتماعي في قطاع الشباب,Cost of Goods Sold,Games for workshops and meetings - 520802 - العاب ورش عمل وملتقيات,520802,0.0
8025120 - مشروع تقديم خدمات استشارية لأكاديمية الفوزان,Cost of Goods Sold,Games for workshops and meetings - 520802 - العاب ورش عمل وملتقيات,520802,0.0
8026010 - تأسيس وحدة الاستثمار الاجتماعي مع جمعية متلازمة النجاح,Cost of Goods Sold,Games for workshops and meetings - 520802 - العاب ورش عمل وملتقيات,520802,0.0
8026020 - التأهيل للتوظيف,Cost of Goods Sold,Games for workshops and meetings - 520802 - العاب ورش عمل وملتقيات,520802,0.0
8026030 - حاضنة أثر الطاقة الاجتماعية,Cost of Goods Sold,Games for workshops and meetings - 520802 - العاب ورش عمل وملتقيات,520802,0.0
Untagged,Cost of Goods Sold,Games for workshops and meetings - 520802 - العاب ورش عمل وملتقيات,520802,0.0
Overall,Cost of Goods Sold,Gifts - 521203 - هدايا,521203,198953.8
8000010 - تسوية مراكز التكلفة تكامل,Cost of Goods Sold,Gifts - 521203 - هدايا,521203,0.0
8000011 - المصاريف العمومية والادارية تكامل,Cost of Goods Sold,Gifts - 521203 - هدايا,521203,0.0
8000020 - مصاريف بيعية وتسويقية تكامل,Cost of Goods Sold,Gifts - 521203 - هدايا,521203,0.0
8000030 - تدريب وتطوير تكامل,Cost of Goods Sold,Gifts - 521203 - هدايا,521203,0.0
8000040 - مكتب ادارة المشاريع تكامل,Cost of Goods Sold,Gifts - 521203 - هدايا,521203,0.0
8000050 - الاتصال المؤسسي تكامل,Cost of Goods Sold,Gifts - 521203 - هدايا,521203,0.0
8000060 - منصة قياس الأثر,Cost of Goods Sold,Gifts - 521203 - هدايا,521203,0.0
8023010 - إنشاء مقار إدارة العمل التطوعي لخدمة ضيوف الرحمن,Cost of Goods Sold,Gifts - 521203 - هدايا,521203,0.0
8023020 - منهجية عمل تعزز البنية المؤسسية للمنظمات غير الربحية,Cost of Goods Sold,Gifts - 521203 - هدايا,521203,0.0
8023030 - رفع الوعي الفني لدى منظمات القطاع غير الربحي,Cost of Goods Sold,Gifts - 521203 - هدايا,521203,0.0
8024010 - مشروع تقديم خدمات تأسيس وتفعيل وحدات ومراكز العمل التطوعي,Cost of Goods Sold,Gifts - 521203 - هدايا,521203,2152.0
8024020 - مشروع الخدمات اللوجستية للعاملين في القطاع غير الربحي,Cost of Goods Sold,Gifts - 521203 - هدايا,521203,899.0
8024030 - تمكين الجمعيات المتخصصة العاملة في القطاع غير الربحي,Cost of Goods Sold,Gifts - 521203 - هدايا,521203,0.0
8024040 - تقديم الخدمات اللوجستية للتدريب في برنامج رائد,Cost of Goods Sold,Gifts - 521203 - هدايا,521203,5285.4
8025010 - مشروع العربة,Cost of Goods Sold,Gifts - 521203 - هدايا,521203,0.0
8025020 - مشروع وزارة الرياضة,Cost of Goods Sold,Gifts - 521203 - هدايا,521203,183417.4
8025030 - تقديم 3000 ساعة عمل تطوعية لموظفين شركة الكهرباء,Cost of Goods Sold,Gifts - 521203 - هدايا,521203,0.0
8025040 - مصنع الابتكار - اشوكا,Cost of Goods Sold,Gifts - 521203 - هدايا,521203,0.0
8025050 - حصر الاحتياج التدريبي في منظومة الصحة,Cost of Goods Sold,Gifts - 521203 - هدايا,521203,0.0
8025060 - مجموعات عمل التطوع التكافلي,Cost of Goods Sold,Gifts - 521203 - هدايا,521203,0.0
8025070 - سفر الإفطار في الحرم المكي,Cost of Goods Sold,Gifts - 521203 - هدايا,521203,7200.0
8025080 - سوق الدار,Cost of Goods Sold,Gifts - 521203 - هدايا,521203,0.0
8025090 - هاكاثون الوعي المعرفي,Cost of Goods Sold,Gifts - 521203 - هدايا,521203,0.0
8025100 - مشروع منظومة عمل إدارة دراسات الحالة,Cost of Goods Sold,Gifts - 521203 - هدايا,521203,0.0
8025110 - مشروع خارطة الاستثمار الاجتماعي في قطاع الشباب,Cost of Goods Sold,Gifts - 521203 - هدايا,521203,0.0
8025120 - مشروع تقديم خدمات استشارية لأكاديمية الفوزان,Cost of Goods Sold,Gifts - 521203 - هدايا,521203,0.0
8026010 - تأسيس وحدة الاستثمار الاجتماعي مع جمعية متلازمة النجاح,Cost of Goods Sold,Gifts - 521203 - هدايا,521203,0.0
8026020 - التأهيل للتوظيف,Cost of Goods Sold,Gifts - 521203 - هدايا,521203,0.0
8026030 - حاضنة أثر الطاقة الاجتماعية,Cost of Goods Sold,Gifts - 521203 - هدايا,521203,0.0
Untagged,Cost of Goods Sold,Gifts - 521203 - هدايا,521203,0.0
Overall,Cost of Goods Sold,GOSI - 510103 - التأمينات الاجتماعية,510103,194210.44
8000010 - تسوية مراكز التكلفة تكامل,Cost of Goods Sold,GOSI - 510103 - التأمينات الاجتماعية,510103,194210.44
8000011 - المصاريف العمومية والادارية تكامل,Cost of Goods Sold,GOSI - 510103 - التأمينات الاجتماعية,510103,0.0
8000020 - مصاريف بيعية وتسويقية تكامل,Cost of Goods Sold,GOSI - 510103 - التأمينات الاجتماعية,510103,0.0
8000030 - تدريب وتطوير تكامل,Cost of Goods Sold,GOSI - 510103 - التأمينات الاجتماعية,510103,0.0
8000040 - مكتب ادارة المشاريع تكامل,Cost of Goods Sold,GOSI - 510103 - التأمينات الاجتماعية,510103,0.0
8000050 - الاتصال المؤسسي تكامل,Cost of Goods Sold,GOSI - 510103 - التأمينات الاجتماعية,510103,0.0
8000060 - منصة قياس الأثر,Cost of Goods Sold,GOSI - 510103 - التأمينات الاجتماعية,510103,0.0
8023010 - إنشاء مقار إدارة العمل التطوعي لخدمة ضيوف الرحمن,Cost of Goods Sold,GOSI - 510103 - التأمينات الاجتماعية,510103,0.0
8023020 - منهجية عمل تعزز البنية المؤسسية للمنظمات غير الربحية,Cost of Goods Sold,GOSI - 510103 - التأمينات الاجتماعية,510103,0.0
8023030 - رفع الوعي الفني لدى منظمات القطاع غير الربحي,Cost of Goods Sold,GOSI - 510103 - التأمينات الاجتماعية,510103,0.0
8024010 - مشروع تقديم خدمات تأسيس وتفعيل وحدات ومراكز العمل التطوعي,Cost of Goods Sold,GOSI - 510103 - التأمينات الاجتماعية,510103,0.0
8024020 - مشروع الخدمات اللوجستية للعاملين في القطاع غير الربحي,Cost of Goods Sold,GOSI - 510103 - التأمينات الاجتماعية,510103,0.0
8024030 - تمكين الجمعيات المتخصصة العاملة في القطاع غير الربحي,Cost of Goods Sold,GOSI - 510103 - التأمينات الاجتماعية,510103,0.0
8024040 - تقديم الخدمات اللوجستية للتدريب في برنامج رائد,Cost of Goods Sold,GOSI - 510103 - التأمينات الاجتماعية,510103,0.0
8025010 - مشروع العربة,Cost of Goods Sold,GOSI - 510103 - التأمينات الاجتماعية,510103,0.0
8025020 - مشروع وزارة الرياضة,Cost of Goods Sold,GOSI - 510103 - التأمينات الاجتماعية,510103,0.0
8025030 - تقديم 3000 ساعة عمل تطوعية لموظفين شركة الكهرباء,Cost of Goods Sold,GOSI - 510103 - التأمينات الاجتماعية,510103,0.0
8025040 - مصنع الابتكار - اشوكا,Cost of Goods Sold,GOSI - 510103 - التأمينات الاجتماعية,510103,0.0
8025050 - حصر الاحتياج التدريبي في منظومة الصحة,Cost of Goods Sold,GOSI - 510103 - التأمينات الاجتماعية,510103,0.0
8025060 - مجموعات عمل التطوع التكافلي,Cost of Goods Sold,GOSI - 510103 - التأمينات الاجتماعية,510103,0.0
8025070 - سفر الإفطار في الحرم المكي,Cost of Goods Sold,GOSI - 510103 - التأمينات الاجتماعية,510103,0.0
8025080 - سوق الدار,Cost of Goods Sold,GOSI - 510103 - التأمينات الاجتماعية,510103,0.0
8025090 - هاكاثون الوعي المعرفي,Cost of Goods Sold,GOSI - 510103 - التأمينات الاجتماعية,510103,0.0
8025100 - مشروع منظومة عمل إدارة دراسات الحالة,Cost of Goods Sold,GOSI - 510103 - التأمينات الاجتماعية,510103,0.0
8025110 - مشروع خارطة الاستثمار الاجتماعي في قطاع الشباب,Cost of Goods Sold,GOSI - 510103 - التأمينات الاجتماعية,510103,0.0
8025120 - مشروع تقديم خدمات استشارية لأكاديمية الفوزان,Cost of Goods Sold,GOSI - 510103 - التأمينات الاجتماعية,510103,0.0
8026010 - تأسيس وحدة الاستثمار الاجتماعي مع جمعية متلازمة النجاح,Cost of Goods Sold,GOSI - 510103 - التأمينات الاجتماعية,510103,0.0
8026020 - التأهيل للتوظيف,Cost of Goods Sold,GOSI - 510103 - التأمينات الاجتماعية,510103,0.0
8026030 - حاضنة أثر الطاقة الاجتماعية,Cost of Goods Sold,GOSI - 510103 - التأمينات الاجتماعية,510103,0.0
Untagged,Cost of Goods Sold,GOSI - 510103 - التأمينات الاجتماعية,510103,0.0
Overall,Cost of Goods Sold,Guides and reports design - 521001 - تصميم ادلة وتقارير,521001,77198.0
8000010 - تسوية مراكز التكلفة تكامل,Cost of Goods Sold,Guides and reports design - 521001 - تصميم ادلة وتقارير,521001,0.0
8000011 - المصاريف العمومية والادارية تكامل,Cost of Goods Sold,Guides and reports design - 521001 - تصميم ادلة وتقارير,521001,0.0
8000020 - مصاريف بيعية وتسويقية تكامل,Cost of Goods Sold,Guides and reports design - 521001 - تصميم ادلة وتقارير,521001,0.0
8000030 - تدريب وتطوير تكامل,Cost of Goods Sold,Guides and reports design - 521001 - تصميم ادلة وتقارير,521001,0.0
8000040 - مكتب ادارة المشاريع تكامل,Cost of Goods Sold,Guides and reports design - 521001 - تصميم ادلة وتقارير,521001,0.0
8000050 - الاتصال المؤسسي تكامل,Cost of Goods Sold,Guides and reports design - 521001 - تصميم ادلة وتقارير,521001,0.0
8000060 - منصة قياس الأثر,Cost of Goods Sold,Guides and reports design - 521001 - تصميم ادلة وتقارير,521001,0.0
8023010 - إنشاء مقار إدارة العمل التطوعي لخدمة ضيوف الرحمن,Cost of Goods Sold,Guides and reports design - 521001 - تصميم ادلة وتقارير,521001,0.0
8023020 - منهجية عمل تعزز البنية المؤسسية للمنظمات غير الربحية,Cost of Goods Sold,Guides and reports design - 521001 - تصميم ادلة وتقارير,521001,50000.0
8023030 - رفع الوعي الفني لدى منظمات القطاع غير الربحي,Cost of Goods Sold,Guides and reports design - 521001 - تصميم ادلة وتقارير,521001,18500.0
8024010 - مشروع تقديم خدمات تأسيس وتفعيل وحدات ومراكز العمل التطوعي,Cost of Goods Sold,Guides and reports design - 521001 - تصميم ادلة وتقارير,521001,400.0
8024020 - مشروع الخدمات اللوجستية للعاملين في القطاع غير الربحي,Cost of Goods Sold,Guides and reports design - 521001 - تصميم ادلة وتقارير,521001,0.0
8024030 - تمكين الجمعيات المتخصصة العاملة في القطاع غير الربحي,Cost of Goods Sold,Guides and reports design - 521001 - تصميم ادلة وتقارير,521001,0.0
8024040 - تقديم الخدمات اللوجستية للتدريب في برنامج رائد,Cost of Goods Sold,Guides and reports design - 521001 - تصميم ادلة وتقارير,521001,0.0
8025010 - مشروع العربة,Cost of Goods Sold,Guides and reports design - 521001 - تصميم ادلة وتقارير,521001,0.0
8025020 - مشروع وزارة الرياضة,Cost of Goods Sold,Guides and reports design - 521001 - تصميم ادلة وتقارير,521001,0.0
8025030 - تقديم 3000 ساعة عمل تطوعية لموظفين شركة الكهرباء,Cost of Goods Sold,Guides and reports design - 521001 - تصميم ادلة وتقارير,521001,0.0
8025040 - مصنع الابتكار - اشوكا,Cost of Goods Sold,Guides and reports design - 521001 - تصميم ادلة وتقارير,521001,0.0
8025050 - حصر الاحتياج التدريبي في منظومة الصحة,Cost of Goods Sold,Guides and reports design - 521001 - تصميم ادلة وتقارير,521001,0.0
8025060 - مجموعات عمل التطوع التكافلي,Cost of Goods Sold,Guides and reports design - 521001 - تصميم ادلة وتقارير,521001,8298.0
8025070 - سفر الإفطار في الحرم المكي,Cost of Goods Sold,Guides and reports design - 521001 - تصميم ادلة وتقارير,521001,0.0
8025080 - سوق الدار,Cost of Goods Sold,Guides and reports design - 521001 - تصميم ادلة وتقارير,521001,0.0
8025090 - هاكاثون الوعي المعرفي,Cost of Goods Sold,Guides and reports design - 521001 - تصميم ادلة وتقارير,521001,0.0
8025100 - مشروع منظومة عمل إدارة دراسات الحالة,Cost of Goods Sold,Guides and reports design - 521001 - تصميم ادلة وتقارير,521001,0.0
8025110 - مشروع خارطة الاستثمار الاجتماعي في قطاع الشباب,Cost of Goods Sold,Guides and reports design - 521001 - تصميم ادلة وتقارير,521001,0.0
8025120 - مشروع تقديم خدمات استشارية لأكاديمية الفوزان,Cost of Goods Sold,Guides and reports design - 521001 - تصميم ادلة وتقارير,521001,0.0
8026010 - تأسيس وحدة الاستثمار الاجتماعي مع جمعية متلازمة النجاح,Cost of Goods Sold,Guides and reports design - 521001 - تصميم ادلة وتقارير,521001,0.0
8026020 - التأهيل للتوظيف,Cost of Goods Sold,Guides and reports design - 521001 - تصميم ادلة وتقارير,521001,0.0
8026030 - حاضنة أثر الطاقة الاجتماعية,Cost of Goods Sold,Guides and reports design - 521001 - تصميم ادلة وتقارير,521001,0.0
Untagged,Cost of Goods Sold,Guides and reports design - 521001 - تصميم ادلة وتقارير,521001,0.0
Overall,Cost of Goods Sold,Guides and reports printing - 521106 - طباعة أدلة وتقارير,521106,5430.0
8000010 - تسوية مراكز التكلفة تكامل,Cost of Goods Sold,Guides and reports printing - 521106 - طباعة أدلة وتقارير,521106,0.0
8000011 - المصاريف العمومية والادارية تكامل,Cost of Goods Sold,Guides and reports printing - 521106 - طباعة أدلة وتقارير,521106,0.0
8000020 - مصاريف بيعية وتسويقية تكامل,Cost of Goods Sold,Guides and reports printing - 521106 - طباعة أدلة وتقارير,521106,0.0
8000030 - تدريب وتطوير تكامل,Cost of Goods Sold,Guides and reports printing - 521106 - طباعة أدلة وتقارير,521106,0.0
8000040 - مكتب ادارة المشاريع تكامل,Cost of Goods Sold,Guides and reports printing - 521106 - طباعة أدلة وتقارير,521106,0.0
8000050 - الاتصال المؤسسي تكامل,Cost of Goods Sold,Guides and reports printing - 521106 - طباعة أدلة وتقارير,521106,0.0
8000060 - منصة قياس الأثر,Cost of Goods Sold,Guides and reports printing - 521106 - طباعة أدلة وتقارير,521106,0.0
8023010 - إنشاء مقار إدارة العمل التطوعي لخدمة ضيوف الرحمن,Cost of Goods Sold,Guides and reports printing - 521106 - طباعة أدلة وتقارير,521106,0.0
8023020 - منهجية عمل تعزز البنية المؤسسية للمنظمات غير الربحية,Cost of Goods Sold,Guides and reports printing - 521106 - طباعة أدلة وتقارير,521106,0.0
8023030 - رفع الوعي الفني لدى منظمات القطاع غير الربحي,Cost of Goods Sold,Guides and reports printing - 521106 - طباعة أدلة وتقارير,521106,0.0
8024010 - مشروع تقديم خدمات تأسيس وتفعيل وحدات ومراكز العمل التطوعي,Cost of Goods Sold,Guides and reports printing - 521106 - طباعة أدلة وتقارير,521106,0.0
8024020 - مشروع الخدمات اللوجستية للعاملين في القطاع غير الربحي,Cost of Goods Sold,Guides and reports printing - 521106 - طباعة أدلة وتقارير,521106,0.0
8024030 - تمكين الجمعيات المتخصصة العاملة في القطاع غير الربحي,Cost of Goods Sold,Guides and reports printing - 521106 - طباعة أدلة وتقارير,521106,0.0
8024040 - تقديم الخدمات اللوجستية للتدريب في برنامج رائد,Cost of Goods Sold,Guides and reports printing - 521106 - طباعة أدلة وتقارير,521106,3750.0
8025010 - مشروع العربة,Cost of Goods Sold,Guides and reports printing - 521106 - طباعة أدلة وتقارير,521106,0.0
8025020 - مشروع وزارة الرياضة,Cost of Goods Sold,Guides and reports printing - 521106 - طباعة أدلة وتقارير,521106,0.0
8025030 - تقديم 3000 ساعة عمل تطوعية لموظفين شركة الكهرباء,Cost of Goods Sold,Guides and reports printing - 521106 - طباعة أدلة وتقارير,521106,0.0
8025040 - مصنع الابتكار - اشوكا,Cost of Goods Sold,Guides and reports printing - 521106 - طباعة أدلة وتقارير,521106,1680.0
8025050 - حصر الاحتياج التدريبي في منظومة الصحة,Cost of Goods Sold,Guides and reports printing - 521106 - طباعة أدلة وتقارير,521106,0.0
8025060 - مجموعات عمل التطوع التكافلي,Cost of Goods Sold,Guides and reports printing - 521106 - طباعة أدلة وتقارير,521106,0.0
8025070 - سفر الإفطار في الحرم المكي,Cost of Goods Sold,Guides and reports printing - 521106 - طباعة أدلة وتقارير,521106,0.0
8025080 - سوق الدار,Cost of Goods Sold,Guides and reports printing - 521106 - طباعة أدلة وتقارير,521106,0.0
8025090 - هاكاثون الوعي المعرفي,Cost of Goods Sold,Guides and reports printing - 521106 - طباعة أدلة وتقارير,521106,0.0
8025100 - مشروع منظومة عمل إدارة دراسات الحالة,Cost of Goods Sold,Guides and reports printing - 521106 - طباعة أدلة وتقارير,521106,0.0
8025110 - مشروع خارطة الاستثمار الاجتماعي في قطاع الشباب,Cost of Goods Sold,Guides and reports printing - 521106 - طباعة أدلة وتقارير,521106,0.0
8025120 - مشروع تقديم خدمات استشارية لأكاديمية الفوزان,Cost of Goods Sold,Guides and reports printing - 521106 - طباعة أدلة وتقارير,521106,0.0
8026010 - تأسيس وحدة الاستثمار الاجتماعي مع جمعية متلازمة النجاح,Cost of Goods Sold,Guides and reports printing - 521106 - طباعة أدلة وتقارير,521106,0.0
8026020 - التأهيل للتوظيف,Cost of Goods Sold,Guides and reports printing - 521106 - طباعة أدلة وتقارير,521106,0.0
8026030 - حاضنة أثر الطاقة الاجتماعية,Cost of Goods Sold,Guides and reports printing - 521106 - طباعة أدلة وتقارير,521106,0.0
Untagged,Cost of Goods Sold,Guides and reports printing - 521106 - طباعة أدلة وتقارير,521106,0.0
Overall,Cost of Goods Sold,Hospitality - 520501 - ضيافة,520501,167853.23
8000010 - تسوية مراكز التكلفة تكامل,Cost of Goods Sold,Hospitality - 520501 - ضيافة,520501,0.0
8000011 - المصاريف العمومية والادارية تكامل,Cost of Goods Sold,Hospitality - 520501 - ضيافة,520501,0.0
8000020 - مصاريف بيعية وتسويقية تكامل,Cost of Goods Sold,Hospitality - 520501 - ضيافة,520501,0.0
8000030 - تدريب وتطوير تكامل,Cost of Goods Sold,Hospitality - 520501 - ضيافة,520501,0.0
8000040 - مكتب ادارة المشاريع تكامل,Cost of Goods Sold,Hospitality - 520501 - ضيافة,520501,0.0
8000050 - الاتصال المؤسسي تكامل,Cost of Goods Sold,Hospitality - 520501 - ضيافة,520501,0.0
8000060 - منصة قياس الأثر,Cost of Goods Sold,Hospitality - 520501 - ضيافة,520501,0.0
8023010 - إنشاء مقار إدارة العمل التطوعي لخدمة ضيوف الرحمن,Cost of Goods Sold,Hospitality - 520501 - ضيافة,520501,0.0
8023020 - منهجية عمل تعزز البنية المؤسسية للمنظمات غير الربحية,Cost of Goods Sold,Hospitality - 520501 - ضيافة,520501,0.0
8023030 - رفع الوعي الفني لدى منظمات القطاع غير الربحي,Cost of Goods Sold,Hospitality - 520501 - ضيافة,520501,0.0
8024010 - مشروع تقديم خدمات تأسيس وتفعيل وحدات ومراكز العمل التطوعي,Cost of Goods Sold,Hospitality - 520501 - ضيافة,520501,26025.88
8024020 - مشروع الخدمات اللوجستية للعاملين في القطاع غير الربحي,Cost of Goods Sold,Hospitality - 520501 - ضيافة,520501,58580.62
8024030 - تمكين الجمعيات المتخصصة العاملة في القطاع غير الربحي,Cost of Goods Sold,Hospitality - 520501 - ضيافة,520501,0.0
8024040 - تقديم الخدمات اللوجستية للتدريب في برنامج رائد,Cost of Goods Sold,Hospitality - 520501 - ضيافة,520501,78384.96
8025010 - مشروع العربة,Cost of Goods Sold,Hospitality - 520501 - ضيافة,520501,0.0
8025020 - مشروع وزارة الرياضة,Cost of Goods Sold,Hospitality - 520501 - ضيافة,520501,0.0
8025030 - تقديم 3000 ساعة عمل تطوعية لموظفين شركة الكهرباء,Cost of Goods Sold,Hospitality - 520501 - ضيافة,520501,0.0
8025040 - مصنع الابتكار - اشوكا,Cost of Goods Sold,Hospitality - 520501 - ضيافة,520501,4582.44
8025050 - حصر الاحتياج التدريبي في منظومة الصحة,Cost of Goods Sold,Hospitality - 520501 - ضيافة,520501,0.0
8025060 - مجموعات عمل التطوع التكافلي,Cost of Goods Sold,Hospitality - 520501 - ضيافة,520501,0.0
8025070 - سفر الإفطار في الحرم المكي,Cost of Goods Sold,Hospitality - 520501 - ضيافة,520501,0.0
8025080 - سوق الدار,Cost of Goods Sold,Hospitality - 520501 - ضيافة,520501,279.33
8025090 - هاكاثون الوعي المعرفي,Cost of Goods Sold,Hospitality - 520501 - ضيافة,520501,0.0
8025100 - مشروع منظومة عمل إدارة دراسات الحالة,Cost of Goods Sold,Hospitality - 520501 - ضيافة,520501,0.0
8025110 - مشروع خارطة الاستثمار الاجتماعي في قطاع الشباب,Cost of Goods Sold,Hospitality - 520501 - ضيافة,520501,0.0
8025120 - مشروع تقديم خدمات استشارية لأكاديمية الفوزان,Cost of Goods Sold,Hospitality - 520501 - ضيافة,520501,0.0
8026010 - تأسيس وحدة الاستثمار الاجتماعي مع جمعية متلازمة النجاح,Cost of Goods Sold,Hospitality - 520501 - ضيافة,520501,0.0
8026020 - التأهيل للتوظيف,Cost of Goods Sold,Hospitality - 520501 - ضيافة,520501,0.0
8026030 - حاضنة أثر الطاقة الاجتماعية,Cost of Goods Sold,Hospitality - 520501 - ضيافة,520501,0.0
Untagged,Cost of Goods Sold,Hospitality - 520501 - ضيافة,520501,0.0
Overall,Cost of Goods Sold,Hospitality preparation fees - 520502 - اتعاب تجهيزات ورش العمل و الضيافة,520502,800.0
8000010 - تسوية مراكز التكلفة تكامل,Cost of Goods Sold,Hospitality preparation fees - 520502 - اتعاب تجهيزات ورش العمل و الضيافة,520502,0.0
8000011 - المصاريف العمومية والادارية تكامل,Cost of Goods Sold,Hospitality preparation fees - 520502 - اتعاب تجهيزات ورش العمل و الضيافة,520502,0.0
8000020 - مصاريف بيعية وتسويقية تكامل,Cost of Goods Sold,Hospitality preparation fees - 520502 - اتعاب تجهيزات ورش العمل و الضيافة,520502,0.0
8000030 - تدريب وتطوير تكامل,Cost of Goods Sold,Hospitality preparation fees - 520502 - اتعاب تجهيزات ورش العمل و الضيافة,520502,0.0
8000040 - مكتب ادارة المشاريع تكامل,Cost of Goods Sold,Hospitality preparation fees - 520502 - اتعاب تجهيزات ورش العمل و الضيافة,520502,0.0
8000050 - الاتصال المؤسسي تكامل,Cost of Goods Sold,Hospitality preparation fees - 520502 - اتعاب تجهيزات ورش العمل و الضيافة,520502,0.0
8000060 - منصة قياس الأثر,Cost of Goods Sold,Hospitality preparation fees - 520502 - اتعاب تجهيزات ورش العمل و الضيافة,520502,0.0
8023010 - إنشاء مقار إدارة العمل التطوعي لخدمة ضيوف الرحمن,Cost of Goods Sold,Hospitality preparation fees - 520502 - اتعاب تجهيزات ورش العمل و الضيافة,520502,0.0
8023020 - منهجية عمل تعزز البنية المؤسسية للمنظمات غير الربحية,Cost of Goods Sold,Hospitality preparation fees - 520502 - اتعاب تجهيزات ورش العمل و الضيافة,520502,0.0
8023030 - رفع الوعي الفني لدى منظمات القطاع غير الربحي,Cost of Goods Sold,Hospitality preparation fees - 520502 - اتعاب تجهيزات ورش العمل و الضيافة,520502,0.0
8024010 - مشروع تقديم خدمات تأسيس وتفعيل وحدات ومراكز العمل التطوعي,Cost of Goods Sold,Hospitality preparation fees - 520502 - اتعاب تجهيزات ورش العمل و الضيافة,520502,0.0
8024020 - مشروع الخدمات اللوجستية للعاملين في القطاع غير الربحي,Cost of Goods Sold,Hospitality preparation fees - 520502 - اتعاب تجهيزات ورش العمل و الضيافة,520502,0.0
8024030 - تمكين الجمعيات المتخصصة العاملة في القطاع غير الربحي,Cost of Goods Sold,Hospitality preparation fees - 520502 - اتعاب تجهيزات ورش العمل و الضيافة,520502,0.0
8024040 - تقديم الخدمات اللوجستية للتدريب في برنامج رائد,Cost of Goods Sold,Hospitality preparation fees - 520502 - اتعاب تجهيزات ورش العمل و الضيافة,520502,0.0
8025010 - مشروع العربة,Cost of Goods Sold,Hospitality preparation fees - 520502 - اتعاب تجهيزات ورش العمل و الضيافة,520502,0.0
8025020 - مشروع وزارة الرياضة,Cost of Goods Sold,Hospitality preparation fees - 520502 - اتعاب تجهيزات ورش العمل و الضيافة,520502,0.0
8025030 - تقديم 3000 ساعة عمل تطوعية لموظفين شركة الكهرباء,Cost of Goods Sold,Hospitality preparation fees - 520502 - اتعاب تجهيزات ورش العمل و الضيافة,520502,0.0
8025040 - مصنع الابتكار - اشوكا,Cost of Goods Sold,Hospitality preparation fees - 520502 - اتعاب تجهيزات ورش العمل و الضيافة,520502,800.0
8025050 - حصر الاحتياج التدريبي في منظومة الصحة,Cost of Goods Sold,Hospitality preparation fees - 520502 - اتعاب تجهيزات ورش العمل و الضيافة,520502,0.0
8025060 - مجموعات عمل التطوع التكافلي,Cost of Goods Sold,Hospitality preparation fees - 520502 - اتعاب تجهيزات ورش العمل و الضيافة,520502,0.0
8025070 - سفر الإفطار في الحرم المكي,Cost of Goods Sold,Hospitality preparation fees - 520502 - اتعاب تجهيزات ورش العمل و الضيافة,520502,0.0
8025080 - سوق الدار,Cost of Goods Sold,Hospitality preparation fees - 520502 - اتعاب تجهيزات ورش العمل و الضيافة,520502,0.0
8025090 - هاكاثون الوعي المعرفي,Cost of Goods Sold,Hospitality preparation fees - 520502 - اتعاب تجهيزات ورش العمل و الضيافة,520502,0.0
8025100 - مشروع منظومة عمل إدارة دراسات الحالة,Cost of Goods Sold,Hospitality preparation fees - 520502 - اتعاب تجهيزات ورش العمل و الضيافة,520502,0.0
8025110 - مشروع خارطة الاستثمار الاجتماعي في قطاع الشباب,Cost of Goods Sold,Hospitality preparation fees - 520502 - اتعاب تجهيزات ورش العمل و الضيافة,520502,0.0
8025120 - مشروع تقديم خدمات استشارية لأكاديمية الفوزان,Cost of Goods Sold,Hospitality preparation fees - 520502 - اتعاب تجهيزات ورش العمل و الضيافة,520502,0.0
8026010 - تأسيس وحدة الاستثمار الاجتماعي مع جمعية متلازمة النجاح,Cost of Goods Sold,Hospitality preparation fees - 520502 - اتعاب تجهيزات ورش العمل و الضيافة,520502,0.0
8026020 - التأهيل للتوظيف,Cost of Goods Sold,Hospitality preparation fees - 520502 - اتعاب تجهيزات ورش العمل و الضيافة,520502,0.0
8026030 - حاضنة أثر الطاقة الاجتماعية,Cost of Goods Sold,Hospitality preparation fees - 520502 - اتعاب تجهيزات ورش العمل و الضيافة,520502,0.0
Untagged,Cost of Goods Sold,Hospitality preparation fees - 520502 - اتعاب تجهيزات ورش العمل و الضيافة,520502,0.0
Overall,Cost of Goods Sold,Hotel accommodation - 520603 - إقامة فندقية,520603,175228.38
8000010 - تسوية مراكز التكلفة تكامل,Cost of Goods Sold,Hotel accommodation - 520603 - إقامة فندقية,520603,0.0
8000011 - المصاريف العمومية والادارية تكامل,Cost of Goods Sold,Hotel accommodation - 520603 - إقامة فندقية,520603,0.0
8000020 - مصاريف بيعية وتسويقية تكامل,Cost of Goods Sold,Hotel accommodation - 520603 - إقامة فندقية,520603,0.0
8000030 - تدريب وتطوير تكامل,Cost of Goods Sold,Hotel accommodation - 520603 - إقامة فندقية,520603,0.0
8000040 - مكتب ادارة المشاريع تكامل,Cost of Goods Sold,Hotel accommodation - 520603 - إقامة فندقية,520603,0.0
8000050 - الاتصال المؤسسي تكامل,Cost of Goods Sold,Hotel accommodation - 520603 - إقامة فندقية,520603,0.0
8000060 - منصة قياس الأثر,Cost of Goods Sold,Hotel accommodation - 520603 - إقامة فندقية,520603,0.0
8023010 - إنشاء مقار إدارة العمل التطوعي لخدمة ضيوف الرحمن,Cost of Goods Sold,Hotel accommodation - 520603 - إقامة فندقية,520603,0.0
8023020 - منهجية عمل تعزز البنية المؤسسية للمنظمات غير الربحية,Cost of Goods Sold,Hotel accommodation - 520603 - إقامة فندقية,520603,0.0
8023030 - رفع الوعي الفني لدى منظمات القطاع غير الربحي,Cost of Goods Sold,Hotel accommodation - 520603 - إقامة فندقية,520603,0.0
8024010 - مشروع تقديم خدمات تأسيس وتفعيل وحدات ومراكز العمل التطوعي,Cost of Goods Sold,Hotel accommodation - 520603 - إقامة فندقية,520603,0.0
8024020 - مشروع الخدمات اللوجستية للعاملين في القطاع غير الربحي,Cost of Goods Sold,Hotel accommodation - 520603 - إقامة فندقية,520603,169190.88
8024030 - تمكين الجمعيات المتخصصة العاملة في القطاع غير الربحي,Cost of Goods Sold,Hotel accommodation - 520603 - إقامة فندقية,520603,0.0
8024040 - تقديم الخدمات اللوجستية للتدريب في برنامج رائد,Cost of Goods Sold,Hotel accommodation - 520603 - إقامة فندقية,520603,0.0
8025010 - مشروع العربة,Cost of Goods Sold,Hotel accommodation - 520603 - إقامة فندقية,520603,0.0
8025020 - مشروع وزارة الرياضة,Cost of Goods Sold,Hotel accommodation - 520603 - إقامة فندقية,520603,6037.5
8025030 - تقديم 3000 ساعة عمل تطوعية لموظفين شركة الكهرباء,Cost of Goods Sold,Hotel accommodation - 520603 - إقامة فندقية,520603,0.0
8025040 - مصنع الابتكار - اشوكا,Cost of Goods Sold,Hotel accommodation - 520603 - إقامة فندقية,520603,0.0
8025050 - حصر الاحتياج التدريبي في منظومة الصحة,Cost of Goods Sold,Hotel accommodation - 520603 - إقامة فندقية,520603,0.0
8025060 - مجموعات عمل التطوع التكافلي,Cost of Goods Sold,Hotel accommodation - 520603 - إقامة فندقية,520603,0.0
8025070 - سفر الإفطار في الحرم المكي,Cost of Goods Sold,Hotel accommodation - 520603 - إقامة فندقية,520603,0.0
8025080 - سوق الدار,Cost of Goods Sold,Hotel accommodation - 520603 - إقامة فندقية,520603,0.0
8025090 - هاكاثون الوعي المعرفي,Cost of Goods Sold,Hotel accommodation - 520603 - إقامة فندقية,520603,0.0
8025100 - مشروع منظومة عمل إدارة دراسات الحالة,Cost of Goods Sold,Hotel accommodation - 520603 - إقامة فندقية,520603,0.0
8025110 - مشروع خارطة الاستثمار الاجتماعي في قطاع الشباب,Cost of Goods Sold,Hotel accommodation - 520603 - إقامة فندقية,520603,0.0
8025120 - مشروع تقديم خدمات استشارية لأكاديمية الفوزان,Cost of Goods Sold,Hotel accommodation - 520603 - إقامة فندقية,520603,0.0
8026010 - تأسيس وحدة الاستثمار الاجتماعي مع جمعية متلازمة النجاح,Cost of Goods Sold,Hotel accommodation - 520603 - إقامة فندقية,520603,0.0
8026020 - التأهيل للتوظيف,Cost of Goods Sold,Hotel accommodation - 520603 - إقامة فندقية,520603,0.0
8026030 - حاضنة أثر الطاقة الاجتماعية,Cost of Goods Sold,Hotel accommodation - 520603 - إقامة فندقية,520603,0.0
Untagged,Cost of Goods Sold,Hotel accommodation - 520603 - إقامة فندقية,520603,0.0
Overall,Cost of Goods Sold,Identity Design - 521004 - تصميم هويات,521004,950.0
8000010 - تسوية مراكز التكلفة تكامل,Cost of Goods Sold,Identity Design - 521004 - تصميم هويات,521004,0.0
8000011 - المصاريف العمومية والادارية تكامل,Cost of Goods Sold,Identity Design - 521004 - تصميم هويات,521004,0.0
8000020 - مصاريف بيعية وتسويقية تكامل,Cost of Goods Sold,Identity Design - 521004 - تصميم هويات,521004,0.0
8000030 - تدريب وتطوير تكامل,Cost of Goods Sold,Identity Design - 521004 - تصميم هويات,521004,0.0
8000040 - مكتب ادارة المشاريع تكامل,Cost of Goods Sold,Identity Design - 521004 - تصميم هويات,521004,0.0
8000050 - الاتصال المؤسسي تكامل,Cost of Goods Sold,Identity Design - 521004 - تصميم هويات,521004,0.0
8000060 - منصة قياس الأثر,Cost of Goods Sold,Identity Design - 521004 - تصميم هويات,521004,0.0
8023010 - إنشاء مقار إدارة العمل التطوعي لخدمة ضيوف الرحمن,Cost of Goods Sold,Identity Design - 521004 - تصميم هويات,521004,0.0
8023020 - منهجية عمل تعزز البنية المؤسسية للمنظمات غير الربحية,Cost of Goods Sold,Identity Design - 521004 - تصميم هويات,521004,0.0
8023030 - رفع الوعي الفني لدى منظمات القطاع غير الربحي,Cost of Goods Sold,Identity Design - 521004 - تصميم هويات,521004,0.0
8024010 - مشروع تقديم خدمات تأسيس وتفعيل وحدات ومراكز العمل التطوعي,Cost of Goods Sold,Identity Design - 521004 - تصميم هويات,521004,0.0
8024020 - مشروع الخدمات اللوجستية للعاملين في القطاع غير الربحي,Cost of Goods Sold,Identity Design - 521004 - تصميم هويات,521004,0.0
8024030 - تمكين الجمعيات المتخصصة العاملة في القطاع غير الربحي,Cost of Goods Sold,Identity Design - 521004 - تصميم هويات,521004,0.0
8024040 - تقديم الخدمات اللوجستية للتدريب في برنامج رائد,Cost of Goods Sold,Identity Design - 521004 - تصميم هويات,521004,0.0
8025010 - مشروع العربة,Cost of Goods Sold,Identity Design - 521004 - تصميم هويات,521004,0.0
8025020 - مشروع وزارة الرياضة,Cost of Goods Sold,Identity Design - 521004 - تصميم هويات,521004,950.0
8025030 - تقديم 3000 ساعة عمل تطوعية لموظفين شركة الكهرباء,Cost of Goods Sold,Identity Design - 521004 - تصميم هويات,521004,0.0
8025040 - مصنع الابتكار - اشوكا,Cost of Goods Sold,Identity Design - 521004 - تصميم هويات,521004,0.0
8025050 - حصر الاحتياج التدريبي في منظومة الصحة,Cost of Goods Sold,Identity Design - 521004 - تصميم هويات,521004,0.0
8025060 - مجموعات عمل التطوع التكافلي,Cost of Goods Sold,Identity Design - 521004 - تصميم هويات,521004,0.0
8025070 - سفر الإفطار في الحرم المكي,Cost of Goods Sold,Identity Design - 521004 - تصميم هويات,521004,0.0
8025080 - سوق الدار,Cost of Goods Sold,Identity Design - 521004 - تصميم هويات,521004,0.0
8025090 - هاكاثون الوعي المعرفي,Cost of Goods Sold,Identity Design - 521004 - تصميم هويات,521004,0.0
8025100 - مشروع منظومة عمل إدارة دراسات الحالة,Cost of Goods Sold,Identity Design - 521004 - تصميم هويات,521004,0.0
8025110 - مشروع خارطة الاستثمار الاجتماعي في قطاع الشباب,Cost of Goods Sold,Identity Design - 521004 - تصميم هويات,521004,0.0
8025120 - مشروع تقديم خدمات استشارية لأكاديمية الفوزان,Cost of Goods Sold,Identity Design - 521004 - تصميم هويات,521004,0.0
8026010 - تأسيس وحدة الاستثمار الاجتماعي مع جمعية متلازمة النجاح,Cost of Goods Sold,Identity Design - 521004 - تصميم هويات,521004,0.0
8026020 - التأهيل للتوظيف,Cost of Goods Sold,Identity Design - 521004 - تصميم هويات,521004,0.0
8026030 - حاضنة أثر الطاقة الاجتماعية,Cost of Goods Sold,Identity Design - 521004 - تصميم هويات,521004,0.0
Untagged,Cost of Goods Sold,Identity Design - 521004 - تصميم هويات,521004,0.0
Overall,Cost of Goods Sold,Implementation of initiatives - 521702 - تنفيذ مبادرات,521702,895828.0
8000010 - تسوية مراكز التكلفة تكامل,Cost of Goods Sold,Implementation of initiatives - 521702 - تنفيذ مبادرات,521702,0.0
8000011 - المصاريف العمومية والادارية تكامل,Cost of Goods Sold,Implementation of initiatives - 521702 - تنفيذ مبادرات,521702,0.0
8000020 - مصاريف بيعية وتسويقية تكامل,Cost of Goods Sold,Implementation of initiatives - 521702 - تنفيذ مبادرات,521702,0.0
8000030 - تدريب وتطوير تكامل,Cost of Goods Sold,Implementation of initiatives - 521702 - تنفيذ مبادرات,521702,0.0
8000040 - مكتب ادارة المشاريع تكامل,Cost of Goods Sold,Implementation of initiatives - 521702 - تنفيذ مبادرات,521702,0.0
8000050 - الاتصال المؤسسي تكامل,Cost of Goods Sold,Implementation of initiatives - 521702 - تنفيذ مبادرات,521702,0.0
8000060 - منصة قياس الأثر,Cost of Goods Sold,Implementation of initiatives - 521702 - تنفيذ مبادرات,521702,0.0
8023010 - إنشاء مقار إدارة العمل التطوعي لخدمة ضيوف الرحمن,Cost of Goods Sold,Implementation of initiatives - 521702 - تنفيذ مبادرات,521702,0.0
8023020 - منهجية عمل تعزز البنية المؤسسية للمنظمات غير الربحية,Cost of Goods Sold,Implementation of initiatives - 521702 - تنفيذ مبادرات,521702,0.0
8023030 - رفع الوعي الفني لدى منظمات القطاع غير الربحي,Cost of Goods Sold,Implementation of initiatives - 521702 - تنفيذ مبادرات,521702,0.0
8024010 - مشروع تقديم خدمات تأسيس وتفعيل وحدات ومراكز العمل التطوعي,Cost of Goods Sold,Implementation of initiatives - 521702 - تنفيذ مبادرات,521702,0.0
8024020 - مشروع الخدمات اللوجستية للعاملين في القطاع غير الربحي,Cost of Goods Sold,Implementation of initiatives - 521702 - تنفيذ مبادرات,521702,0.0
8024030 - تمكين الجمعيات المتخصصة العاملة في القطاع غير الربحي,Cost of Goods Sold,Implementation of initiatives - 521702 - تنفيذ مبادرات,521702,0.0
8024040 - تقديم الخدمات اللوجستية للتدريب في برنامج رائد,Cost of Goods Sold,Implementation of initiatives - 521702 - تنفيذ مبادرات,521702,3300.0
8025010 - مشروع العربة,Cost of Goods Sold,Implementation of initiatives - 521702 - تنفيذ مبادرات,521702,78478.0
8025020 - مشروع وزارة الرياضة,Cost of Goods Sold,Implementation of initiatives - 521702 - تنفيذ مبادرات,521702,814050.0
8025030 - تقديم 3000 ساعة عمل تطوعية لموظفين شركة الكهرباء,Cost of Goods Sold,Implementation of initiatives - 521702 - تنفيذ مبادرات,521702,0.0
8025040 - مصنع الابتكار - اشوكا,Cost of Goods Sold,Implementation of initiatives - 521702 - تنفيذ مبادرات,521702,0.0
8025050 - حصر الاحتياج التدريبي في منظومة الصحة,Cost of Goods Sold,Implementation of initiatives - 521702 - تنفيذ مبادرات,521702,0.0
8025060 - مجموعات عمل التطوع التكافلي,Cost of Goods Sold,Implementation of initiatives - 521702 - تنفيذ مبادرات,521702,0.0
8025070 - سفر الإفطار في الحرم المكي,Cost of Goods Sold,Implementation of initiatives - 521702 - تنفيذ مبادرات,521702,0.0
8025080 - سوق الدار,Cost of Goods Sold,Implementation of initiatives - 521702 - تنفيذ مبادرات,521702,0.0
8025090 - هاكاثون الوعي المعرفي,Cost of Goods Sold,Implementation of initiatives - 521702 - تنفيذ مبادرات,521702,0.0
8025100 - مشروع منظومة عمل إدارة دراسات الحالة,Cost of Goods Sold,Implementation of initiatives - 521702 - تنفيذ مبادرات,521702,0.0
8025110 - مشروع خارطة الاستثمار الاجتماعي في قطاع الشباب,Cost of Goods Sold,Implementation of initiatives - 521702 - تنفيذ مبادرات,521702,0.0
8025120 - مشروع تقديم خدمات استشارية لأكاديمية الفوزان,Cost of Goods Sold,Implementation of initiatives - 521702 - تنفيذ مبادرات,521702,0.0
8026010 - تأسيس وحدة الاستثمار الاجتماعي مع جمعية متلازمة النجاح,Cost of Goods Sold,Implementation of initiatives - 521702 - تنفيذ مبادرات,521702,0.0
8026020 - التأهيل للتوظيف,Cost of Goods Sold,Implementation of initiatives - 521702 - تنفيذ مبادرات,521702,0.0
8026030 - حاضنة أثر الطاقة الاجتماعية,Cost of Goods Sold,Implementation of initiatives - 521702 - تنفيذ مبادرات,521702,0.0
Untagged,Cost of Goods Sold,Implementation of initiatives - 521702 - تنفيذ مبادرات,521702,0.0
Overall,Cost of Goods Sold,Infographic design - 521005 - تصميم انفوجرافيك,521005,43362.17
8000010 - تسوية مراكز التكلفة تكامل,Cost of Goods Sold,Infographic design - 521005 - تصميم انفوجرافيك,521005,0.0
8000011 - المصاريف العمومية والادارية تكامل,Cost of Goods Sold,Infographic design - 521005 - تصميم انفوجرافيك,521005,0.0
8000020 - مصاريف بيعية وتسويقية تكامل,Cost of Goods Sold,Infographic design - 521005 - تصميم انفوجرافيك,521005,0.0
8000030 - تدريب وتطوير تكامل,Cost of Goods Sold,Infographic design - 521005 - تصميم انفوجرافيك,521005,0.0
8000040 - مكتب ادارة المشاريع تكامل,Cost of Goods Sold,Infographic design - 521005 - تصميم انفوجرافيك,521005,0.0
8000050 - الاتصال المؤسسي تكامل,Cost of Goods Sold,Infographic design - 521005 - تصميم انفوجرافيك,521005,0.0
8000060 - منصة قياس الأثر,Cost of Goods Sold,Infographic design - 521005 - تصميم انفوجرافيك,521005,0.0
8023010 - إنشاء مقار إدارة العمل التطوعي لخدمة ضيوف الرحمن,Cost of Goods Sold,Infographic design - 521005 - تصميم انفوجرافيك,521005,0.0
8023020 - منهجية عمل تعزز البنية المؤسسية للمنظمات غير الربحية,Cost of Goods Sold,Infographic design - 521005 - تصميم انفوجرافيك,521005,23950.0
8023030 - رفع الوعي الفني لدى منظمات القطاع غير الربحي,Cost of Goods Sold,Infographic design - 521005 - تصميم انفوجرافيك,521005,15652.17
8024010 - مشروع تقديم خدمات تأسيس وتفعيل وحدات ومراكز العمل التطوعي,Cost of Goods Sold,Infographic design - 521005 - تصميم انفوجرافيك,521005,0.0
8024020 - مشروع الخدمات اللوجستية للعاملين في القطاع غير الربحي,Cost of Goods Sold,Infographic design - 521005 - تصميم انفوجرافيك,521005,0.0
8024030 - تمكين الجمعيات المتخصصة العاملة في القطاع غير الربحي,Cost of Goods Sold,Infographic design - 521005 - تصميم انفوجرافيك,521005,0.0
8024040 - تقديم الخدمات اللوجستية للتدريب في برنامج رائد,Cost of Goods Sold,Infographic design - 521005 - تصميم انفوجرافيك,521005,0.0
8025010 - مشروع العربة,Cost of Goods Sold,Infographic design - 521005 - تصميم انفوجرافيك,521005,0.0
8025020 - مشروع وزارة الرياضة,Cost of Goods Sold,Infographic design - 521005 - تصميم انفوجرافيك,521005,3760.0
8025030 - تقديم 3000 ساعة عمل تطوعية لموظفين شركة الكهرباء,Cost of Goods Sold,Infographic design - 521005 - تصميم انفوجرافيك,521005,0.0
8025040 - مصنع الابتكار - اشوكا,Cost of Goods Sold,Infographic design - 521005 - تصميم انفوجرافيك,521005,0.0
8025050 - حصر الاحتياج التدريبي في منظومة الصحة,Cost of Goods Sold,Infographic design - 521005 - تصميم انفوجرافيك,521005,0.0
8025060 - مجموعات عمل التطوع التكافلي,Cost of Goods Sold,Infographic design - 521005 - تصميم انفوجرافيك,521005,0.0
8025070 - سفر الإفطار في الحرم المكي,Cost of Goods Sold,Infographic design - 521005 - تصميم انفوجرافيك,521005,0.0
8025080 - سوق الدار,Cost of Goods Sold,Infographic design - 521005 - تصميم انفوجرافيك,521005,0.0
8025090 - هاكاثون الوعي المعرفي,Cost of Goods Sold,Infographic design - 521005 - تصميم انفوجرافيك,521005,0.0
8025100 - مشروع منظومة عمل إدارة دراسات الحالة,Cost of Goods Sold,Infographic design - 521005 - تصميم انفوجرافيك,521005,0.0
8025110 - مشروع خارطة الاستثمار الاجتماعي في قطاع الشباب,Cost of Goods Sold,Infographic design - 521005 - تصميم انفوجرافيك,521005,0.0
8025120 - مشروع تقديم خدمات استشارية لأكاديمية الفوزان,Cost of Goods Sold,Infographic design - 521005 - تصميم انفوجرافيك,521005,0.0
8026010 - تأسيس وحدة الاستثمار الاجتماعي مع جمعية متلازمة النجاح,Cost of Goods Sold,Infographic design - 521005 - تصميم انفوجرافيك,521005,0.0
8026020 - التأهيل للتوظيف,Cost of Goods Sold,Infographic design - 521005 - تصميم انفوجرافيك,521005,0.0
8026030 - حاضنة أثر الطاقة الاجتماعية,Cost of Goods Sold,Infographic design - 521005 - تصميم انفوجرافيك,521005,0.0
Untagged,Cost of Goods Sold,Infographic design - 521005 - تصميم انفوجرافيك,521005,0.0
Overall,Cost of Goods Sold,Iqama renewal - 510202 - تجديد اقامات,510202,3208.39
8000010 - تسوية مراكز التكلفة تكامل,Cost of Goods Sold,Iqama renewal - 510202 - تجديد اقامات,510202,3208.39
8000011 - المصاريف العمومية والادارية تكامل,Cost of Goods Sold,Iqama renewal - 510202 - تجديد اقامات,510202,0.0
8000020 - مصاريف بيعية وتسويقية تكامل,Cost of Goods Sold,Iqama renewal - 510202 - تجديد اقامات,510202,0.0
8000030 - تدريب وتطوير تكامل,Cost of Goods Sold,Iqama renewal - 510202 - تجديد اقامات,510202,0.0
8000040 - مكتب ادارة المشاريع تكامل,Cost of Goods Sold,Iqama renewal - 510202 - تجديد اقامات,510202,0.0
8000050 - الاتصال المؤسسي تكامل,Cost of Goods Sold,Iqama renewal - 510202 - تجديد اقامات,510202,0.0
8000060 - منصة قياس الأثر,Cost of Goods Sold,Iqama renewal - 510202 - تجديد اقامات,510202,0.0
8023010 - إنشاء مقار إدارة العمل التطوعي لخدمة ضيوف الرحمن,Cost of Goods Sold,Iqama renewal - 510202 - تجديد اقامات,510202,0.0
8023020 - منهجية عمل تعزز البنية المؤسسية للمنظمات غير الربحية,Cost of Goods Sold,Iqama renewal - 510202 - تجديد اقامات,510202,0.0
8023030 - رفع الوعي الفني لدى منظمات القطاع غير الربحي,Cost of Goods Sold,Iqama renewal - 510202 - تجديد اقامات,510202,0.0
8024010 - مشروع تقديم خدمات تأسيس وتفعيل وحدات ومراكز العمل التطوعي,Cost of Goods Sold,Iqama renewal - 510202 - تجديد اقامات,510202,0.0
8024020 - مشروع الخدمات اللوجستية للعاملين في القطاع غير الربحي,Cost of Goods Sold,Iqama renewal - 510202 - تجديد اقامات,510202,0.0
8024030 - تمكين الجمعيات المتخصصة العاملة في القطاع غير الربحي,Cost of Goods Sold,Iqama renewal - 510202 - تجديد اقامات,510202,0.0
8024040 - تقديم الخدمات اللوجستية للتدريب في برنامج رائد,Cost of Goods Sold,Iqama renewal - 510202 - تجديد اقامات,510202,0.0
8025010 - مشروع العربة,Cost of Goods Sold,Iqama renewal - 510202 - تجديد اقامات,510202,0.0
8025020 - مشروع وزارة الرياضة,Cost of Goods Sold,Iqama renewal - 510202 - تجديد اقامات,510202,0.0
8025030 - تقديم 3000 ساعة عمل تطوعية لموظفين شركة الكهرباء,Cost of Goods Sold,Iqama renewal - 510202 - تجديد اقامات,510202,0.0
8025040 - مصنع الابتكار - اشوكا,Cost of Goods Sold,Iqama renewal - 510202 - تجديد اقامات,510202,0.0
8025050 - حصر الاحتياج التدريبي في منظومة الصحة,Cost of Goods Sold,Iqama renewal - 510202 - تجديد اقامات,510202,0.0
8025060 - مجموعات عمل التطوع التكافلي,Cost of Goods Sold,Iqama renewal - 510202 - تجديد اقامات,510202,0.0
8025070 - سفر الإفطار في الحرم المكي,Cost of Goods Sold,Iqama renewal - 510202 - تجديد اقامات,510202,0.0
8025080 - سوق الدار,Cost of Goods Sold,Iqama renewal - 510202 - تجديد اقامات,510202,0.0
8025090 - هاكاثون الوعي المعرفي,Cost of Goods Sold,Iqama renewal - 510202 - تجديد اقامات,510202,0.0
8025100 - مشروع منظومة عمل إدارة دراسات الحالة,Cost of Goods Sold,Iqama renewal - 510202 - تجديد اقامات,510202,0.0
8025110 - مشروع خارطة الاستثمار الاجتماعي في قطاع الشباب,Cost of Goods Sold,Iqama renewal - 510202 - تجديد اقامات,510202,0.0
8025120 - مشروع تقديم خدمات استشارية لأكاديمية الفوزان,Cost of Goods Sold,Iqama renewal - 510202 - تجديد اقامات,510202,0.0
8026010 - تأسيس وحدة الاستثمار الاجتماعي مع جمعية متلازمة النجاح,Cost of Goods Sold,Iqama renewal - 510202 - تجديد اقامات,510202,0.0
8026020 - التأهيل للتوظيف,Cost of Goods Sold,Iqama renewal - 510202 - تجديد اقامات,510202,0.0
8026030 - حاضنة أثر الطاقة الاجتماعية,Cost of Goods Sold,Iqama renewal - 510202 - تجديد اقامات,510202,0.0
Untagged,Cost of Goods Sold,Iqama renewal - 510202 - تجديد اقامات,510202,0.0
Overall,Cost of Goods Sold,Labor office fees - 510203 - رسوم مكتب العمل والمقابل المالي,510203,36016.77
8000010 - تسوية مراكز التكلفة تكامل,Cost of Goods Sold,Labor office fees - 510203 - رسوم مكتب العمل والمقابل المالي,510203,36016.77
8000011 - المصاريف العمومية والادارية تكامل,Cost of Goods Sold,Labor office fees - 510203 - رسوم مكتب العمل والمقابل المالي,510203,0.0
8000020 - مصاريف بيعية وتسويقية تكامل,Cost of Goods Sold,Labor office fees - 510203 - رسوم مكتب العمل والمقابل المالي,510203,0.0
8000030 - تدريب وتطوير تكامل,Cost of Goods Sold,Labor office fees - 510203 - رسوم مكتب العمل والمقابل المالي,510203,0.0
8000040 - مكتب ادارة المشاريع تكامل,Cost of Goods Sold,Labor office fees - 510203 - رسوم مكتب العمل والمقابل المالي,510203,0.0
8000050 - الاتصال المؤسسي تكامل,Cost of Goods Sold,Labor office fees - 510203 - رسوم مكتب العمل والمقابل المالي,510203,0.0
8000060 - منصة قياس الأثر,Cost of Goods Sold,Labor office fees - 510203 - رسوم مكتب العمل والمقابل المالي,510203,0.0
8023010 - إنشاء مقار إدارة العمل التطوعي لخدمة ضيوف الرحمن,Cost of Goods Sold,Labor office fees - 510203 - رسوم مكتب العمل والمقابل المالي,510203,0.0
8023020 - منهجية عمل تعزز البنية المؤسسية للمنظمات غير الربحية,Cost of Goods Sold,Labor office fees - 510203 - رسوم مكتب العمل والمقابل المالي,510203,0.0
8023030 - رفع الوعي الفني لدى منظمات القطاع غير الربحي,Cost of Goods Sold,Labor office fees - 510203 - رسوم مكتب العمل والمقابل المالي,510203,0.0
8024010 - مشروع تقديم خدمات تأسيس وتفعيل وحدات ومراكز العمل التطوعي,Cost of Goods Sold,Labor office fees - 510203 - رسوم مكتب العمل والمقابل المالي,510203,0.0
8024020 - مشروع الخدمات اللوجستية للعاملين في القطاع غير الربحي,Cost of Goods Sold,Labor office fees - 510203 - رسوم مكتب العمل والمقابل المالي,510203,0.0
8024030 - تمكين الجمعيات المتخصصة العاملة في القطاع غير الربحي,Cost of Goods Sold,Labor office fees - 510203 - رسوم مكتب العمل والمقابل المالي,510203,0.0
8024040 - تقديم الخدمات اللوجستية للتدريب في برنامج رائد,Cost of Goods Sold,Labor office fees - 510203 - رسوم مكتب العمل والمقابل المالي,510203,0.0
8025010 - مشروع العربة,Cost of Goods Sold,Labor office fees - 510203 - رسوم مكتب العمل والمقابل المالي,510203,0.0
8025020 - مشروع وزارة الرياضة,Cost of Goods Sold,Labor office fees - 510203 - رسوم مكتب العمل والمقابل المالي,510203,0.0
8025030 - تقديم 3000 ساعة عمل تطوعية لموظفين شركة الكهرباء,Cost of Goods Sold,Labor office fees - 510203 - رسوم مكتب العمل والمقابل المالي,510203,0.0
8025040 - مصنع الابتكار - اشوكا,Cost of Goods Sold,Labor office fees - 510203 - رسوم مكتب العمل والمقابل المالي,510203,0.0
8025050 - حصر الاحتياج التدريبي في منظومة الصحة,Cost of Goods Sold,Labor office fees - 510203 - رسوم مكتب العمل والمقابل المالي,510203,0.0
8025060 - مجموعات عمل التطوع التكافلي,Cost of Goods Sold,Labor office fees - 510203 - رسوم مكتب العمل والمقابل المالي,510203,0.0
8025070 - سفر الإفطار في الحرم المكي,Cost of Goods Sold,Labor office fees - 510203 - رسوم مكتب العمل والمقابل المالي,510203,0.0
8025080 - سوق الدار,Cost of Goods Sold,Labor office fees - 510203 - رسوم مكتب العمل والمقابل المالي,510203,0.0
8025090 - هاكاثون الوعي المعرفي,Cost of Goods Sold,Labor office fees - 510203 - رسوم مكتب العمل والمقابل المالي,510203,0.0
8025100 - مشروع منظومة عمل إدارة دراسات الحالة,Cost of Goods Sold,Labor office fees - 510203 - رسوم مكتب العمل والمقابل المالي,510203,0.0
8025110 - مشروع خارطة الاستثمار الاجتماعي في قطاع الشباب,Cost of Goods Sold,Labor office fees - 510203 - رسوم مكتب العمل والمقابل المالي,510203,0.0
8025120 - مشروع تقديم خدمات استشارية لأكاديمية الفوزان,Cost of Goods Sold,Labor office fees - 510203 - رسوم مكتب العمل والمقابل المالي,510203,0.0
8026010 - تأسيس وحدة الاستثمار الاجتماعي مع جمعية متلازمة النجاح,Cost of Goods Sold,Labor office fees - 510203 - رسوم مكتب العمل والمقابل المالي,510203,0.0
8026020 - التأهيل للتوظيف,Cost of Goods Sold,Labor office fees - 510203 - رسوم مكتب العمل والمقابل المالي,510203,0.0
8026030 - حاضنة أثر الطاقة الاجتماعية,Cost of Goods Sold,Labor office fees - 510203 - رسوم مكتب العمل والمقابل المالي,510203,0.0
Untagged,Cost of Goods Sold,Labor office fees - 510203 - رسوم مكتب العمل والمقابل المالي,510203,0.0
Overall,Cost of Goods Sold,Licence fees - 510301 - رسوم سجلات ورخص,510301,500.0
8000010 - تسوية مراكز التكلفة تكامل,Cost of Goods Sold,Licence fees - 510301 - رسوم سجلات ورخص,510301,0.0
8000011 - المصاريف العمومية والادارية تكامل,Cost of Goods Sold,Licence fees - 510301 - رسوم سجلات ورخص,510301,0.0
8000020 - مصاريف بيعية وتسويقية تكامل,Cost of Goods Sold,Licence fees - 510301 - رسوم سجلات ورخص,510301,0.0
8000030 - تدريب وتطوير تكامل,Cost of Goods Sold,Licence fees - 510301 - رسوم سجلات ورخص,510301,0.0
8000040 - مكتب ادارة المشاريع تكامل,Cost of Goods Sold,Licence fees - 510301 - رسوم سجلات ورخص,510301,0.0
8000050 - الاتصال المؤسسي تكامل,Cost of Goods Sold,Licence fees - 510301 - رسوم سجلات ورخص,510301,0.0
8000060 - منصة قياس الأثر,Cost of Goods Sold,Licence fees - 510301 - رسوم سجلات ورخص,510301,0.0
8023010 - إنشاء مقار إدارة العمل التطوعي لخدمة ضيوف الرحمن,Cost of Goods Sold,Licence fees - 510301 - رسوم سجلات ورخص,510301,0.0
8023020 - منهجية عمل تعزز البنية المؤسسية للمنظمات غير الربحية,Cost of Goods Sold,Licence fees - 510301 - رسوم سجلات ورخص,510301,0.0
8023030 - رفع الوعي الفني لدى منظمات القطاع غير الربحي,Cost of Goods Sold,Licence fees - 510301 - رسوم سجلات ورخص,510301,0.0
8024010 - مشروع تقديم خدمات تأسيس وتفعيل وحدات ومراكز العمل التطوعي,Cost of Goods Sold,Licence fees - 510301 - رسوم سجلات ورخص,510301,0.0
8024020 - مشروع الخدمات اللوجستية للعاملين في القطاع غير الربحي,Cost of Goods Sold,Licence fees - 510301 - رسوم سجلات ورخص,510301,0.0
8024030 - تمكين الجمعيات المتخصصة العاملة في القطاع غير الربحي,Cost of Goods Sold,Licence fees - 510301 - رسوم سجلات ورخص,510301,0.0
8024040 - تقديم الخدمات اللوجستية للتدريب في برنامج رائد,Cost of Goods Sold,Licence fees - 510301 - رسوم سجلات ورخص,510301,0.0
8025010 - مشروع العربة,Cost of Goods Sold,Licence fees - 510301 - رسوم سجلات ورخص,510301,0.0
8025020 - مشروع وزارة الرياضة,Cost of Goods Sold,Licence fees - 510301 - رسوم سجلات ورخص,510301,0.0
8025030 - تقديم 3000 ساعة عمل تطوعية لموظفين شركة الكهرباء,Cost of Goods Sold,Licence fees - 510301 - رسوم سجلات ورخص,510301,0.0
8025040 - مصنع الابتكار - اشوكا,Cost of Goods Sold,Licence fees - 510301 - رسوم سجلات ورخص,510301,500.0
8025050 - حصر الاحتياج التدريبي في منظومة الصحة,Cost of Goods Sold,Licence fees - 510301 - رسوم سجلات ورخص,510301,0.0
8025060 - مجموعات عمل التطوع التكافلي,Cost of Goods Sold,Licence fees - 510301 - رسوم سجلات ورخص,510301,0.0
8025070 - سفر الإفطار في الحرم المكي,Cost of Goods Sold,Licence fees - 510301 - رسوم سجلات ورخص,510301,0.0
8025080 - سوق الدار,Cost of Goods Sold,Licence fees - 510301 - رسوم سجلات ورخص,510301,0.0
8025090 - هاكاثون الوعي المعرفي,Cost of Goods Sold,Licence fees - 510301 - رسوم سجلات ورخص,510301,0.0
8025100 - مشروع منظومة عمل إدارة دراسات الحالة,Cost of Goods Sold,Licence fees - 510301 - رسوم سجلات ورخص,510301,0.0
8025110 - مشروع خارطة الاستثمار الاجتماعي في قطاع الشباب,Cost of Goods Sold,Licence fees - 510301 - رسوم سجلات ورخص,510301,0.0
8025120 - مشروع تقديم خدمات استشارية لأكاديمية الفوزان,Cost of Goods Sold,Licence fees - 510301 - رسوم سجلات ورخص,510301,0.0
8026010 - تأسيس وحدة الاستثمار الاجتماعي مع جمعية متلازمة النجاح,Cost of Goods Sold,Licence fees - 510301 - رسوم سجلات ورخص,510301,0.0
8026020 - التأهيل للتوظيف,Cost of Goods Sold,Licence fees - 510301 - رسوم سجلات ورخص,510301,0.0
8026030 - حاضنة أثر الطاقة الاجتماعية,Cost of Goods Sold,Licence fees - 510301 - رسوم سجلات ورخص,510301,0.0
Untagged,Cost of Goods Sold,Licence fees - 510301 - رسوم سجلات ورخص,510301,0.0
Overall,Cost of Goods Sold,Live broadcast costs - 520905 - تكاليف بث مباشر,520905,3800.0
8000010 - تسوية مراكز التكلفة تكامل,Cost of Goods Sold,Live broadcast costs - 520905 - تكاليف بث مباشر,520905,0.0
8000011 - المصاريف العمومية والادارية تكامل,Cost of Goods Sold,Live broadcast costs - 520905 - تكاليف بث مباشر,520905,0.0
8000020 - مصاريف بيعية وتسويقية تكامل,Cost of Goods Sold,Live broadcast costs - 520905 - تكاليف بث مباشر,520905,0.0
8000030 - تدريب وتطوير تكامل,Cost of Goods Sold,Live broadcast costs - 520905 - تكاليف بث مباشر,520905,0.0
8000040 - مكتب ادارة المشاريع تكامل,Cost of Goods Sold,Live broadcast costs - 520905 - تكاليف بث مباشر,520905,0.0
8000050 - الاتصال المؤسسي تكامل,Cost of Goods Sold,Live broadcast costs - 520905 - تكاليف بث مباشر,520905,0.0
8000060 - منصة قياس الأثر,Cost of Goods Sold,Live broadcast costs - 520905 - تكاليف بث مباشر,520905,0.0
8023010 - إنشاء مقار إدارة العمل التطوعي لخدمة ضيوف الرحمن,Cost of Goods Sold,Live broadcast costs - 520905 - تكاليف بث مباشر,520905,0.0
8023020 - منهجية عمل تعزز البنية المؤسسية للمنظمات غير الربحية,Cost of Goods Sold,Live broadcast costs - 520905 - تكاليف بث مباشر,520905,0.0
8023030 - رفع الوعي الفني لدى منظمات القطاع غير الربحي,Cost of Goods Sold,Live broadcast costs - 520905 - تكاليف بث مباشر,520905,0.0
8024010 - مشروع تقديم خدمات تأسيس وتفعيل وحدات ومراكز العمل التطوعي,Cost of Goods Sold,Live broadcast costs - 520905 - تكاليف بث مباشر,520905,0.0
8024020 - مشروع الخدمات اللوجستية للعاملين في القطاع غير الربحي,Cost of Goods Sold,Live broadcast costs - 520905 - تكاليف بث مباشر,520905,0.0
8024030 - تمكين الجمعيات المتخصصة العاملة في القطاع غير الربحي,Cost of Goods Sold,Live broadcast costs - 520905 - تكاليف بث مباشر,520905,0.0
8024040 - تقديم الخدمات اللوجستية للتدريب في برنامج رائد,Cost of Goods Sold,Live broadcast costs - 520905 - تكاليف بث مباشر,520905,0.0
8025010 - مشروع العربة,Cost of Goods Sold,Live broadcast costs - 520905 - تكاليف بث مباشر,520905,0.0
8025020 - مشروع وزارة الرياضة,Cost of Goods Sold,Live broadcast costs - 520905 - تكاليف بث مباشر,520905,0.0
8025030 - تقديم 3000 ساعة عمل تطوعية لموظفين شركة الكهرباء,Cost of Goods Sold,Live broadcast costs - 520905 - تكاليف بث مباشر,520905,0.0
8025040 - مصنع الابتكار - اشوكا,Cost of Goods Sold,Live broadcast costs - 520905 - تكاليف بث مباشر,520905,0.0
8025050 - حصر الاحتياج التدريبي في منظومة الصحة,Cost of Goods Sold,Live broadcast costs - 520905 - تكاليف بث مباشر,520905,0.0
8025060 - مجموعات عمل التطوع التكافلي,Cost of Goods Sold,Live broadcast costs - 520905 - تكاليف بث مباشر,520905,0.0
8025070 - سفر الإفطار في الحرم المكي,Cost of Goods Sold,Live broadcast costs - 520905 - تكاليف بث مباشر,520905,3800.0
8025080 - سوق الدار,Cost of Goods Sold,Live broadcast costs - 520905 - تكاليف بث مباشر,520905,0.0
8025090 - هاكاثون الوعي المعرفي,Cost of Goods Sold,Live broadcast costs - 520905 - تكاليف بث مباشر,520905,0.0
8025100 - مشروع منظومة عمل إدارة دراسات الحالة,Cost of Goods Sold,Live broadcast costs - 520905 - تكاليف بث مباشر,520905,0.0
8025110 - مشروع خارطة الاستثمار الاجتماعي في قطاع الشباب,Cost of Goods Sold,Live broadcast costs - 520905 - تكاليف بث مباشر,520905,0.0
8025120 - مشروع تقديم خدمات استشارية لأكاديمية الفوزان,Cost of Goods Sold,Live broadcast costs - 520905 - تكاليف بث مباشر,520905,0.0
8026010 - تأسيس وحدة الاستثمار الاجتماعي مع جمعية متلازمة النجاح,Cost of Goods Sold,Live broadcast costs - 520905 - تكاليف بث مباشر,520905,0.0
8026020 - التأهيل للتوظيف,Cost of Goods Sold,Live broadcast costs - 520905 - تكاليف بث مباشر,520905,0.0
8026030 - حاضنة أثر الطاقة الاجتماعية,Cost of Goods Sold,Live broadcast costs - 520905 - تكاليف بث مباشر,520905,0.0
Untagged,Cost of Goods Sold,Live broadcast costs - 520905 - تكاليف بث مباشر,520905,0.0
Overall,Cost of Goods Sold,Logistic & transportation fees - 520105 - اتعاب لوجستية ونقل,520105,24250.25
8000010 - تسوية مراكز التكلفة تكامل,Cost of Goods Sold,Logistic & transportation fees - 520105 - اتعاب لوجستية ونقل,520105,0.0
8000011 - المصاريف العمومية والادارية تكامل,Cost of Goods Sold,Logistic & transportation fees - 520105 - اتعاب لوجستية ونقل,520105,0.0
8000020 - مصاريف بيعية وتسويقية تكامل,Cost of Goods Sold,Logistic & transportation fees - 520105 - اتعاب لوجستية ونقل,520105,0.0
8000030 - تدريب وتطوير تكامل,Cost of Goods Sold,Logistic & transportation fees - 520105 - اتعاب لوجستية ونقل,520105,0.0
8000040 - مكتب ادارة المشاريع تكامل,Cost of Goods Sold,Logistic & transportation fees - 520105 - اتعاب لوجستية ونقل,520105,0.0
8000050 - الاتصال المؤسسي تكامل,Cost of Goods Sold,Logistic & transportation fees - 520105 - اتعاب لوجستية ونقل,520105,0.0
8000060 - منصة قياس الأثر,Cost of Goods Sold,Logistic & transportation fees - 520105 - اتعاب لوجستية ونقل,520105,0.0
8023010 - إنشاء مقار إدارة العمل التطوعي لخدمة ضيوف الرحمن,Cost of Goods Sold,Logistic & transportation fees - 520105 - اتعاب لوجستية ونقل,520105,0.0
8023020 - منهجية عمل تعزز البنية المؤسسية للمنظمات غير الربحية,Cost of Goods Sold,Logistic & transportation fees - 520105 - اتعاب لوجستية ونقل,520105,0.0
8023030 - رفع الوعي الفني لدى منظمات القطاع غير الربحي,Cost of Goods Sold,Logistic & transportation fees - 520105 - اتعاب لوجستية ونقل,520105,0.0
8024010 - مشروع تقديم خدمات تأسيس وتفعيل وحدات ومراكز العمل التطوعي,Cost of Goods Sold,Logistic & transportation fees - 520105 - اتعاب لوجستية ونقل,520105,6723.25
8024020 - مشروع الخدمات اللوجستية للعاملين في القطاع غير الربحي,Cost of Goods Sold,Logistic & transportation fees - 520105 - اتعاب لوجستية ونقل,520105,0.0
8024030 - تمكين الجمعيات المتخصصة العاملة في القطاع غير الربحي,Cost of Goods Sold,Logistic & transportation fees - 520105 - اتعاب لوجستية ونقل,520105,0.0
8024040 - تقديم الخدمات اللوجستية للتدريب في برنامج رائد,Cost of Goods Sold,Logistic & transportation fees - 520105 - اتعاب لوجستية ونقل,520105,8800.0
8025010 - مشروع العربة,Cost of Goods Sold,Logistic & transportation fees - 520105 - اتعاب لوجستية ونقل,520105,0.0
8025020 - مشروع وزارة الرياضة,Cost of Goods Sold,Logistic & transportation fees - 520105 - اتعاب لوجستية ونقل,520105,5227.0
8025030 - تقديم 3000 ساعة عمل تطوعية لموظفين شركة الكهرباء,Cost of Goods Sold,Logistic & transportation fees - 520105 - اتعاب لوجستية ونقل,520105,0.0
8025040 - مصنع الابتكار - اشوكا,Cost of Goods Sold,Logistic & transportation fees - 520105 - اتعاب لوجستية ونقل,520105,1700.0
8025050 - حصر الاحتياج التدريبي في منظومة الصحة,Cost of Goods Sold,Logistic & transportation fees - 520105 - اتعاب لوجستية ونقل,520105,0.0
8025060 - مجموعات عمل التطوع التكافلي,Cost of Goods Sold,Logistic & transportation fees - 520105 - اتعاب لوجستية ونقل,520105,0.0
8025070 - سفر الإفطار في الحرم المكي,Cost of Goods Sold,Logistic & transportation fees - 520105 - اتعاب لوجستية ونقل,520105,1550.0
8025080 - سوق الدار,Cost of Goods Sold,Logistic & transportation fees - 520105 - اتعاب لوجستية ونقل,520105,250.0
8025090 - هاكاثون الوعي المعرفي,Cost of Goods Sold,Logistic & transportation fees - 520105 - اتعاب لوجستية ونقل,520105,0.0
8025100 - مشروع منظومة عمل إدارة دراسات الحالة,Cost of Goods Sold,Logistic & transportation fees - 520105 - اتعاب لوجستية ونقل,520105,0.0
8025110 - مشروع خارطة الاستثمار الاجتماعي في قطاع الشباب,Cost of Goods Sold,Logistic & transportation fees - 520105 - اتعاب لوجستية ونقل,520105,0.0
8025120 - مشروع تقديم خدمات استشارية لأكاديمية الفوزان,Cost of Goods Sold,Logistic & transportation fees - 520105 - اتعاب لوجستية ونقل,520105,0.0
8026010 - تأسيس وحدة الاستثمار الاجتماعي مع جمعية متلازمة النجاح,Cost of Goods Sold,Logistic & transportation fees - 520105 - اتعاب لوجستية ونقل,520105,0.0
8026020 - التأهيل للتوظيف,Cost of Goods Sold,Logistic & transportation fees - 520105 - اتعاب لوجستية ونقل,520105,0.0
8026030 - حاضنة أثر الطاقة الاجتماعية,Cost of Goods Sold,Logistic & transportation fees - 520105 - اتعاب لوجستية ونقل,520105,0.0
Untagged,Cost of Goods Sold,Logistic & transportation fees - 520105 - اتعاب لوجستية ونقل,520105,0.0
Overall,Cost of Goods Sold,Marketing commission - 530107 - عمولات تسويق,530107,44800.0
8000010 - تسوية مراكز التكلفة تكامل,Cost of Goods Sold,Marketing commission - 530107 - عمولات تسويق,530107,0.0
8000011 - المصاريف العمومية والادارية تكامل,Cost of Goods Sold,Marketing commission - 530107 - عمولات تسويق,530107,0.0
8000020 - مصاريف بيعية وتسويقية تكامل,Cost of Goods Sold,Marketing commission - 530107 - عمولات تسويق,530107,0.0
8000030 - تدريب وتطوير تكامل,Cost of Goods Sold,Marketing commission - 530107 - عمولات تسويق,530107,0.0
8000040 - مكتب ادارة المشاريع تكامل,Cost of Goods Sold,Marketing commission - 530107 - عمولات تسويق,530107,0.0
8000050 - الاتصال المؤسسي تكامل,Cost of Goods Sold,Marketing commission - 530107 - عمولات تسويق,530107,0.0
8000060 - منصة قياس الأثر,Cost of Goods Sold,Marketing commission - 530107 - عمولات تسويق,530107,0.0
8023010 - إنشاء مقار إدارة العمل التطوعي لخدمة ضيوف الرحمن,Cost of Goods Sold,Marketing commission - 530107 - عمولات تسويق,530107,0.0
8023020 - منهجية عمل تعزز البنية المؤسسية للمنظمات غير الربحية,Cost of Goods Sold,Marketing commission - 530107 - عمولات تسويق,530107,0.0
8023030 - رفع الوعي الفني لدى منظمات القطاع غير الربحي,Cost of Goods Sold,Marketing commission - 530107 - عمولات تسويق,530107,40000.0
8024010 - مشروع تقديم خدمات تأسيس وتفعيل وحدات ومراكز العمل التطوعي,Cost of Goods Sold,Marketing commission - 530107 - عمولات تسويق,530107,0.0
8024020 - مشروع الخدمات اللوجستية للعاملين في القطاع غير الربحي,Cost of Goods Sold,Marketing commission - 530107 - عمولات تسويق,530107,4800.0
8024030 - تمكين الجمعيات المتخصصة العاملة في القطاع غير الربحي,Cost of Goods Sold,Marketing commission - 530107 - عمولات تسويق,530107,0.0
8024040 - تقديم الخدمات اللوجستية للتدريب في برنامج رائد,Cost of Goods Sold,Marketing commission - 530107 - عمولات تسويق,530107,0.0
8025010 - مشروع العربة,Cost of Goods Sold,Marketing commission - 530107 - عمولات تسويق,530107,0.0
8025020 - مشروع وزارة الرياضة,Cost of Goods Sold,Marketing commission - 530107 - عمولات تسويق,530107,0.0
8025030 - تقديم 3000 ساعة عمل تطوعية لموظفين شركة الكهرباء,Cost of Goods Sold,Marketing commission - 530107 - عمولات تسويق,530107,0.0
8025040 - مصنع الابتكار - اشوكا,Cost of Goods Sold,Marketing commission - 530107 - عمولات تسويق,530107,0.0
8025050 - حصر الاحتياج التدريبي في منظومة الصحة,Cost of Goods Sold,Marketing commission - 530107 - عمولات تسويق,530107,0.0
8025060 - مجموعات عمل التطوع التكافلي,Cost of Goods Sold,Marketing commission - 530107 - عمولات تسويق,530107,0.0
8025070 - سفر الإفطار في الحرم المكي,Cost of Goods Sold,Marketing commission - 530107 - عمولات تسويق,530107,0.0
8025080 - سوق الدار,Cost of Goods Sold,Marketing commission - 530107 - عمولات تسويق,530107,0.0
8025090 - هاكاثون الوعي المعرفي,Cost of Goods Sold,Marketing commission - 530107 - عمولات تسويق,530107,0.0
8025100 - مشروع منظومة عمل إدارة دراسات الحالة,Cost of Goods Sold,Marketing commission - 530107 - عمولات تسويق,530107,0.0
8025110 - مشروع خارطة الاستثمار الاجتماعي في قطاع الشباب,Cost of Goods Sold,Marketing commission - 530107 - عمولات تسويق,530107,0.0
8025120 - مشروع تقديم خدمات استشارية لأكاديمية الفوزان,Cost of Goods Sold,Marketing commission - 530107 - عمولات تسويق,530107,0.0
8026010 - تأسيس وحدة الاستثمار الاجتماعي مع جمعية متلازمة النجاح,Cost of Goods Sold,Marketing commission - 530107 - عمولات تسويق,530107,0.0
8026020 - التأهيل للتوظيف,Cost of Goods Sold,Marketing commission - 530107 - عمولات تسويق,530107,0.0
8026030 - حاضنة أثر الطاقة الاجتماعية,Cost of Goods Sold,Marketing commission - 530107 - عمولات تسويق,530107,0.0
Untagged,Cost of Goods Sold,Marketing commission - 530107 - عمولات تسويق,530107,0.0
Overall,Cost of Goods Sold,Medical insurance - 510104 - تامين طبي,510104,170343.24
8000010 - تسوية مراكز التكلفة تكامل,Cost of Goods Sold,Medical insurance - 510104 - تامين طبي,510104,170343.24
8000011 - المصاريف العمومية والادارية تكامل,Cost of Goods Sold,Medical insurance - 510104 - تامين طبي,510104,0.0
8000020 - مصاريف بيعية وتسويقية تكامل,Cost of Goods Sold,Medical insurance - 510104 - تامين طبي,510104,0.0
8000030 - تدريب وتطوير تكامل,Cost of Goods Sold,Medical insurance - 510104 - تامين طبي,510104,0.0
8000040 - مكتب ادارة المشاريع تكامل,Cost of Goods Sold,Medical insurance - 510104 - تامين طبي,510104,0.0
8000050 - الاتصال المؤسسي تكامل,Cost of Goods Sold,Medical insurance - 510104 - تامين طبي,510104,0.0
8000060 - منصة قياس الأثر,Cost of Goods Sold,Medical insurance - 510104 - تامين طبي,510104,0.0
8023010 - إنشاء مقار إدارة العمل التطوعي لخدمة ضيوف الرحمن,Cost of Goods Sold,Medical insurance - 510104 - تامين طبي,510104,0.0
8023020 - منهجية عمل تعزز البنية المؤسسية للمنظمات غير الربحية,Cost of Goods Sold,Medical insurance - 510104 - تامين طبي,510104,0.0
8023030 - رفع الوعي الفني لدى منظمات القطاع غير الربحي,Cost of Goods Sold,Medical insurance - 510104 - تامين طبي,510104,0.0
8024010 - مشروع تقديم خدمات تأسيس وتفعيل وحدات ومراكز العمل التطوعي,Cost of Goods Sold,Medical insurance - 510104 - تامين طبي,510104,0.0
8024020 - مشروع الخدمات اللوجستية للعاملين في القطاع غير الربحي,Cost of Goods Sold,Medical insurance - 510104 - تامين طبي,510104,0.0
8024030 - تمكين الجمعيات المتخصصة العاملة في القطاع غير الربحي,Cost of Goods Sold,Medical insurance - 510104 - تامين طبي,510104,0.0
8024040 - تقديم الخدمات اللوجستية للتدريب في برنامج رائد,Cost of Goods Sold,Medical insurance - 510104 - تامين طبي,510104,0.0
8025010 - مشروع العربة,Cost of Goods Sold,Medical insurance - 510104 - تامين طبي,510104,0.0
8025020 - مشروع وزارة الرياضة,Cost of Goods Sold,Medical insurance - 510104 - تامين طبي,510104,0.0
8025030 - تقديم 3000 ساعة عمل تطوعية لموظفين شركة الكهرباء,Cost of Goods Sold,Medical insurance - 510104 - تامين طبي,510104,0.0
8025040 - مصنع الابتكار - اشوكا,Cost of Goods Sold,Medical insurance - 510104 - تامين طبي,510104,0.0
8025050 - حصر الاحتياج التدريبي في منظومة الصحة,Cost of Goods Sold,Medical insurance - 510104 - تامين طبي,510104,0.0
8025060 - مجموعات عمل التطوع التكافلي,Cost of Goods Sold,Medical insurance - 510104 - تامين طبي,510104,0.0
8025070 - سفر الإفطار في الحرم المكي,Cost of Goods Sold,Medical insurance - 510104 - تامين طبي,510104,0.0
8025080 - سوق الدار,Cost of Goods Sold,Medical insurance - 510104 - تامين طبي,510104,0.0
8025090 - هاكاثون الوعي المعرفي,Cost of Goods Sold,Medical insurance - 510104 - تامين طبي,510104,0.0
8025100 - مشروع منظومة عمل إدارة دراسات الحالة,Cost of Goods Sold,Medical insurance - 510104 - تامين طبي,510104,0.0
8025110 - مشروع خارطة الاستثمار الاجتماعي في قطاع الشباب,Cost of Goods Sold,Medical insurance - 510104 - تامين طبي,510104,0.0
8025120 - مشروع تقديم خدمات استشارية لأكاديمية الفوزان,Cost of Goods Sold,Medical insurance - 510104 - تامين طبي,510104,0.0
8026010 - تأسيس وحدة الاستثمار الاجتماعي مع جمعية متلازمة النجاح,Cost of Goods Sold,Medical insurance - 510104 - تامين طبي,510104,0.0
8026020 - التأهيل للتوظيف,Cost of Goods Sold,Medical insurance - 510104 - تامين طبي,510104,0.0
8026030 - حاضنة أثر الطاقة الاجتماعية,Cost of Goods Sold,Medical insurance - 510104 - تامين طبي,510104,0.0
Untagged,Cost of Goods Sold,Medical insurance - 510104 - تامين طبي,510104,0.0
Overall,Cost of Goods Sold,Miscellaneous - 530106 - نثريات,530106,349.03
8000010 - تسوية مراكز التكلفة تكامل,Cost of Goods Sold,Miscellaneous - 530106 - نثريات,530106,0.0
8000011 - المصاريف العمومية والادارية تكامل,Cost of Goods Sold,Miscellaneous - 530106 - نثريات,530106,0.0
8000020 - مصاريف بيعية وتسويقية تكامل,Cost of Goods Sold,Miscellaneous - 530106 - نثريات,530106,0.0
8000030 - تدريب وتطوير تكامل,Cost of Goods Sold,Miscellaneous - 530106 - نثريات,530106,0.0
8000040 - مكتب ادارة المشاريع تكامل,Cost of Goods Sold,Miscellaneous - 530106 - نثريات,530106,0.0
8000050 - الاتصال المؤسسي تكامل,Cost of Goods Sold,Miscellaneous - 530106 - نثريات,530106,0.0
8000060 - منصة قياس الأثر,Cost of Goods Sold,Miscellaneous - 530106 - نثريات,530106,0.0
8023010 - إنشاء مقار إدارة العمل التطوعي لخدمة ضيوف الرحمن,Cost of Goods Sold,Miscellaneous - 530106 - نثريات,530106,0.0
8023020 - منهجية عمل تعزز البنية المؤسسية للمنظمات غير الربحية,Cost of Goods Sold,Miscellaneous - 530106 - نثريات,530106,0.0
8023030 - رفع الوعي الفني لدى منظمات القطاع غير الربحي,Cost of Goods Sold,Miscellaneous - 530106 - نثريات,530106,0.0
8024010 - مشروع تقديم خدمات تأسيس وتفعيل وحدات ومراكز العمل التطوعي,Cost of Goods Sold,Miscellaneous - 530106 - نثريات,530106,0.0
8024020 - مشروع الخدمات اللوجستية للعاملين في القطاع غير الربحي,Cost of Goods Sold,Miscellaneous - 530106 - نثريات,530106,349.02
8024030 - تمكين الجمعيات المتخصصة العاملة في القطاع غير الربحي,Cost of Goods Sold,Miscellaneous - 530106 - نثريات,530106,0.0
8024040 - تقديم الخدمات اللوجستية للتدريب في برنامج رائد,Cost of Goods Sold,Miscellaneous - 530106 - نثريات,530106,0.0
8025010 - مشروع العربة,Cost of Goods Sold,Miscellaneous - 530106 - نثريات,530106,0.01
8025020 - مشروع وزارة الرياضة,Cost of Goods Sold,Miscellaneous - 530106 - نثريات,530106,0.0
8025030 - تقديم 3000 ساعة عمل تطوعية لموظفين شركة الكهرباء,Cost of Goods Sold,Miscellaneous - 530106 - نثريات,530106,0.0
8025040 - مصنع الابتكار - اشوكا,Cost of Goods Sold,Miscellaneous - 530106 - نثريات,530106,0.0
8025050 - حصر الاحتياج التدريبي في منظومة الصحة,Cost of Goods Sold,Miscellaneous - 530106 - نثريات,530106,0.0
8025060 - مجموعات عمل التطوع التكافلي,Cost of Goods Sold,Miscellaneous - 530106 - نثريات,530106,0.0
8025070 - سفر الإفطار في الحرم المكي,Cost of Goods Sold,Miscellaneous - 530106 - نثريات,530106,0.0
8025080 - سوق الدار,Cost of Goods Sold,Miscellaneous - 530106 - نثريات,530106,0.0
8025090 - هاكاثون الوعي المعرفي,Cost of Goods Sold,Miscellaneous - 530106 - نثريات,530106,0.0
8025100 - مشروع منظومة عمل إدارة دراسات الحالة,Cost of Goods Sold,Miscellaneous - 530106 - نثريات,530106,0.0
8025110 - مشروع خارطة الاستثمار الاجتماعي في قطاع الشباب,Cost of Goods Sold,Miscellaneous - 530106 - نثريات,530106,0.0
8025120 - مشروع تقديم خدمات استشارية لأكاديمية الفوزان,Cost of Goods Sold,Miscellaneous - 530106 - نثريات,530106,0.0
8026010 - تأسيس وحدة الاستثمار الاجتماعي مع جمعية متلازمة النجاح,Cost of Goods Sold,Miscellaneous - 530106 - نثريات,530106,0.0
8026020 - التأهيل للتوظيف,Cost of Goods Sold,Miscellaneous - 530106 - نثريات,530106,0.0
8026030 - حاضنة أثر الطاقة الاجتماعية,Cost of Goods Sold,Miscellaneous - 530106 - نثريات,530106,0.0
Untagged,Cost of Goods Sold,Miscellaneous - 530106 - نثريات,530106,0.0
Overall,Cost of Goods Sold,Mobile  - 521302 - شحن جوال,521302,270.0
8000010 - تسوية مراكز التكلفة تكامل,Cost of Goods Sold,Mobile  - 521302 - شحن جوال,521302,0.0
8000011 - المصاريف العمومية والادارية تكامل,Cost of Goods Sold,Mobile  - 521302 - شحن جوال,521302,0.0
8000020 - مصاريف بيعية وتسويقية تكامل,Cost of Goods Sold,Mobile  - 521302 - شحن جوال,521302,0.0
8000030 - تدريب وتطوير تكامل,Cost of Goods Sold,Mobile  - 521302 - شحن جوال,521302,0.0
8000040 - مكتب ادارة المشاريع تكامل,Cost of Goods Sold,Mobile  - 521302 - شحن جوال,521302,0.0
8000050 - الاتصال المؤسسي تكامل,Cost of Goods Sold,Mobile  - 521302 - شحن جوال,521302,0.0
8000060 - منصة قياس الأثر,Cost of Goods Sold,Mobile  - 521302 - شحن جوال,521302,0.0
8023010 - إنشاء مقار إدارة العمل التطوعي لخدمة ضيوف الرحمن,Cost of Goods Sold,Mobile  - 521302 - شحن جوال,521302,0.0
8023020 - منهجية عمل تعزز البنية المؤسسية للمنظمات غير الربحية,Cost of Goods Sold,Mobile  - 521302 - شحن جوال,521302,0.0
8023030 - رفع الوعي الفني لدى منظمات القطاع غير الربحي,Cost of Goods Sold,Mobile  - 521302 - شحن جوال,521302,0.0
8024010 - مشروع تقديم خدمات تأسيس وتفعيل وحدات ومراكز العمل التطوعي,Cost of Goods Sold,Mobile  - 521302 - شحن جوال,521302,0.0
8024020 - مشروع الخدمات اللوجستية للعاملين في القطاع غير الربحي,Cost of Goods Sold,Mobile  - 521302 - شحن جوال,521302,0.0
8024030 - تمكين الجمعيات المتخصصة العاملة في القطاع غير الربحي,Cost of Goods Sold,Mobile  - 521302 - شحن جوال,521302,0.0
8024040 - تقديم الخدمات اللوجستية للتدريب في برنامج رائد,Cost of Goods Sold,Mobile  - 521302 - شحن جوال,521302,0.0
8025010 - مشروع العربة,Cost of Goods Sold,Mobile  - 521302 - شحن جوال,521302,0.0
8025020 - مشروع وزارة الرياضة,Cost of Goods Sold,Mobile  - 521302 - شحن جوال,521302,0.0
8025030 - تقديم 3000 ساعة عمل تطوعية لموظفين شركة الكهرباء,Cost of Goods Sold,Mobile  - 521302 - شحن جوال,521302,0.0
8025040 - مصنع الابتكار - اشوكا,Cost of Goods Sold,Mobile  - 521302 - شحن جوال,521302,270.0
8025050 - حصر الاحتياج التدريبي في منظومة الصحة,Cost of Goods Sold,Mobile  - 521302 - شحن جوال,521302,0.0
8025060 - مجموعات عمل التطوع التكافلي,Cost of Goods Sold,Mobile  - 521302 - شحن جوال,521302,0.0
8025070 - سفر الإفطار في الحرم المكي,Cost of Goods Sold,Mobile  - 521302 - شحن جوال,521302,0.0
8025080 - سوق الدار,Cost of Goods Sold,Mobile  - 521302 - شحن جوال,521302,0.0
8025090 - هاكاثون الوعي المعرفي,Cost of Goods Sold,Mobile  - 521302 - شحن جوال,521302,0.0
8025100 - مشروع منظومة عمل إدارة دراسات الحالة,Cost of Goods Sold,Mobile  - 521302 - شحن جوال,521302,0.0
8025110 - مشروع خارطة الاستثمار الاجتماعي في قطاع الشباب,Cost of Goods Sold,Mobile  - 521302 - شحن جوال,521302,0.0
8025120 - مشروع تقديم خدمات استشارية لأكاديمية الفوزان,Cost of Goods Sold,Mobile  - 521302 - شحن جوال,521302,0.0
8026010 - تأسيس وحدة الاستثمار الاجتماعي مع جمعية متلازمة النجاح,Cost of Goods Sold,Mobile  - 521302 - شحن جوال,521302,0.0
8026020 - التأهيل للتوظيف,Cost of Goods Sold,Mobile  - 521302 - شحن جوال,521302,0.0
8026030 - حاضنة أثر الطاقة الاجتماعية,Cost of Goods Sold,Mobile  - 521302 - شحن جوال,521302,0.0
Untagged,Cost of Goods Sold,Mobile  - 521302 - شحن جوال,521302,0.0
Overall,Cost of Goods Sold,montage fee - 520903 - اتعاب مونتاج,520903,2500.0
8000010 - تسوية مراكز التكلفة تكامل,Cost of Goods Sold,montage fee - 520903 - اتعاب مونتاج,520903,0.0
8000011 - المصاريف العمومية والادارية تكامل,Cost of Goods Sold,montage fee - 520903 - اتعاب مونتاج,520903,0.0
8000020 - مصاريف بيعية وتسويقية تكامل,Cost of Goods Sold,montage fee - 520903 - اتعاب مونتاج,520903,0.0
8000030 - تدريب وتطوير تكامل,Cost of Goods Sold,montage fee - 520903 - اتعاب مونتاج,520903,0.0
8000040 - مكتب ادارة المشاريع تكامل,Cost of Goods Sold,montage fee - 520903 - اتعاب مونتاج,520903,0.0
8000050 - الاتصال المؤسسي تكامل,Cost of Goods Sold,montage fee - 520903 - اتعاب مونتاج,520903,0.0
8000060 - منصة قياس الأثر,Cost of Goods Sold,montage fee - 520903 - اتعاب مونتاج,520903,0.0
8023010 - إنشاء مقار إدارة العمل التطوعي لخدمة ضيوف الرحمن,Cost of Goods Sold,montage fee - 520903 - اتعاب مونتاج,520903,0.0
8023020 - منهجية عمل تعزز البنية المؤسسية للمنظمات غير الربحية,Cost of Goods Sold,montage fee - 520903 - اتعاب مونتاج,520903,1000.0
8023030 - رفع الوعي الفني لدى منظمات القطاع غير الربحي,Cost of Goods Sold,montage fee - 520903 - اتعاب مونتاج,520903,0.0
8024010 - مشروع تقديم خدمات تأسيس وتفعيل وحدات ومراكز العمل التطوعي,Cost of Goods Sold,montage fee - 520903 - اتعاب مونتاج,520903,0.0
8024020 - مشروع الخدمات اللوجستية للعاملين في القطاع غير الربحي,Cost of Goods Sold,montage fee - 520903 - اتعاب مونتاج,520903,0.0
8024030 - تمكين الجمعيات المتخصصة العاملة في القطاع غير الربحي,Cost of Goods Sold,montage fee - 520903 - اتعاب مونتاج,520903,0.0
8024040 - تقديم الخدمات اللوجستية للتدريب في برنامج رائد,Cost of Goods Sold,montage fee - 520903 - اتعاب مونتاج,520903,0.0
8025010 - مشروع العربة,Cost of Goods Sold,montage fee - 520903 - اتعاب مونتاج,520903,0.0
8025020 - مشروع وزارة الرياضة,Cost of Goods Sold,montage fee - 520903 - اتعاب مونتاج,520903,0.0
8025030 - تقديم 3000 ساعة عمل تطوعية لموظفين شركة الكهرباء,Cost of Goods Sold,montage fee - 520903 - اتعاب مونتاج,520903,0.0
8025040 - مصنع الابتكار - اشوكا,Cost of Goods Sold,montage fee - 520903 - اتعاب مونتاج,520903,0.0
8025050 - حصر الاحتياج التدريبي في منظومة الصحة,Cost of Goods Sold,montage fee - 520903 - اتعاب مونتاج,520903,0.0
8025060 - مجموعات عمل التطوع التكافلي,Cost of Goods Sold,montage fee - 520903 - اتعاب مونتاج,520903,0.0
8025070 - سفر الإفطار في الحرم المكي,Cost of Goods Sold,montage fee - 520903 - اتعاب مونتاج,520903,1500.0
8025080 - سوق الدار,Cost of Goods Sold,montage fee - 520903 - اتعاب مونتاج,520903,0.0
8025090 - هاكاثون الوعي المعرفي,Cost of Goods Sold,montage fee - 520903 - اتعاب مونتاج,520903,0.0
8025100 - مشروع منظومة عمل إدارة دراسات الحالة,Cost of Goods Sold,montage fee - 520903 - اتعاب مونتاج,520903,0.0
8025110 - مشروع خارطة الاستثمار الاجتماعي في قطاع الشباب,Cost of Goods Sold,montage fee - 520903 - اتعاب مونتاج,520903,0.0
8025120 - مشروع تقديم خدمات استشارية لأكاديمية الفوزان,Cost of Goods Sold,montage fee - 520903 - اتعاب مونتاج,520903,0.0
8026010 - تأسيس وحدة الاستثمار الاجتماعي مع جمعية متلازمة النجاح,Cost of Goods Sold,montage fee - 520903 - اتعاب مونتاج,520903,0.0
8026020 - التأهيل للتوظيف,Cost of Goods Sold,montage fee - 520903 - اتعاب مونتاج,520903,0.0
8026030 - حاضنة أثر الطاقة الاجتماعية,Cost of Goods Sold,montage fee - 520903 - اتعاب مونتاج,520903,0.0
Untagged,Cost of Goods Sold,montage fee - 520903 - اتعاب مونتاج,520903,0.0
Overall,Cost of Goods Sold,Office subscription - 521401 - اشتراك موقع Office,521401,6400.0
8000010 - تسوية مراكز التكلفة تكامل,Cost of Goods Sold,Office subscription - 521401 - اشتراك موقع Office,521401,620.0
8000011 - المصاريف العمومية والادارية تكامل,Cost of Goods Sold,Office subscription - 521401 - اشتراك موقع Office,521401,0.0
8000020 - مصاريف بيعية وتسويقية تكامل,Cost of Goods Sold,Office subscription - 521401 - اشتراك موقع Office,521401,0.0
8000030 - تدريب وتطوير تكامل,Cost of Goods Sold,Office subscription - 521401 - اشتراك موقع Office,521401,0.0
8000040 - مكتب ادارة المشاريع تكامل,Cost of Goods Sold,Office subscription - 521401 - اشتراك موقع Office,521401,0.0
8000050 - الاتصال المؤسسي تكامل,Cost of Goods Sold,Office subscription - 521401 - اشتراك موقع Office,521401,0.0
8000060 - منصة قياس الأثر,Cost of Goods Sold,Office subscription - 521401 - اشتراك موقع Office,521401,0.0
8023010 - إنشاء مقار إدارة العمل التطوعي لخدمة ضيوف الرحمن,Cost of Goods Sold,Office subscription - 521401 - اشتراك موقع Office,521401,0.0
8023020 - منهجية عمل تعزز البنية المؤسسية للمنظمات غير الربحية,Cost of Goods Sold,Office subscription - 521401 - اشتراك موقع Office,521401,0.0
8023030 - رفع الوعي الفني لدى منظمات القطاع غير الربحي,Cost of Goods Sold,Office subscription - 521401 - اشتراك موقع Office,521401,0.0
8024010 - مشروع تقديم خدمات تأسيس وتفعيل وحدات ومراكز العمل التطوعي,Cost of Goods Sold,Office subscription - 521401 - اشتراك موقع Office,521401,0.0
8024020 - مشروع الخدمات اللوجستية للعاملين في القطاع غير الربحي,Cost of Goods Sold,Office subscription - 521401 - اشتراك موقع Office,521401,5780.0
8024030 - تمكين الجمعيات المتخصصة العاملة في القطاع غير الربحي,Cost of Goods Sold,Office subscription - 521401 - اشتراك موقع Office,521401,0.0
8024040 - تقديم الخدمات اللوجستية للتدريب في برنامج رائد,Cost of Goods Sold,Office subscription - 521401 - اشتراك موقع Office,521401,0.0
8025010 - مشروع العربة,Cost of Goods Sold,Office subscription - 521401 - اشتراك موقع Office,521401,0.0
8025020 - مشروع وزارة الرياضة,Cost of Goods Sold,Office subscription - 521401 - اشتراك موقع Office,521401,0.0
8025030 - تقديم 3000 ساعة عمل تطوعية لموظفين شركة الكهرباء,Cost of Goods Sold,Office subscription - 521401 - اشتراك موقع Office,521401,0.0
8025040 - مصنع الابتكار - اشوكا,Cost of Goods Sold,Office subscription - 521401 - اشتراك موقع Office,521401,0.0
8025050 - حصر الاحتياج التدريبي في منظومة الصحة,Cost of Goods Sold,Office subscription - 521401 - اشتراك موقع Office,521401,0.0
8025060 - مجموعات عمل التطوع التكافلي,Cost of Goods Sold,Office subscription - 521401 - اشتراك موقع Office,521401,0.0
8025070 - سفر الإفطار في الحرم المكي,Cost of Goods Sold,Office subscription - 521401 - اشتراك موقع Office,521401,0.0
8025080 - سوق الدار,Cost of Goods Sold,Office subscription - 521401 - اشتراك موقع Office,521401,0.0
8025090 - هاكاثون الوعي المعرفي,Cost of Goods Sold,Office subscription - 521401 - اشتراك موقع Office,521401,0.0
8025100 - مشروع منظومة عمل إدارة دراسات الحالة,Cost of Goods Sold,Office subscription - 521401 - اشتراك موقع Office,521401,0.0
8025110 - مشروع خارطة الاستثمار الاجتماعي في قطاع الشباب,Cost of Goods Sold,Office subscription - 521401 - اشتراك موقع Office,521401,0.0
8025120 - مشروع تقديم خدمات استشارية لأكاديمية الفوزان,Cost of Goods Sold,Office subscription - 521401 - اشتراك موقع Office,521401,0.0
8026010 - تأسيس وحدة الاستثمار الاجتماعي مع جمعية متلازمة النجاح,Cost of Goods Sold,Office subscription - 521401 - اشتراك موقع Office,521401,0.0
8026020 - التأهيل للتوظيف,Cost of Goods Sold,Office subscription - 521401 - اشتراك موقع Office,521401,0.0
8026030 - حاضنة أثر الطاقة الاجتماعية,Cost of Goods Sold,Office subscription - 521401 - اشتراك موقع Office,521401,0.0
Untagged,Cost of Goods Sold,Office subscription - 521401 - اشتراك موقع Office,521401,0.0
Overall,Cost of Goods Sold,Official documents printing - 521104 - طباعة مستندات رسمية,521104,1470.0
8000010 - تسوية مراكز التكلفة تكامل,Cost of Goods Sold,Official documents printing - 521104 - طباعة مستندات رسمية,521104,0.0
8000011 - المصاريف العمومية والادارية تكامل,Cost of Goods Sold,Official documents printing - 521104 - طباعة مستندات رسمية,521104,0.0
8000020 - مصاريف بيعية وتسويقية تكامل,Cost of Goods Sold,Official documents printing - 521104 - طباعة مستندات رسمية,521104,0.0
8000030 - تدريب وتطوير تكامل,Cost of Goods Sold,Official documents printing - 521104 - طباعة مستندات رسمية,521104,0.0
8000040 - مكتب ادارة المشاريع تكامل,Cost of Goods Sold,Official documents printing - 521104 - طباعة مستندات رسمية,521104,0.0
8000050 - الاتصال المؤسسي تكامل,Cost of Goods Sold,Official documents printing - 521104 - طباعة مستندات رسمية,521104,0.0
8000060 - منصة قياس الأثر,Cost of Goods Sold,Official documents printing - 521104 - طباعة مستندات رسمية,521104,0.0
8023010 - إنشاء مقار إدارة العمل التطوعي لخدمة ضيوف الرحمن,Cost of Goods Sold,Official documents printing - 521104 - طباعة مستندات رسمية,521104,0.0
8023020 - منهجية عمل تعزز البنية المؤسسية للمنظمات غير الربحية,Cost of Goods Sold,Official documents printing - 521104 - طباعة مستندات رسمية,521104,0.0
8023030 - رفع الوعي الفني لدى منظمات القطاع غير الربحي,Cost of Goods Sold,Official documents printing - 521104 - طباعة مستندات رسمية,521104,0.0
8024010 - مشروع تقديم خدمات تأسيس وتفعيل وحدات ومراكز العمل التطوعي,Cost of Goods Sold,Official documents printing - 521104 - طباعة مستندات رسمية,521104,0.0
8024020 - مشروع الخدمات اللوجستية للعاملين في القطاع غير الربحي,Cost of Goods Sold,Official documents printing - 521104 - طباعة مستندات رسمية,521104,0.0
8024030 - تمكين الجمعيات المتخصصة العاملة في القطاع غير الربحي,Cost of Goods Sold,Official documents printing - 521104 - طباعة مستندات رسمية,521104,0.0
8024040 - تقديم الخدمات اللوجستية للتدريب في برنامج رائد,Cost of Goods Sold,Official documents printing - 521104 - طباعة مستندات رسمية,521104,0.0
8025010 - مشروع العربة,Cost of Goods Sold,Official documents printing - 521104 - طباعة مستندات رسمية,521104,1470.0
8025020 - مشروع وزارة الرياضة,Cost of Goods Sold,Official documents printing - 521104 - طباعة مستندات رسمية,521104,0.0
8025030 - تقديم 3000 ساعة عمل تطوعية لموظفين شركة الكهرباء,Cost of Goods Sold,Official documents printing - 521104 - طباعة مستندات رسمية,521104,0.0
8025040 - مصنع الابتكار - اشوكا,Cost of Goods Sold,Official documents printing - 521104 - طباعة مستندات رسمية,521104,0.0
8025050 - حصر الاحتياج التدريبي في منظومة الصحة,Cost of Goods Sold,Official documents printing - 521104 - طباعة مستندات رسمية,521104,0.0
8025060 - مجموعات عمل التطوع التكافلي,Cost of Goods Sold,Official documents printing - 521104 - طباعة مستندات رسمية,521104,0.0
8025070 - سفر الإفطار في الحرم المكي,Cost of Goods Sold,Official documents printing - 521104 - طباعة مستندات رسمية,521104,0.0
8025080 - سوق الدار,Cost of Goods Sold,Official documents printing - 521104 - طباعة مستندات رسمية,521104,0.0
8025090 - هاكاثون الوعي المعرفي,Cost of Goods Sold,Official documents printing - 521104 - طباعة مستندات رسمية,521104,0.0
8025100 - مشروع منظومة عمل إدارة دراسات الحالة,Cost of Goods Sold,Official documents printing - 521104 - طباعة مستندات رسمية,521104,0.0
8025110 - مشروع خارطة الاستثمار الاجتماعي في قطاع الشباب,Cost of Goods Sold,Official documents printing - 521104 - طباعة مستندات رسمية,521104,0.0
8025120 - مشروع تقديم خدمات استشارية لأكاديمية الفوزان,Cost of Goods Sold,Official documents printing - 521104 - طباعة مستندات رسمية,521104,0.0
8026010 - تأسيس وحدة الاستثمار الاجتماعي مع جمعية متلازمة النجاح,Cost of Goods Sold,Official documents printing - 521104 - طباعة مستندات رسمية,521104,0.0
8026020 - التأهيل للتوظيف,Cost of Goods Sold,Official documents printing - 521104 - طباعة مستندات رسمية,521104,0.0
8026030 - حاضنة أثر الطاقة الاجتماعية,Cost of Goods Sold,Official documents printing - 521104 - طباعة مستندات رسمية,521104,0.0
Untagged,Cost of Goods Sold,Official documents printing - 521104 - طباعة مستندات رسمية,521104,0.0
Overall,Cost of Goods Sold,Other government fees - 510306 - رسوم حكومية أخرى,510306,170154.0
8000010 - تسوية مراكز التكلفة تكامل,Cost of Goods Sold,Other government fees - 510306 - رسوم حكومية أخرى,510306,0.0
8000011 - المصاريف العمومية والادارية تكامل,Cost of Goods Sold,Other government fees - 510306 - رسوم حكومية أخرى,510306,0.0
8000020 - مصاريف بيعية وتسويقية تكامل,Cost of Goods Sold,Other government fees - 510306 - رسوم حكومية أخرى,510306,0.0
8000030 - تدريب وتطوير تكامل,Cost of Goods Sold,Other government fees - 510306 - رسوم حكومية أخرى,510306,0.0
8000040 - مكتب ادارة المشاريع تكامل,Cost of Goods Sold,Other government fees - 510306 - رسوم حكومية أخرى,510306,0.0
8000050 - الاتصال المؤسسي تكامل,Cost of Goods Sold,Other government fees - 510306 - رسوم حكومية أخرى,510306,0.0
8000060 - منصة قياس الأثر,Cost of Goods Sold,Other government fees - 510306 - رسوم حكومية أخرى,510306,0.0
8023010 - إنشاء مقار إدارة العمل التطوعي لخدمة ضيوف الرحمن,Cost of Goods Sold,Other government fees - 510306 - رسوم حكومية أخرى,510306,0.0
8023020 - منهجية عمل تعزز البنية المؤسسية للمنظمات غير الربحية,Cost of Goods Sold,Other government fees - 510306 - رسوم حكومية أخرى,510306,0.0
8023030 - رفع الوعي الفني لدى منظمات القطاع غير الربحي,Cost of Goods Sold,Other government fees - 510306 - رسوم حكومية أخرى,510306,0.0
8024010 - مشروع تقديم خدمات تأسيس وتفعيل وحدات ومراكز العمل التطوعي,Cost of Goods Sold,Other government fees - 510306 - رسوم حكومية أخرى,510306,0.0
8024020 - مشروع الخدمات اللوجستية للعاملين في القطاع غير الربحي,Cost of Goods Sold,Other government fees - 510306 - رسوم حكومية أخرى,510306,0.0
8024030 - تمكين الجمعيات المتخصصة العاملة في القطاع غير الربحي,Cost of Goods Sold,Other government fees - 510306 - رسوم حكومية أخرى,510306,0.0
8024040 - تقديم الخدمات اللوجستية للتدريب في برنامج رائد,Cost of Goods Sold,Other government fees - 510306 - رسوم حكومية أخرى,510306,0.0
8025010 - مشروع العربة,Cost of Goods Sold,Other government fees - 510306 - رسوم حكومية أخرى,510306,0.0
8025020 - مشروع وزارة الرياضة,Cost of Goods Sold,Other government fees - 510306 - رسوم حكومية أخرى,510306,170154.0
8025030 - تقديم 3000 ساعة عمل تطوعية لموظفين شركة الكهرباء,Cost of Goods Sold,Other government fees - 510306 - رسوم حكومية أخرى,510306,0.0
8025040 - مصنع الابتكار - اشوكا,Cost of Goods Sold,Other government fees - 510306 - رسوم حكومية أخرى,510306,0.0
8025050 - حصر الاحتياج التدريبي في منظومة الصحة,Cost of Goods Sold,Other government fees - 510306 - رسوم حكومية أخرى,510306,0.0
8025060 - مجموعات عمل التطوع التكافلي,Cost of Goods Sold,Other government fees - 510306 - رسوم حكومية أخرى,510306,0.0
8025070 - سفر الإفطار في الحرم المكي,Cost of Goods Sold,Other government fees - 510306 - رسوم حكومية أخرى,510306,0.0
8025080 - سوق الدار,Cost of Goods Sold,Other government fees - 510306 - رسوم حكومية أخرى,510306,0.0
8025090 - هاكاثون الوعي المعرفي,Cost of Goods Sold,Other government fees - 510306 - رسوم حكومية أخرى,510306,0.0
8025100 - مشروع منظومة عمل إدارة دراسات الحالة,Cost of Goods Sold,Other government fees - 510306 - رسوم حكومية أخرى,510306,0.0
8025110 - مشروع خارطة الاستثمار الاجتماعي في قطاع الشباب,Cost of Goods Sold,Other government fees - 510306 - رسوم حكومية أخرى,510306,0.0
8025120 - مشروع تقديم خدمات استشارية لأكاديمية الفوزان,Cost of Goods Sold,Other government fees - 510306 - رسوم حكومية أخرى,510306,0.0
8026010 - تأسيس وحدة الاستثمار الاجتماعي مع جمعية متلازمة النجاح,Cost of Goods Sold,Other government fees - 510306 - رسوم حكومية أخرى,510306,0.0
8026020 - التأهيل للتوظيف,Cost of Goods Sold,Other government fees - 510306 - رسوم حكومية أخرى,510306,0.0
8026030 - حاضنة أثر الطاقة الاجتماعية,Cost of Goods Sold,Other government fees - 510306 - رسوم حكومية أخرى,510306,0.0
Untagged,Cost of Goods Sold,Other government fees - 510306 - رسوم حكومية أخرى,510306,0.0
Overall,Cost of Goods Sold,Other software subscription - 521408 - اشتراك برمجيات أخرى,521408,12695.28
8000010 - تسوية مراكز التكلفة تكامل,Cost of Goods Sold,Other software subscription - 521408 - اشتراك برمجيات أخرى,521408,0.0
8000011 - المصاريف العمومية والادارية تكامل,Cost of Goods Sold,Other software subscription - 521408 - اشتراك برمجيات أخرى,521408,0.0
8000020 - مصاريف بيعية وتسويقية تكامل,Cost of Goods Sold,Other software subscription - 521408 - اشتراك برمجيات أخرى,521408,0.0
8000030 - تدريب وتطوير تكامل,Cost of Goods Sold,Other software subscription - 521408 - اشتراك برمجيات أخرى,521408,0.0
8000040 - مكتب ادارة المشاريع تكامل,Cost of Goods Sold,Other software subscription - 521408 - اشتراك برمجيات أخرى,521408,0.0
8000050 - الاتصال المؤسسي تكامل,Cost of Goods Sold,Other software subscription - 521408 - اشتراك برمجيات أخرى,521408,0.0
8000060 - منصة قياس الأثر,Cost of Goods Sold,Other software subscription - 521408 - اشتراك برمجيات أخرى,521408,0.0
8023010 - إنشاء مقار إدارة العمل التطوعي لخدمة ضيوف الرحمن,Cost of Goods Sold,Other software subscription - 521408 - اشتراك برمجيات أخرى,521408,0.0
8023020 - منهجية عمل تعزز البنية المؤسسية للمنظمات غير الربحية,Cost of Goods Sold,Other software subscription - 521408 - اشتراك برمجيات أخرى,521408,0.0
8023030 - رفع الوعي الفني لدى منظمات القطاع غير الربحي,Cost of Goods Sold,Other software subscription - 521408 - اشتراك برمجيات أخرى,521408,0.0
8024010 - مشروع تقديم خدمات تأسيس وتفعيل وحدات ومراكز العمل التطوعي,Cost of Goods Sold,Other software subscription - 521408 - اشتراك برمجيات أخرى,521408,0.0
8024020 - مشروع الخدمات اللوجستية للعاملين في القطاع غير الربحي,Cost of Goods Sold,Other software subscription - 521408 - اشتراك برمجيات أخرى,521408,0.0
8024030 - تمكين الجمعيات المتخصصة العاملة في القطاع غير الربحي,Cost of Goods Sold,Other software subscription - 521408 - اشتراك برمجيات أخرى,521408,0.0
8024040 - تقديم الخدمات اللوجستية للتدريب في برنامج رائد,Cost of Goods Sold,Other software subscription - 521408 - اشتراك برمجيات أخرى,521408,0.0
8025010 - مشروع العربة,Cost of Goods Sold,Other software subscription - 521408 - اشتراك برمجيات أخرى,521408,0.0
8025020 - مشروع وزارة الرياضة,Cost of Goods Sold,Other software subscription - 521408 - اشتراك برمجيات أخرى,521408,0.0
8025030 - تقديم 3000 ساعة عمل تطوعية لموظفين شركة الكهرباء,Cost of Goods Sold,Other software subscription - 521408 - اشتراك برمجيات أخرى,521408,0.0
8025040 - مصنع الابتكار - اشوكا,Cost of Goods Sold,Other software subscription - 521408 - اشتراك برمجيات أخرى,521408,3667.0
8025050 - حصر الاحتياج التدريبي في منظومة الصحة,Cost of Goods Sold,Other software subscription - 521408 - اشتراك برمجيات أخرى,521408,0.0
8025060 - مجموعات عمل التطوع التكافلي,Cost of Goods Sold,Other software subscription - 521408 - اشتراك برمجيات أخرى,521408,0.0
8025070 - سفر الإفطار في الحرم المكي,Cost of Goods Sold,Other software subscription - 521408 - اشتراك برمجيات أخرى,521408,0.0
8025080 - سوق الدار,Cost of Goods Sold,Other software subscription - 521408 - اشتراك برمجيات أخرى,521408,9028.28
8025090 - هاكاثون الوعي المعرفي,Cost of Goods Sold,Other software subscription - 521408 - اشتراك برمجيات أخرى,521408,0.0
8025100 - مشروع منظومة عمل إدارة دراسات الحالة,Cost of Goods Sold,Other software subscription - 521408 - اشتراك برمجيات أخرى,521408,0.0
8025110 - مشروع خارطة الاستثمار الاجتماعي في قطاع الشباب,Cost of Goods Sold,Other software subscription - 521408 - اشتراك برمجيات أخرى,521408,0.0
8025120 - مشروع تقديم خدمات استشارية لأكاديمية الفوزان,Cost of Goods Sold,Other software subscription - 521408 - اشتراك برمجيات أخرى,521408,0.0
8026010 - تأسيس وحدة الاستثمار الاجتماعي مع جمعية متلازمة النجاح,Cost of Goods Sold,Other software subscription - 521408 - اشتراك برمجيات أخرى,521408,0.0
8026020 - التأهيل للتوظيف,Cost of Goods Sold,Other software subscription - 521408 - اشتراك برمجيات أخرى,521408,0.0
8026030 - حاضنة أثر الطاقة الاجتماعية,Cost of Goods Sold,Other software subscription - 521408 - اشتراك برمجيات أخرى,521408,0.0
Untagged,Cost of Goods Sold,Other software subscription - 521408 - اشتراك برمجيات أخرى,521408,0.0
Overall,Cost of Goods Sold,Paper printing - 521101 - طباعة ورقية,521101,7895.5
8000010 - تسوية مراكز التكلفة تكامل,Cost of Goods Sold,Paper printing - 521101 - طباعة ورقية,521101,0.0
8000011 - المصاريف العمومية والادارية تكامل,Cost of Goods Sold,Paper printing - 521101 - طباعة ورقية,521101,0.0
8000020 - مصاريف بيعية وتسويقية تكامل,Cost of Goods Sold,Paper printing - 521101 - طباعة ورقية,521101,0.0
8000030 - تدريب وتطوير تكامل,Cost of Goods Sold,Paper printing - 521101 - طباعة ورقية,521101,0.0
8000040 - مكتب ادارة المشاريع تكامل,Cost of Goods Sold,Paper printing - 521101 - طباعة ورقية,521101,0.0
8000050 - الاتصال المؤسسي تكامل,Cost of Goods Sold,Paper printing - 521101 - طباعة ورقية,521101,0.0
8000060 - منصة قياس الأثر,Cost of Goods Sold,Paper printing - 521101 - طباعة ورقية,521101,0.0
8023010 - إنشاء مقار إدارة العمل التطوعي لخدمة ضيوف الرحمن,Cost of Goods Sold,Paper printing - 521101 - طباعة ورقية,521101,0.0
8023020 - منهجية عمل تعزز البنية المؤسسية للمنظمات غير الربحية,Cost of Goods Sold,Paper printing - 521101 - طباعة ورقية,521101,0.0
8023030 - رفع الوعي الفني لدى منظمات القطاع غير الربحي,Cost of Goods Sold,Paper printing - 521101 - طباعة ورقية,521101,0.0
8024010 - مشروع تقديم خدمات تأسيس وتفعيل وحدات ومراكز العمل التطوعي,Cost of Goods Sold,Paper printing - 521101 - طباعة ورقية,521101,375.0
8024020 - مشروع الخدمات اللوجستية للعاملين في القطاع غير الربحي,Cost of Goods Sold,Paper printing - 521101 - طباعة ورقية,521101,0.0
8024030 - تمكين الجمعيات المتخصصة العاملة في القطاع غير الربحي,Cost of Goods Sold,Paper printing - 521101 - طباعة ورقية,521101,0.0
8024040 - تقديم الخدمات اللوجستية للتدريب في برنامج رائد,Cost of Goods Sold,Paper printing - 521101 - طباعة ورقية,521101,0.0
8025010 - مشروع العربة,Cost of Goods Sold,Paper printing - 521101 - طباعة ورقية,521101,0.0
8025020 - مشروع وزارة الرياضة,Cost of Goods Sold,Paper printing - 521101 - طباعة ورقية,521101,2775.0
8025030 - تقديم 3000 ساعة عمل تطوعية لموظفين شركة الكهرباء,Cost of Goods Sold,Paper printing - 521101 - طباعة ورقية,521101,0.0
8025040 - مصنع الابتكار - اشوكا,Cost of Goods Sold,Paper printing - 521101 - طباعة ورقية,521101,0.0
8025050 - حصر الاحتياج التدريبي في منظومة الصحة,Cost of Goods Sold,Paper printing - 521101 - طباعة ورقية,521101,0.0
8025060 - مجموعات عمل التطوع التكافلي,Cost of Goods Sold,Paper printing - 521101 - طباعة ورقية,521101,0.0
8025070 - سفر الإفطار في الحرم المكي,Cost of Goods Sold,Paper printing - 521101 - طباعة ورقية,521101,2575.5
8025080 - سوق الدار,Cost of Goods Sold,Paper printing - 521101 - طباعة ورقية,521101,0.0
8025090 - هاكاثون الوعي المعرفي,Cost of Goods Sold,Paper printing - 521101 - طباعة ورقية,521101,2170.0
8025100 - مشروع منظومة عمل إدارة دراسات الحالة,Cost of Goods Sold,Paper printing - 521101 - طباعة ورقية,521101,0.0
8025110 - مشروع خارطة الاستثمار الاجتماعي في قطاع الشباب,Cost of Goods Sold,Paper printing - 521101 - طباعة ورقية,521101,0.0
8025120 - مشروع تقديم خدمات استشارية لأكاديمية الفوزان,Cost of Goods Sold,Paper printing - 521101 - طباعة ورقية,521101,0.0
8026010 - تأسيس وحدة الاستثمار الاجتماعي مع جمعية متلازمة النجاح,Cost of Goods Sold,Paper printing - 521101 - طباعة ورقية,521101,0.0
8026020 - التأهيل للتوظيف,Cost of Goods Sold,Paper printing - 521101 - طباعة ورقية,521101,0.0
8026030 - حاضنة أثر الطاقة الاجتماعية,Cost of Goods Sold,Paper printing - 521101 - طباعة ورقية,521101,0.0
Untagged,Cost of Goods Sold,Paper printing - 521101 - طباعة ورقية,521101,0.0
Overall,Cost of Goods Sold,Papers - 530404 - ورق تصوير,530404,17.0
8000010 - تسوية مراكز التكلفة تكامل,Cost of Goods Sold,Papers - 530404 - ورق تصوير,530404,0.0
8000011 - المصاريف العمومية والادارية تكامل,Cost of Goods Sold,Papers - 530404 - ورق تصوير,530404,0.0
8000020 - مصاريف بيعية وتسويقية تكامل,Cost of Goods Sold,Papers - 530404 - ورق تصوير,530404,0.0
8000030 - تدريب وتطوير تكامل,Cost of Goods Sold,Papers - 530404 - ورق تصوير,530404,0.0
8000040 - مكتب ادارة المشاريع تكامل,Cost of Goods Sold,Papers - 530404 - ورق تصوير,530404,0.0
8000050 - الاتصال المؤسسي تكامل,Cost of Goods Sold,Papers - 530404 - ورق تصوير,530404,0.0
8000060 - منصة قياس الأثر,Cost of Goods Sold,Papers - 530404 - ورق تصوير,530404,0.0
8023010 - إنشاء مقار إدارة العمل التطوعي لخدمة ضيوف الرحمن,Cost of Goods Sold,Papers - 530404 - ورق تصوير,530404,0.0
8023020 - منهجية عمل تعزز البنية المؤسسية للمنظمات غير الربحية,Cost of Goods Sold,Papers - 530404 - ورق تصوير,530404,0.0
8023030 - رفع الوعي الفني لدى منظمات القطاع غير الربحي,Cost of Goods Sold,Papers - 530404 - ورق تصوير,530404,0.0
8024010 - مشروع تقديم خدمات تأسيس وتفعيل وحدات ومراكز العمل التطوعي,Cost of Goods Sold,Papers - 530404 - ورق تصوير,530404,0.0
8024020 - مشروع الخدمات اللوجستية للعاملين في القطاع غير الربحي,Cost of Goods Sold,Papers - 530404 - ورق تصوير,530404,0.0
8024030 - تمكين الجمعيات المتخصصة العاملة في القطاع غير الربحي,Cost of Goods Sold,Papers - 530404 - ورق تصوير,530404,0.0
8024040 - تقديم الخدمات اللوجستية للتدريب في برنامج رائد,Cost of Goods Sold,Papers - 530404 - ورق تصوير,530404,0.0
8025010 - مشروع العربة,Cost of Goods Sold,Papers - 530404 - ورق تصوير,530404,0.0
8025020 - مشروع وزارة الرياضة,Cost of Goods Sold,Papers - 530404 - ورق تصوير,530404,0.0
8025030 - تقديم 3000 ساعة عمل تطوعية لموظفين شركة الكهرباء,Cost of Goods Sold,Papers - 530404 - ورق تصوير,530404,0.0
8025040 - مصنع الابتكار - اشوكا,Cost of Goods Sold,Papers - 530404 - ورق تصوير,530404,17.0
8025050 - حصر الاحتياج التدريبي في منظومة الصحة,Cost of Goods Sold,Papers - 530404 - ورق تصوير,530404,0.0
8025060 - مجموعات عمل التطوع التكافلي,Cost of Goods Sold,Papers - 530404 - ورق تصوير,530404,0.0
8025070 - سفر الإفطار في الحرم المكي,Cost of Goods Sold,Papers - 530404 - ورق تصوير,530404,0.0
8025080 - سوق الدار,Cost of Goods Sold,Papers - 530404 - ورق تصوير,530404,0.0
8025090 - هاكاثون الوعي المعرفي,Cost of Goods Sold,Papers - 530404 - ورق تصوير,530404,0.0
8025100 - مشروع منظومة عمل إدارة دراسات الحالة,Cost of Goods Sold,Papers - 530404 - ورق تصوير,530404,0.0
8025110 - مشروع خارطة الاستثمار الاجتماعي في قطاع الشباب,Cost of Goods Sold,Papers - 530404 - ورق تصوير,530404,0.0
8025120 - مشروع تقديم خدمات استشارية لأكاديمية الفوزان,Cost of Goods Sold,Papers - 530404 - ورق تصوير,530404,0.0
8026010 - تأسيس وحدة الاستثمار الاجتماعي مع جمعية متلازمة النجاح,Cost of Goods Sold,Papers - 530404 - ورق تصوير,530404,0.0
8026020 - التأهيل للتوظيف,Cost of Goods Sold,Papers - 530404 - ورق تصوير,530404,0.0
8026030 - حاضنة أثر الطاقة الاجتماعية,Cost of Goods Sold,Papers - 530404 - ورق تصوير,530404,0.0
Untagged,Cost of Goods Sold,Papers - 530404 - ورق تصوير,530404,0.0
Overall,Cost of Goods Sold,Payroll and related - 510101 - الرواتب وما في حكمها,510101,2394853.86
8000010 - تسوية مراكز التكلفة تكامل,Cost of Goods Sold,Payroll and related - 510101 - الرواتب وما في حكمها,510101,101511.49
8000011 - المصاريف العمومية والادارية تكامل,Cost of Goods Sold,Payroll and related - 510101 - الرواتب وما في حكمها,510101,0.0
8000020 - مصاريف بيعية وتسويقية تكامل,Cost of Goods Sold,Payroll and related - 510101 - الرواتب وما في حكمها,510101,0.0
8000030 - تدريب وتطوير تكامل,Cost of Goods Sold,Payroll and related - 510101 - الرواتب وما في حكمها,510101,0.0
8000040 - مكتب ادارة المشاريع تكامل,Cost of Goods Sold,Payroll and related - 510101 - الرواتب وما في حكمها,510101,0.0
8000050 - الاتصال المؤسسي تكامل,Cost of Goods Sold,Payroll and related - 510101 - الرواتب وما في حكمها,510101,0.0
8000060 - منصة قياس الأثر,Cost of Goods Sold,Payroll and related - 510101 - الرواتب وما في حكمها,510101,0.0
8023010 - إنشاء مقار إدارة العمل التطوعي لخدمة ضيوف الرحمن,Cost of Goods Sold,Payroll and related - 510101 - الرواتب وما في حكمها,510101,93238.78
8023020 - منهجية عمل تعزز البنية المؤسسية للمنظمات غير الربحية,Cost of Goods Sold,Payroll and related - 510101 - الرواتب وما في حكمها,510101,417978.28
8023030 - رفع الوعي الفني لدى منظمات القطاع غير الربحي,Cost of Goods Sold,Payroll and related - 510101 - الرواتب وما في حكمها,510101,234250.0
8024010 - مشروع تقديم خدمات تأسيس وتفعيل وحدات ومراكز العمل التطوعي,Cost of Goods Sold,Payroll and related - 510101 - الرواتب وما في حكمها,510101,416169.56
8024020 - مشروع الخدمات اللوجستية للعاملين في القطاع غير الربحي,Cost of Goods Sold,Payroll and related - 510101 - الرواتب وما في حكمها,510101,69419.56
8024030 - تمكين الجمعيات المتخصصة العاملة في القطاع غير الربحي,Cost of Goods Sold,Payroll and related - 510101 - الرواتب وما في حكمها,510101,22500.0
8024040 - تقديم الخدمات اللوجستية للتدريب في برنامج رائد,Cost of Goods Sold,Payroll and related - 510101 - الرواتب وما في حكمها,510101,158792.88
8025010 - مشروع العربة,Cost of Goods Sold,Payroll and related - 510101 - الرواتب وما في حكمها,510101,536506.5
8025020 - مشروع وزارة الرياضة,Cost of Goods Sold,Payroll and related - 510101 - الرواتب وما في حكمها,510101,5000.09
8025030 - تقديم 3000 ساعة عمل تطوعية لموظفين شركة الكهرباء,Cost of Goods Sold,Payroll and related - 510101 - الرواتب وما في حكمها,510101,39350.01
8025040 - مصنع الابتكار - اشوكا,Cost of Goods Sold,Payroll and related - 510101 - الرواتب وما في حكمها,510101,57500.02
8025050 - حصر الاحتياج التدريبي في منظومة الصحة,Cost of Goods Sold,Payroll and related - 510101 - الرواتب وما في حكمها,510101,15000.03
8025060 - مجموعات عمل التطوع التكافلي,Cost of Goods Sold,Payroll and related - 510101 - الرواتب وما في حكمها,510101,142820.48
8025070 - سفر الإفطار في الحرم المكي,Cost of Goods Sold,Payroll and related - 510101 - الرواتب وما في حكمها,510101,0.0
8025080 - سوق الدار,Cost of Goods Sold,Payroll and related - 510101 - الرواتب وما في حكمها,510101,0.0
8025090 - هاكاثون الوعي المعرفي,Cost of Goods Sold,Payroll and related - 510101 - الرواتب وما في حكمها,510101,0.0
8025100 - مشروع منظومة عمل إدارة دراسات الحالة,Cost of Goods Sold,Payroll and related - 510101 - الرواتب وما في حكمها,510101,12650.0
8025110 - مشروع خارطة الاستثمار الاجتماعي في قطاع الشباب,Cost of Goods Sold,Payroll and related - 510101 - الرواتب وما في حكمها,510101,16036.0
8025120 - مشروع تقديم خدمات استشارية لأكاديمية الفوزان,Cost of Goods Sold,Payroll and related - 510101 - الرواتب وما في حكمها,510101,0.03
8026010 - تأسيس وحدة الاستثمار الاجتماعي مع جمعية متلازمة النجاح,Cost of Goods Sold,Payroll and related - 510101 - الرواتب وما في حكمها,510101,9986.0
8026020 - التأهيل للتوظيف,Cost of Goods Sold,Payroll and related - 510101 - الرواتب وما في حكمها,510101,10600.0
8026030 - حاضنة أثر الطاقة الاجتماعية,Cost of Goods Sold,Payroll and related - 510101 - الرواتب وما في حكمها,510101,35544.15
Untagged,Cost of Goods Sold,Payroll and related - 510101 - الرواتب وما في حكمها,510101,0.0
Overall,Cost of Goods Sold,Performance bonus - 530202 - مكافأة تميز,530202,11551.0
8000010 - تسوية مراكز التكلفة تكامل,Cost of Goods Sold,Performance bonus - 530202 - مكافأة تميز,530202,0.0
8000011 - المصاريف العمومية والادارية تكامل,Cost of Goods Sold,Performance bonus - 530202 - مكافأة تميز,530202,0.0
8000020 - مصاريف بيعية وتسويقية تكامل,Cost of Goods Sold,Performance bonus - 530202 - مكافأة تميز,530202,0.0
8000030 - تدريب وتطوير تكامل,Cost of Goods Sold,Performance bonus - 530202 - مكافأة تميز,530202,0.0
8000040 - مكتب ادارة المشاريع تكامل,Cost of Goods Sold,Performance bonus - 530202 - مكافأة تميز,530202,0.0
8000050 - الاتصال المؤسسي تكامل,Cost of Goods Sold,Performance bonus - 530202 - مكافأة تميز,530202,0.0
8000060 - منصة قياس الأثر,Cost of Goods Sold,Performance bonus - 530202 - مكافأة تميز,530202,0.0
8023010 - إنشاء مقار إدارة العمل التطوعي لخدمة ضيوف الرحمن,Cost of Goods Sold,Performance bonus - 530202 - مكافأة تميز,530202,0.0
8023020 - منهجية عمل تعزز البنية المؤسسية للمنظمات غير الربحية,Cost of Goods Sold,Performance bonus - 530202 - مكافأة تميز,530202,1517.0
8023030 - رفع الوعي الفني لدى منظمات القطاع غير الربحي,Cost of Goods Sold,Performance bonus - 530202 - مكافأة تميز,530202,0.0
8024010 - مشروع تقديم خدمات تأسيس وتفعيل وحدات ومراكز العمل التطوعي,Cost of Goods Sold,Performance bonus - 530202 - مكافأة تميز,530202,0.0
8024020 - مشروع الخدمات اللوجستية للعاملين في القطاع غير الربحي,Cost of Goods Sold,Performance bonus - 530202 - مكافأة تميز,530202,0.0
8024030 - تمكين الجمعيات المتخصصة العاملة في القطاع غير الربحي,Cost of Goods Sold,Performance bonus - 530202 - مكافأة تميز,530202,0.0
8024040 - تقديم الخدمات اللوجستية للتدريب في برنامج رائد,Cost of Goods Sold,Performance bonus - 530202 - مكافأة تميز,530202,0.0
8025010 - مشروع العربة,Cost of Goods Sold,Performance bonus - 530202 - مكافأة تميز,530202,0.0
8025020 - مشروع وزارة الرياضة,Cost of Goods Sold,Performance bonus - 530202 - مكافأة تميز,530202,0.0
8025030 - تقديم 3000 ساعة عمل تطوعية لموظفين شركة الكهرباء,Cost of Goods Sold,Performance bonus - 530202 - مكافأة تميز,530202,0.0
8025040 - مصنع الابتكار - اشوكا,Cost of Goods Sold,Performance bonus - 530202 - مكافأة تميز,530202,0.0
8025050 - حصر الاحتياج التدريبي في منظومة الصحة,Cost of Goods Sold,Performance bonus - 530202 - مكافأة تميز,530202,0.0
8025060 - مجموعات عمل التطوع التكافلي,Cost of Goods Sold,Performance bonus - 530202 - مكافأة تميز,530202,7034.0
8025070 - سفر الإفطار في الحرم المكي,Cost of Goods Sold,Performance bonus - 530202 - مكافأة تميز,530202,0.0
8025080 - سوق الدار,Cost of Goods Sold,Performance bonus - 530202 - مكافأة تميز,530202,3000.0
8025090 - هاكاثون الوعي المعرفي,Cost of Goods Sold,Performance bonus - 530202 - مكافأة تميز,530202,0.0
8025100 - مشروع منظومة عمل إدارة دراسات الحالة,Cost of Goods Sold,Performance bonus - 530202 - مكافأة تميز,530202,0.0
8025110 - مشروع خارطة الاستثمار الاجتماعي في قطاع الشباب,Cost of Goods Sold,Performance bonus - 530202 - مكافأة تميز,530202,0.0
8025120 - مشروع تقديم خدمات استشارية لأكاديمية الفوزان,Cost of Goods Sold,Performance bonus - 530202 - مكافأة تميز,530202,0.0
8026010 - تأسيس وحدة الاستثمار الاجتماعي مع جمعية متلازمة النجاح,Cost of Goods Sold,Performance bonus - 530202 - مكافأة تميز,530202,0.0
8026020 - التأهيل للتوظيف,Cost of Goods Sold,Performance bonus - 530202 - مكافأة تميز,530202,0.0
8026030 - حاضنة أثر الطاقة الاجتماعية,Cost of Goods Sold,Performance bonus - 530202 - مكافأة تميز,530202,0.0
Untagged,Cost of Goods Sold,Performance bonus - 530202 - مكافأة تميز,530202,0.0
Overall,Cost of Goods Sold,Photography fee - 520901 - اتعاب تصوير فوتوغرافي,520901,135500.0
8000010 - تسوية مراكز التكلفة تكامل,Cost of Goods Sold,Photography fee - 520901 - اتعاب تصوير فوتوغرافي,520901,0.0
8000011 - المصاريف العمومية والادارية تكامل,Cost of Goods Sold,Photography fee - 520901 - اتعاب تصوير فوتوغرافي,520901,0.0
8000020 - مصاريف بيعية وتسويقية تكامل,Cost of Goods Sold,Photography fee - 520901 - اتعاب تصوير فوتوغرافي,520901,0.0
8000030 - تدريب وتطوير تكامل,Cost of Goods Sold,Photography fee - 520901 - اتعاب تصوير فوتوغرافي,520901,0.0
8000040 - مكتب ادارة المشاريع تكامل,Cost of Goods Sold,Photography fee - 520901 - اتعاب تصوير فوتوغرافي,520901,0.0
8000050 - الاتصال المؤسسي تكامل,Cost of Goods Sold,Photography fee - 520901 - اتعاب تصوير فوتوغرافي,520901,0.0
8000060 - منصة قياس الأثر,Cost of Goods Sold,Photography fee - 520901 - اتعاب تصوير فوتوغرافي,520901,0.0
8023010 - إنشاء مقار إدارة العمل التطوعي لخدمة ضيوف الرحمن,Cost of Goods Sold,Photography fee - 520901 - اتعاب تصوير فوتوغرافي,520901,0.0
8023020 - منهجية عمل تعزز البنية المؤسسية للمنظمات غير الربحية,Cost of Goods Sold,Photography fee - 520901 - اتعاب تصوير فوتوغرافي,520901,2000.0
8023030 - رفع الوعي الفني لدى منظمات القطاع غير الربحي,Cost of Goods Sold,Photography fee - 520901 - اتعاب تصوير فوتوغرافي,520901,0.0
8024010 - مشروع تقديم خدمات تأسيس وتفعيل وحدات ومراكز العمل التطوعي,Cost of Goods Sold,Photography fee - 520901 - اتعاب تصوير فوتوغرافي,520901,0.0
8024020 - مشروع الخدمات اللوجستية للعاملين في القطاع غير الربحي,Cost of Goods Sold,Photography fee - 520901 - اتعاب تصوير فوتوغرافي,520901,0.0
8024030 - تمكين الجمعيات المتخصصة العاملة في القطاع غير الربحي,Cost of Goods Sold,Photography fee - 520901 - اتعاب تصوير فوتوغرافي,520901,0.0
8024040 - تقديم الخدمات اللوجستية للتدريب في برنامج رائد,Cost of Goods Sold,Photography fee - 520901 - اتعاب تصوير فوتوغرافي,520901,0.0
8025010 - مشروع العربة,Cost of Goods Sold,Photography fee - 520901 - اتعاب تصوير فوتوغرافي,520901,0.0
8025020 - مشروع وزارة الرياضة,Cost of Goods Sold,Photography fee - 520901 - اتعاب تصوير فوتوغرافي,520901,127000.0
8025030 - تقديم 3000 ساعة عمل تطوعية لموظفين شركة الكهرباء,Cost of Goods Sold,Photography fee - 520901 - اتعاب تصوير فوتوغرافي,520901,0.0
8025040 - مصنع الابتكار - اشوكا,Cost of Goods Sold,Photography fee - 520901 - اتعاب تصوير فوتوغرافي,520901,4500.0
8025050 - حصر الاحتياج التدريبي في منظومة الصحة,Cost of Goods Sold,Photography fee - 520901 - اتعاب تصوير فوتوغرافي,520901,0.0
8025060 - مجموعات عمل التطوع التكافلي,Cost of Goods Sold,Photography fee - 520901 - اتعاب تصوير فوتوغرافي,520901,0.0
8025070 - سفر الإفطار في الحرم المكي,Cost of Goods Sold,Photography fee - 520901 - اتعاب تصوير فوتوغرافي,520901,2000.0
8025080 - سوق الدار,Cost of Goods Sold,Photography fee - 520901 - اتعاب تصوير فوتوغرافي,520901,0.0
8025090 - هاكاثون الوعي المعرفي,Cost of Goods Sold,Photography fee - 520901 - اتعاب تصوير فوتوغرافي,520901,0.0
8025100 - مشروع منظومة عمل إدارة دراسات الحالة,Cost of Goods Sold,Photography fee - 520901 - اتعاب تصوير فوتوغرافي,520901,0.0
8025110 - مشروع خارطة الاستثمار الاجتماعي في قطاع الشباب,Cost of Goods Sold,Photography fee - 520901 - اتعاب تصوير فوتوغرافي,520901,0.0
8025120 - مشروع تقديم خدمات استشارية لأكاديمية الفوزان,Cost of Goods Sold,Photography fee - 520901 - اتعاب تصوير فوتوغرافي,520901,0.0
8026010 - تأسيس وحدة الاستثمار الاجتماعي مع جمعية متلازمة النجاح,Cost of Goods Sold,Photography fee - 520901 - اتعاب تصوير فوتوغرافي,520901,0.0
8026020 - التأهيل للتوظيف,Cost of Goods Sold,Photography fee - 520901 - اتعاب تصوير فوتوغرافي,520901,0.0
8026030 - حاضنة أثر الطاقة الاجتماعية,Cost of Goods Sold,Photography fee - 520901 - اتعاب تصوير فوتوغرافي,520901,0.0
Untagged,Cost of Goods Sold,Photography fee - 520901 - اتعاب تصوير فوتوغرافي,520901,0.0
Overall,Cost of Goods Sold,Production fees - 520110 - اتعاب انتاج,520110,191984.35
8000010 - تسوية مراكز التكلفة تكامل,Cost of Goods Sold,Production fees - 520110 - اتعاب انتاج,520110,0.0
8000011 - المصاريف العمومية والادارية تكامل,Cost of Goods Sold,Production fees - 520110 - اتعاب انتاج,520110,0.0
8000020 - مصاريف بيعية وتسويقية تكامل,Cost of Goods Sold,Production fees - 520110 - اتعاب انتاج,520110,0.0
8000030 - تدريب وتطوير تكامل,Cost of Goods Sold,Production fees - 520110 - اتعاب انتاج,520110,0.0
8000040 - مكتب ادارة المشاريع تكامل,Cost of Goods Sold,Production fees - 520110 - اتعاب انتاج,520110,0.0
8000050 - الاتصال المؤسسي تكامل,Cost of Goods Sold,Production fees - 520110 - اتعاب انتاج,520110,0.0
8000060 - منصة قياس الأثر,Cost of Goods Sold,Production fees - 520110 - اتعاب انتاج,520110,0.0
8023010 - إنشاء مقار إدارة العمل التطوعي لخدمة ضيوف الرحمن,Cost of Goods Sold,Production fees - 520110 - اتعاب انتاج,520110,0.0
8023020 - منهجية عمل تعزز البنية المؤسسية للمنظمات غير الربحية,Cost of Goods Sold,Production fees - 520110 - اتعاب انتاج,520110,2150.0
8023030 - رفع الوعي الفني لدى منظمات القطاع غير الربحي,Cost of Goods Sold,Production fees - 520110 - اتعاب انتاج,520110,188804.35
8024010 - مشروع تقديم خدمات تأسيس وتفعيل وحدات ومراكز العمل التطوعي,Cost of Goods Sold,Production fees - 520110 - اتعاب انتاج,520110,0.0
8024020 - مشروع الخدمات اللوجستية للعاملين في القطاع غير الربحي,Cost of Goods Sold,Production fees - 520110 - اتعاب انتاج,520110,0.0
8024030 - تمكين الجمعيات المتخصصة العاملة في القطاع غير الربحي,Cost of Goods Sold,Production fees - 520110 - اتعاب انتاج,520110,0.0
8024040 - تقديم الخدمات اللوجستية للتدريب في برنامج رائد,Cost of Goods Sold,Production fees - 520110 - اتعاب انتاج,520110,0.0
8025010 - مشروع العربة,Cost of Goods Sold,Production fees - 520110 - اتعاب انتاج,520110,0.0
8025020 - مشروع وزارة الرياضة,Cost of Goods Sold,Production fees - 520110 - اتعاب انتاج,520110,0.0
8025030 - تقديم 3000 ساعة عمل تطوعية لموظفين شركة الكهرباء,Cost of Goods Sold,Production fees - 520110 - اتعاب انتاج,520110,0.0
8025040 - مصنع الابتكار - اشوكا,Cost of Goods Sold,Production fees - 520110 - اتعاب انتاج,520110,1030.0
8025050 - حصر الاحتياج التدريبي في منظومة الصحة,Cost of Goods Sold,Production fees - 520110 - اتعاب انتاج,520110,0.0
8025060 - مجموعات عمل التطوع التكافلي,Cost of Goods Sold,Production fees - 520110 - اتعاب انتاج,520110,0.0
8025070 - سفر الإفطار في الحرم المكي,Cost of Goods Sold,Production fees - 520110 - اتعاب انتاج,520110,0.0
8025080 - سوق الدار,Cost of Goods Sold,Production fees - 520110 - اتعاب انتاج,520110,0.0
8025090 - هاكاثون الوعي المعرفي,Cost of Goods Sold,Production fees - 520110 - اتعاب انتاج,520110,0.0
8025100 - مشروع منظومة عمل إدارة دراسات الحالة,Cost of Goods Sold,Production fees - 520110 - اتعاب انتاج,520110,0.0
8025110 - مشروع خارطة الاستثمار الاجتماعي في قطاع الشباب,Cost of Goods Sold,Production fees - 520110 - اتعاب انتاج,520110,0.0
8025120 - مشروع تقديم خدمات استشارية لأكاديمية الفوزان,Cost of Goods Sold,Production fees - 520110 - اتعاب انتاج,520110,0.0
8026010 - تأسيس وحدة الاستثمار الاجتماعي مع جمعية متلازمة النجاح,Cost of Goods Sold,Production fees - 520110 - اتعاب انتاج,520110,0.0
8026020 - التأهيل للتوظيف,Cost of Goods Sold,Production fees - 520110 - اتعاب انتاج,520110,0.0
8026030 - حاضنة أثر الطاقة الاجتماعية,Cost of Goods Sold,Production fees - 520110 - اتعاب انتاج,520110,0.0
Untagged,Cost of Goods Sold,Production fees - 520110 - اتعاب انتاج,520110,0.0
Overall,Cost of Goods Sold,rent - 530101 - ايجارات,530101,88318.7
8000010 - تسوية مراكز التكلفة تكامل,Cost of Goods Sold,rent - 530101 - ايجارات,530101,0.0
8000011 - المصاريف العمومية والادارية تكامل,Cost of Goods Sold,rent - 530101 - ايجارات,530101,0.0
8000020 - مصاريف بيعية وتسويقية تكامل,Cost of Goods Sold,rent - 530101 - ايجارات,530101,0.0
8000030 - تدريب وتطوير تكامل,Cost of Goods Sold,rent - 530101 - ايجارات,530101,0.0
8000040 - مكتب ادارة المشاريع تكامل,Cost of Goods Sold,rent - 530101 - ايجارات,530101,0.0
8000050 - الاتصال المؤسسي تكامل,Cost of Goods Sold,rent - 530101 - ايجارات,530101,0.0
8000060 - منصة قياس الأثر,Cost of Goods Sold,rent - 530101 - ايجارات,530101,0.0
8023010 - إنشاء مقار إدارة العمل التطوعي لخدمة ضيوف الرحمن,Cost of Goods Sold,rent - 530101 - ايجارات,530101,0.0
8023020 - منهجية عمل تعزز البنية المؤسسية للمنظمات غير الربحية,Cost of Goods Sold,rent - 530101 - ايجارات,530101,0.0
8023030 - رفع الوعي الفني لدى منظمات القطاع غير الربحي,Cost of Goods Sold,rent - 530101 - ايجارات,530101,0.0
8024010 - مشروع تقديم خدمات تأسيس وتفعيل وحدات ومراكز العمل التطوعي,Cost of Goods Sold,rent - 530101 - ايجارات,530101,0.0
8024020 - مشروع الخدمات اللوجستية للعاملين في القطاع غير الربحي,Cost of Goods Sold,rent - 530101 - ايجارات,530101,0.0
8024030 - تمكين الجمعيات المتخصصة العاملة في القطاع غير الربحي,Cost of Goods Sold,rent - 530101 - ايجارات,530101,0.0
8024040 - تقديم الخدمات اللوجستية للتدريب في برنامج رائد,Cost of Goods Sold,rent - 530101 - ايجارات,530101,0.0
8025010 - مشروع العربة,Cost of Goods Sold,rent - 530101 - ايجارات,530101,0.0
8025020 - مشروع وزارة الرياضة,Cost of Goods Sold,rent - 530101 - ايجارات,530101,88318.7
8025030 - تقديم 3000 ساعة عمل تطوعية لموظفين شركة الكهرباء,Cost of Goods Sold,rent - 530101 - ايجارات,530101,0.0
8025040 - مصنع الابتكار - اشوكا,Cost of Goods Sold,rent - 530101 - ايجارات,530101,0.0
8025050 - حصر الاحتياج التدريبي في منظومة الصحة,Cost of Goods Sold,rent - 530101 - ايجارات,530101,0.0
8025060 - مجموعات عمل التطوع التكافلي,Cost of Goods Sold,rent - 530101 - ايجارات,530101,0.0
8025070 - سفر الإفطار في الحرم المكي,Cost of Goods Sold,rent - 530101 - ايجارات,530101,0.0
8025080 - سوق الدار,Cost of Goods Sold,rent - 530101 - ايجارات,530101,0.0
8025090 - هاكاثون الوعي المعرفي,Cost of Goods Sold,rent - 530101 - ايجارات,530101,0.0
8025100 - مشروع منظومة عمل إدارة دراسات الحالة,Cost of Goods Sold,rent - 530101 - ايجارات,530101,0.0
8025110 - مشروع خارطة الاستثمار الاجتماعي في قطاع الشباب,Cost of Goods Sold,rent - 530101 - ايجارات,530101,0.0
8025120 - مشروع تقديم خدمات استشارية لأكاديمية الفوزان,Cost of Goods Sold,rent - 530101 - ايجارات,530101,0.0
8026010 - تأسيس وحدة الاستثمار الاجتماعي مع جمعية متلازمة النجاح,Cost of Goods Sold,rent - 530101 - ايجارات,530101,0.0
8026020 - التأهيل للتوظيف,Cost of Goods Sold,rent - 530101 - ايجارات,530101,0.0
8026030 - حاضنة أثر الطاقة الاجتماعية,Cost of Goods Sold,rent - 530101 - ايجارات,530101,0.0
Untagged,Cost of Goods Sold,rent - 530101 - ايجارات,530101,0.0
Overall,Cost of Goods Sold,Rental of banquet halls and meetings - 520602 - ايجار قاعات حفلات وملتقيات,520602,7935.0
8000010 - تسوية مراكز التكلفة تكامل,Cost of Goods Sold,Rental of banquet halls and meetings - 520602 - ايجار قاعات حفلات وملتقيات,520602,0.0
8000011 - المصاريف العمومية والادارية تكامل,Cost of Goods Sold,Rental of banquet halls and meetings - 520602 - ايجار قاعات حفلات وملتقيات,520602,0.0
8000020 - مصاريف بيعية وتسويقية تكامل,Cost of Goods Sold,Rental of banquet halls and meetings - 520602 - ايجار قاعات حفلات وملتقيات,520602,0.0
8000030 - تدريب وتطوير تكامل,Cost of Goods Sold,Rental of banquet halls and meetings - 520602 - ايجار قاعات حفلات وملتقيات,520602,0.0
8000040 - مكتب ادارة المشاريع تكامل,Cost of Goods Sold,Rental of banquet halls and meetings - 520602 - ايجار قاعات حفلات وملتقيات,520602,0.0
8000050 - الاتصال المؤسسي تكامل,Cost of Goods Sold,Rental of banquet halls and meetings - 520602 - ايجار قاعات حفلات وملتقيات,520602,0.0
8000060 - منصة قياس الأثر,Cost of Goods Sold,Rental of banquet halls and meetings - 520602 - ايجار قاعات حفلات وملتقيات,520602,0.0
8023010 - إنشاء مقار إدارة العمل التطوعي لخدمة ضيوف الرحمن,Cost of Goods Sold,Rental of banquet halls and meetings - 520602 - ايجار قاعات حفلات وملتقيات,520602,0.0
8023020 - منهجية عمل تعزز البنية المؤسسية للمنظمات غير الربحية,Cost of Goods Sold,Rental of banquet halls and meetings - 520602 - ايجار قاعات حفلات وملتقيات,520602,0.0
8023030 - رفع الوعي الفني لدى منظمات القطاع غير الربحي,Cost of Goods Sold,Rental of banquet halls and meetings - 520602 - ايجار قاعات حفلات وملتقيات,520602,0.0
8024010 - مشروع تقديم خدمات تأسيس وتفعيل وحدات ومراكز العمل التطوعي,Cost of Goods Sold,Rental of banquet halls and meetings - 520602 - ايجار قاعات حفلات وملتقيات,520602,7935.0
8024020 - مشروع الخدمات اللوجستية للعاملين في القطاع غير الربحي,Cost of Goods Sold,Rental of banquet halls and meetings - 520602 - ايجار قاعات حفلات وملتقيات,520602,0.0
8024030 - تمكين الجمعيات المتخصصة العاملة في القطاع غير الربحي,Cost of Goods Sold,Rental of banquet halls and meetings - 520602 - ايجار قاعات حفلات وملتقيات,520602,0.0
8024040 - تقديم الخدمات اللوجستية للتدريب في برنامج رائد,Cost of Goods Sold,Rental of banquet halls and meetings - 520602 - ايجار قاعات حفلات وملتقيات,520602,0.0
8025010 - مشروع العربة,Cost of Goods Sold,Rental of banquet halls and meetings - 520602 - ايجار قاعات حفلات وملتقيات,520602,0.0
8025020 - مشروع وزارة الرياضة,Cost of Goods Sold,Rental of banquet halls and meetings - 520602 - ايجار قاعات حفلات وملتقيات,520602,0.0
8025030 - تقديم 3000 ساعة عمل تطوعية لموظفين شركة الكهرباء,Cost of Goods Sold,Rental of banquet halls and meetings - 520602 - ايجار قاعات حفلات وملتقيات,520602,0.0
8025040 - مصنع الابتكار - اشوكا,Cost of Goods Sold,Rental of banquet halls and meetings - 520602 - ايجار قاعات حفلات وملتقيات,520602,0.0
8025050 - حصر الاحتياج التدريبي في منظومة الصحة,Cost of Goods Sold,Rental of banquet halls and meetings - 520602 - ايجار قاعات حفلات وملتقيات,520602,0.0
8025060 - مجموعات عمل التطوع التكافلي,Cost of Goods Sold,Rental of banquet halls and meetings - 520602 - ايجار قاعات حفلات وملتقيات,520602,0.0
8025070 - سفر الإفطار في الحرم المكي,Cost of Goods Sold,Rental of banquet halls and meetings - 520602 - ايجار قاعات حفلات وملتقيات,520602,0.0
8025080 - سوق الدار,Cost of Goods Sold,Rental of banquet halls and meetings - 520602 - ايجار قاعات حفلات وملتقيات,520602,0.0
8025090 - هاكاثون الوعي المعرفي,Cost of Goods Sold,Rental of banquet halls and meetings - 520602 - ايجار قاعات حفلات وملتقيات,520602,0.0
8025100 - مشروع منظومة عمل إدارة دراسات الحالة,Cost of Goods Sold,Rental of banquet halls and meetings - 520602 - ايجار قاعات حفلات وملتقيات,520602,0.0
8025110 - مشروع خارطة الاستثمار الاجتماعي في قطاع الشباب,Cost of Goods Sold,Rental of banquet halls and meetings - 520602 - ايجار قاعات حفلات وملتقيات,520602,0.0
8025120 - مشروع تقديم خدمات استشارية لأكاديمية الفوزان,Cost of Goods Sold,Rental of banquet halls and meetings - 520602 - ايجار قاعات حفلات وملتقيات,520602,0.0
8026010 - تأسيس وحدة الاستثمار الاجتماعي مع جمعية متلازمة النجاح,Cost of Goods Sold,Rental of banquet halls and meetings - 520602 - ايجار قاعات حفلات وملتقيات,520602,0.0
8026020 - التأهيل للتوظيف,Cost of Goods Sold,Rental of banquet halls and meetings - 520602 - ايجار قاعات حفلات وملتقيات,520602,0.0
8026030 - حاضنة أثر الطاقة الاجتماعية,Cost of Goods Sold,Rental of banquet halls and meetings - 520602 - ايجار قاعات حفلات وملتقيات,520602,0.0
Untagged,Cost of Goods Sold,Rental of banquet halls and meetings - 520602 - ايجار قاعات حفلات وملتقيات,520602,0.0
Overall,Cost of Goods Sold,Roll up and pop up printing - 521103 - طباعة رول أب وبوب أب,521103,327541.8
8000010 - تسوية مراكز التكلفة تكامل,Cost of Goods Sold,Roll up and pop up printing - 521103 - طباعة رول أب وبوب أب,521103,0.0
8000011 - المصاريف العمومية والادارية تكامل,Cost of Goods Sold,Roll up and pop up printing - 521103 - طباعة رول أب وبوب أب,521103,0.0
8000020 - مصاريف بيعية وتسويقية تكامل,Cost of Goods Sold,Roll up and pop up printing - 521103 - طباعة رول أب وبوب أب,521103,0.0
8000030 - تدريب وتطوير تكامل,Cost of Goods Sold,Roll up and pop up printing - 521103 - طباعة رول أب وبوب أب,521103,0.0
8000040 - مكتب ادارة المشاريع تكامل,Cost of Goods Sold,Roll up and pop up printing - 521103 - طباعة رول أب وبوب أب,521103,0.0
8000050 - الاتصال المؤسسي تكامل,Cost of Goods Sold,Roll up and pop up printing - 521103 - طباعة رول أب وبوب أب,521103,0.0
8000060 - منصة قياس الأثر,Cost of Goods Sold,Roll up and pop up printing - 521103 - طباعة رول أب وبوب أب,521103,0.0
8023010 - إنشاء مقار إدارة العمل التطوعي لخدمة ضيوف الرحمن,Cost of Goods Sold,Roll up and pop up printing - 521103 - طباعة رول أب وبوب أب,521103,0.0
8023020 - منهجية عمل تعزز البنية المؤسسية للمنظمات غير الربحية,Cost of Goods Sold,Roll up and pop up printing - 521103 - طباعة رول أب وبوب أب,521103,2313.8
8023030 - رفع الوعي الفني لدى منظمات القطاع غير الربحي,Cost of Goods Sold,Roll up and pop up printing - 521103 - طباعة رول أب وبوب أب,521103,0.0
8024010 - مشروع تقديم خدمات تأسيس وتفعيل وحدات ومراكز العمل التطوعي,Cost of Goods Sold,Roll up and pop up printing - 521103 - طباعة رول أب وبوب أب,521103,0.0
8024020 - مشروع الخدمات اللوجستية للعاملين في القطاع غير الربحي,Cost of Goods Sold,Roll up and pop up printing - 521103 - طباعة رول أب وبوب أب,521103,3500.0
8024030 - تمكين الجمعيات المتخصصة العاملة في القطاع غير الربحي,Cost of Goods Sold,Roll up and pop up printing - 521103 - طباعة رول أب وبوب أب,521103,0.0
8024040 - تقديم الخدمات اللوجستية للتدريب في برنامج رائد,Cost of Goods Sold,Roll up and pop up printing - 521103 - طباعة رول أب وبوب أب,521103,840.0
8025010 - مشروع العربة,Cost of Goods Sold,Roll up and pop up printing - 521103 - طباعة رول أب وبوب أب,521103,305198.0
8025020 - مشروع وزارة الرياضة,Cost of Goods Sold,Roll up and pop up printing - 521103 - طباعة رول أب وبوب أب,521103,11850.0
8025030 - تقديم 3000 ساعة عمل تطوعية لموظفين شركة الكهرباء,Cost of Goods Sold,Roll up and pop up printing - 521103 - طباعة رول أب وبوب أب,521103,0.0
8025040 - مصنع الابتكار - اشوكا,Cost of Goods Sold,Roll up and pop up printing - 521103 - طباعة رول أب وبوب أب,521103,0.0
8025050 - حصر الاحتياج التدريبي في منظومة الصحة,Cost of Goods Sold,Roll up and pop up printing - 521103 - طباعة رول أب وبوب أب,521103,0.0
8025060 - مجموعات عمل التطوع التكافلي,Cost of Goods Sold,Roll up and pop up printing - 521103 - طباعة رول أب وبوب أب,521103,0.0
8025070 - سفر الإفطار في الحرم المكي,Cost of Goods Sold,Roll up and pop up printing - 521103 - طباعة رول أب وبوب أب,521103,3840.0
8025080 - سوق الدار,Cost of Goods Sold,Roll up and pop up printing - 521103 - طباعة رول أب وبوب أب,521103,0.0
8025090 - هاكاثون الوعي المعرفي,Cost of Goods Sold,Roll up and pop up printing - 521103 - طباعة رول أب وبوب أب,521103,0.0
8025100 - مشروع منظومة عمل إدارة دراسات الحالة,Cost of Goods Sold,Roll up and pop up printing - 521103 - طباعة رول أب وبوب أب,521103,0.0
8025110 - مشروع خارطة الاستثمار الاجتماعي في قطاع الشباب,Cost of Goods Sold,Roll up and pop up printing - 521103 - طباعة رول أب وبوب أب,521103,0.0
8025120 - مشروع تقديم خدمات استشارية لأكاديمية الفوزان,Cost of Goods Sold,Roll up and pop up printing - 521103 - طباعة رول أب وبوب أب,521103,0.0
8026010 - تأسيس وحدة الاستثمار الاجتماعي مع جمعية متلازمة النجاح,Cost of Goods Sold,Roll up and pop up printing - 521103 - طباعة رول أب وبوب أب,521103,0.0
8026020 - التأهيل للتوظيف,Cost of Goods Sold,Roll up and pop up printing - 521103 - طباعة رول أب وبوب أب,521103,0.0
8026030 - حاضنة أثر الطاقة الاجتماعية,Cost of Goods Sold,Roll up and pop up printing - 521103 - طباعة رول أب وبوب أب,521103,0.0
Untagged,Cost of Goods Sold,Roll up and pop up printing - 521103 - طباعة رول أب وبوب أب,521103,0.0
Overall,Cost of Goods Sold,Shields printing - 521108 - مطبوعات دروع,521108,2550.0
8000010 - تسوية مراكز التكلفة تكامل,Cost of Goods Sold,Shields printing - 521108 - مطبوعات دروع,521108,0.0
8000011 - المصاريف العمومية والادارية تكامل,Cost of Goods Sold,Shields printing - 521108 - مطبوعات دروع,521108,0.0
8000020 - مصاريف بيعية وتسويقية تكامل,Cost of Goods Sold,Shields printing - 521108 - مطبوعات دروع,521108,0.0
8000030 - تدريب وتطوير تكامل,Cost of Goods Sold,Shields printing - 521108 - مطبوعات دروع,521108,0.0
8000040 - مكتب ادارة المشاريع تكامل,Cost of Goods Sold,Shields printing - 521108 - مطبوعات دروع,521108,0.0
8000050 - الاتصال المؤسسي تكامل,Cost of Goods Sold,Shields printing - 521108 - مطبوعات دروع,521108,0.0
8000060 - منصة قياس الأثر,Cost of Goods Sold,Shields printing - 521108 - مطبوعات دروع,521108,0.0
8023010 - إنشاء مقار إدارة العمل التطوعي لخدمة ضيوف الرحمن,Cost of Goods Sold,Shields printing - 521108 - مطبوعات دروع,521108,0.0
8023020 - منهجية عمل تعزز البنية المؤسسية للمنظمات غير الربحية,Cost of Goods Sold,Shields printing - 521108 - مطبوعات دروع,521108,0.0
8023030 - رفع الوعي الفني لدى منظمات القطاع غير الربحي,Cost of Goods Sold,Shields printing - 521108 - مطبوعات دروع,521108,0.0
8024010 - مشروع تقديم خدمات تأسيس وتفعيل وحدات ومراكز العمل التطوعي,Cost of Goods Sold,Shields printing - 521108 - مطبوعات دروع,521108,2550.0
8024020 - مشروع الخدمات اللوجستية للعاملين في القطاع غير الربحي,Cost of Goods Sold,Shields printing - 521108 - مطبوعات دروع,521108,0.0
8024030 - تمكين الجمعيات المتخصصة العاملة في القطاع غير الربحي,Cost of Goods Sold,Shields printing - 521108 - مطبوعات دروع,521108,0.0
8024040 - تقديم الخدمات اللوجستية للتدريب في برنامج رائد,Cost of Goods Sold,Shields printing - 521108 - مطبوعات دروع,521108,0.0
8025010 - مشروع العربة,Cost of Goods Sold,Shields printing - 521108 - مطبوعات دروع,521108,0.0
8025020 - مشروع وزارة الرياضة,Cost of Goods Sold,Shields printing - 521108 - مطبوعات دروع,521108,0.0
8025030 - تقديم 3000 ساعة عمل تطوعية لموظفين شركة الكهرباء,Cost of Goods Sold,Shields printing - 521108 - مطبوعات دروع,521108,0.0
8025040 - مصنع الابتكار - اشوكا,Cost of Goods Sold,Shields printing - 521108 - مطبوعات دروع,521108,0.0
8025050 - حصر الاحتياج التدريبي في منظومة الصحة,Cost of Goods Sold,Shields printing - 521108 - مطبوعات دروع,521108,0.0
8025060 - مجموعات عمل التطوع التكافلي,Cost of Goods Sold,Shields printing - 521108 - مطبوعات دروع,521108,0.0
8025070 - سفر الإفطار في الحرم المكي,Cost of Goods Sold,Shields printing - 521108 - مطبوعات دروع,521108,0.0
8025080 - سوق الدار,Cost of Goods Sold,Shields printing - 521108 - مطبوعات دروع,521108,0.0
8025090 - هاكاثون الوعي المعرفي,Cost of Goods Sold,Shields printing - 521108 - مطبوعات دروع,521108,0.0
8025100 - مشروع منظومة عمل إدارة دراسات الحالة,Cost of Goods Sold,Shields printing - 521108 - مطبوعات دروع,521108,0.0
8025110 - مشروع خارطة الاستثمار الاجتماعي في قطاع الشباب,Cost of Goods Sold,Shields printing - 521108 - مطبوعات دروع,521108,0.0
8025120 - مشروع تقديم خدمات استشارية لأكاديمية الفوزان,Cost of Goods Sold,Shields printing - 521108 - مطبوعات دروع,521108,0.0
8026010 - تأسيس وحدة الاستثمار الاجتماعي مع جمعية متلازمة النجاح,Cost of Goods Sold,Shields printing - 521108 - مطبوعات دروع,521108,0.0
8026020 - التأهيل للتوظيف,Cost of Goods Sold,Shields printing - 521108 - مطبوعات دروع,521108,0.0
8026030 - حاضنة أثر الطاقة الاجتماعية,Cost of Goods Sold,Shields printing - 521108 - مطبوعات دروع,521108,0.0
Untagged,Cost of Goods Sold,Shields printing - 521108 - مطبوعات دروع,521108,0.0
Overall,Cost of Goods Sold,Shipping and delivery fees - 521305 - ارساليات و رسوم توصيل,521305,1984.35
8000010 - تسوية مراكز التكلفة تكامل,Cost of Goods Sold,Shipping and delivery fees - 521305 - ارساليات و رسوم توصيل,521305,0.0
8000011 - المصاريف العمومية والادارية تكامل,Cost of Goods Sold,Shipping and delivery fees - 521305 - ارساليات و رسوم توصيل,521305,0.0
8000020 - مصاريف بيعية وتسويقية تكامل,Cost of Goods Sold,Shipping and delivery fees - 521305 - ارساليات و رسوم توصيل,521305,0.0
8000030 - تدريب وتطوير تكامل,Cost of Goods Sold,Shipping and delivery fees - 521305 - ارساليات و رسوم توصيل,521305,0.0
8000040 - مكتب ادارة المشاريع تكامل,Cost of Goods Sold,Shipping and delivery fees - 521305 - ارساليات و رسوم توصيل,521305,0.0
8000050 - الاتصال المؤسسي تكامل,Cost of Goods Sold,Shipping and delivery fees - 521305 - ارساليات و رسوم توصيل,521305,0.0
8000060 - منصة قياس الأثر,Cost of Goods Sold,Shipping and delivery fees - 521305 - ارساليات و رسوم توصيل,521305,0.0
8023010 - إنشاء مقار إدارة العمل التطوعي لخدمة ضيوف الرحمن,Cost of Goods Sold,Shipping and delivery fees - 521305 - ارساليات و رسوم توصيل,521305,0.0
8023020 - منهجية عمل تعزز البنية المؤسسية للمنظمات غير الربحية,Cost of Goods Sold,Shipping and delivery fees - 521305 - ارساليات و رسوم توصيل,521305,127.0
8023030 - رفع الوعي الفني لدى منظمات القطاع غير الربحي,Cost of Goods Sold,Shipping and delivery fees - 521305 - ارساليات و رسوم توصيل,521305,0.0
8024010 - مشروع تقديم خدمات تأسيس وتفعيل وحدات ومراكز العمل التطوعي,Cost of Goods Sold,Shipping and delivery fees - 521305 - ارساليات و رسوم توصيل,521305,200.0
8024020 - مشروع الخدمات اللوجستية للعاملين في القطاع غير الربحي,Cost of Goods Sold,Shipping and delivery fees - 521305 - ارساليات و رسوم توصيل,521305,0.0
8024030 - تمكين الجمعيات المتخصصة العاملة في القطاع غير الربحي,Cost of Goods Sold,Shipping and delivery fees - 521305 - ارساليات و رسوم توصيل,521305,0.0
8024040 - تقديم الخدمات اللوجستية للتدريب في برنامج رائد,Cost of Goods Sold,Shipping and delivery fees - 521305 - ارساليات و رسوم توصيل,521305,1117.35
8025010 - مشروع العربة,Cost of Goods Sold,Shipping and delivery fees - 521305 - ارساليات و رسوم توصيل,521305,0.0
8025020 - مشروع وزارة الرياضة,Cost of Goods Sold,Shipping and delivery fees - 521305 - ارساليات و رسوم توصيل,521305,0.0
8025030 - تقديم 3000 ساعة عمل تطوعية لموظفين شركة الكهرباء,Cost of Goods Sold,Shipping and delivery fees - 521305 - ارساليات و رسوم توصيل,521305,540.0
8025040 - مصنع الابتكار - اشوكا,Cost of Goods Sold,Shipping and delivery fees - 521305 - ارساليات و رسوم توصيل,521305,0.0
8025050 - حصر الاحتياج التدريبي في منظومة الصحة,Cost of Goods Sold,Shipping and delivery fees - 521305 - ارساليات و رسوم توصيل,521305,0.0
8025060 - مجموعات عمل التطوع التكافلي,Cost of Goods Sold,Shipping and delivery fees - 521305 - ارساليات و رسوم توصيل,521305,0.0
8025070 - سفر الإفطار في الحرم المكي,Cost of Goods Sold,Shipping and delivery fees - 521305 - ارساليات و رسوم توصيل,521305,0.0
8025080 - سوق الدار,Cost of Goods Sold,Shipping and delivery fees - 521305 - ارساليات و رسوم توصيل,521305,0.0
8025090 - هاكاثون الوعي المعرفي,Cost of Goods Sold,Shipping and delivery fees - 521305 - ارساليات و رسوم توصيل,521305,0.0
8025100 - مشروع منظومة عمل إدارة دراسات الحالة,Cost of Goods Sold,Shipping and delivery fees - 521305 - ارساليات و رسوم توصيل,521305,0.0
8025110 - مشروع خارطة الاستثمار الاجتماعي في قطاع الشباب,Cost of Goods Sold,Shipping and delivery fees - 521305 - ارساليات و رسوم توصيل,521305,0.0
8025120 - مشروع تقديم خدمات استشارية لأكاديمية الفوزان,Cost of Goods Sold,Shipping and delivery fees - 521305 - ارساليات و رسوم توصيل,521305,0.0
8026010 - تأسيس وحدة الاستثمار الاجتماعي مع جمعية متلازمة النجاح,Cost of Goods Sold,Shipping and delivery fees - 521305 - ارساليات و رسوم توصيل,521305,0.0
8026020 - التأهيل للتوظيف,Cost of Goods Sold,Shipping and delivery fees - 521305 - ارساليات و رسوم توصيل,521305,0.0
8026030 - حاضنة أثر الطاقة الاجتماعية,Cost of Goods Sold,Shipping and delivery fees - 521305 - ارساليات و رسوم توصيل,521305,0.0
Untagged,Cost of Goods Sold,Shipping and delivery fees - 521305 - ارساليات و رسوم توصيل,521305,0.0
Overall,Cost of Goods Sold,SMS fees - 521306 - شحن رسائل SMS,521306,6000.0
8000010 - تسوية مراكز التكلفة تكامل,Cost of Goods Sold,SMS fees - 521306 - شحن رسائل SMS,521306,0.0
8000011 - المصاريف العمومية والادارية تكامل,Cost of Goods Sold,SMS fees - 521306 - شحن رسائل SMS,521306,0.0
8000020 - مصاريف بيعية وتسويقية تكامل,Cost of Goods Sold,SMS fees - 521306 - شحن رسائل SMS,521306,0.0
8000030 - تدريب وتطوير تكامل,Cost of Goods Sold,SMS fees - 521306 - شحن رسائل SMS,521306,0.0
8000040 - مكتب ادارة المشاريع تكامل,Cost of Goods Sold,SMS fees - 521306 - شحن رسائل SMS,521306,0.0
8000050 - الاتصال المؤسسي تكامل,Cost of Goods Sold,SMS fees - 521306 - شحن رسائل SMS,521306,0.0
8000060 - منصة قياس الأثر,Cost of Goods Sold,SMS fees - 521306 - شحن رسائل SMS,521306,0.0
8023010 - إنشاء مقار إدارة العمل التطوعي لخدمة ضيوف الرحمن,Cost of Goods Sold,SMS fees - 521306 - شحن رسائل SMS,521306,0.0
8023020 - منهجية عمل تعزز البنية المؤسسية للمنظمات غير الربحية,Cost of Goods Sold,SMS fees - 521306 - شحن رسائل SMS,521306,0.0
8023030 - رفع الوعي الفني لدى منظمات القطاع غير الربحي,Cost of Goods Sold,SMS fees - 521306 - شحن رسائل SMS,521306,0.0
8024010 - مشروع تقديم خدمات تأسيس وتفعيل وحدات ومراكز العمل التطوعي,Cost of Goods Sold,SMS fees - 521306 - شحن رسائل SMS,521306,0.0
8024020 - مشروع الخدمات اللوجستية للعاملين في القطاع غير الربحي,Cost of Goods Sold,SMS fees - 521306 - شحن رسائل SMS,521306,0.0
8024030 - تمكين الجمعيات المتخصصة العاملة في القطاع غير الربحي,Cost of Goods Sold,SMS fees - 521306 - شحن رسائل SMS,521306,0.0
8024040 - تقديم الخدمات اللوجستية للتدريب في برنامج رائد,Cost of Goods Sold,SMS fees - 521306 - شحن رسائل SMS,521306,0.0
8025010 - مشروع العربة,Cost of Goods Sold,SMS fees - 521306 - شحن رسائل SMS,521306,0.0
8025020 - مشروع وزارة الرياضة,Cost of Goods Sold,SMS fees - 521306 - شحن رسائل SMS,521306,0.0
8025030 - تقديم 3000 ساعة عمل تطوعية لموظفين شركة الكهرباء,Cost of Goods Sold,SMS fees - 521306 - شحن رسائل SMS,521306,0.0
8025040 - مصنع الابتكار - اشوكا,Cost of Goods Sold,SMS fees - 521306 - شحن رسائل SMS,521306,6000.0
8025050 - حصر الاحتياج التدريبي في منظومة الصحة,Cost of Goods Sold,SMS fees - 521306 - شحن رسائل SMS,521306,0.0
8025060 - مجموعات عمل التطوع التكافلي,Cost of Goods Sold,SMS fees - 521306 - شحن رسائل SMS,521306,0.0
8025070 - سفر الإفطار في الحرم المكي,Cost of Goods Sold,SMS fees - 521306 - شحن رسائل SMS,521306,0.0
8025080 - سوق الدار,Cost of Goods Sold,SMS fees - 521306 - شحن رسائل SMS,521306,0.0
8025090 - هاكاثون الوعي المعرفي,Cost of Goods Sold,SMS fees - 521306 - شحن رسائل SMS,521306,0.0
8025100 - مشروع منظومة عمل إدارة دراسات الحالة,Cost of Goods Sold,SMS fees - 521306 - شحن رسائل SMS,521306,0.0
8025110 - مشروع خارطة الاستثمار الاجتماعي في قطاع الشباب,Cost of Goods Sold,SMS fees - 521306 - شحن رسائل SMS,521306,0.0
8025120 - مشروع تقديم خدمات استشارية لأكاديمية الفوزان,Cost of Goods Sold,SMS fees - 521306 - شحن رسائل SMS,521306,0.0
8026010 - تأسيس وحدة الاستثمار الاجتماعي مع جمعية متلازمة النجاح,Cost of Goods Sold,SMS fees - 521306 - شحن رسائل SMS,521306,0.0
8026020 - التأهيل للتوظيف,Cost of Goods Sold,SMS fees - 521306 - شحن رسائل SMS,521306,0.0
8026030 - حاضنة أثر الطاقة الاجتماعية,Cost of Goods Sold,SMS fees - 521306 - شحن رسائل SMS,521306,0.0
Untagged,Cost of Goods Sold,SMS fees - 521306 - شحن رسائل SMS,521306,0.0
Overall,Cost of Goods Sold,Software and application subscription - 521409 - اشتراكات برامج وتطبيقات,521409,12750.1
8000010 - تسوية مراكز التكلفة تكامل,Cost of Goods Sold,Software and application subscription - 521409 - اشتراكات برامج وتطبيقات,521409,0.0
8000011 - المصاريف العمومية والادارية تكامل,Cost of Goods Sold,Software and application subscription - 521409 - اشتراكات برامج وتطبيقات,521409,0.0
8000020 - مصاريف بيعية وتسويقية تكامل,Cost of Goods Sold,Software and application subscription - 521409 - اشتراكات برامج وتطبيقات,521409,0.0
8000030 - تدريب وتطوير تكامل,Cost of Goods Sold,Software and application subscription - 521409 - اشتراكات برامج وتطبيقات,521409,0.0
8000040 - مكتب ادارة المشاريع تكامل,Cost of Goods Sold,Software and application subscription - 521409 - اشتراكات برامج وتطبيقات,521409,0.0
8000050 - الاتصال المؤسسي تكامل,Cost of Goods Sold,Software and application subscription - 521409 - اشتراكات برامج وتطبيقات,521409,0.0
8000060 - منصة قياس الأثر,Cost of Goods Sold,Software and application subscription - 521409 - اشتراكات برامج وتطبيقات,521409,0.0
8023010 - إنشاء مقار إدارة العمل التطوعي لخدمة ضيوف الرحمن,Cost of Goods Sold,Software and application subscription - 521409 - اشتراكات برامج وتطبيقات,521409,0.0
8023020 - منهجية عمل تعزز البنية المؤسسية للمنظمات غير الربحية,Cost of Goods Sold,Software and application subscription - 521409 - اشتراكات برامج وتطبيقات,521409,0.0
8023030 - رفع الوعي الفني لدى منظمات القطاع غير الربحي,Cost of Goods Sold,Software and application subscription - 521409 - اشتراكات برامج وتطبيقات,521409,0.0
8024010 - مشروع تقديم خدمات تأسيس وتفعيل وحدات ومراكز العمل التطوعي,Cost of Goods Sold,Software and application subscription - 521409 - اشتراكات برامج وتطبيقات,521409,0.0
8024020 - مشروع الخدمات اللوجستية للعاملين في القطاع غير الربحي,Cost of Goods Sold,Software and application subscription - 521409 - اشتراكات برامج وتطبيقات,521409,12750.1
8024030 - تمكين الجمعيات المتخصصة العاملة في القطاع غير الربحي,Cost of Goods Sold,Software and application subscription - 521409 - اشتراكات برامج وتطبيقات,521409,0.0
8024040 - تقديم الخدمات اللوجستية للتدريب في برنامج رائد,Cost of Goods Sold,Software and application subscription - 521409 - اشتراكات برامج وتطبيقات,521409,0.0
8025010 - مشروع العربة,Cost of Goods Sold,Software and application subscription - 521409 - اشتراكات برامج وتطبيقات,521409,0.0
8025020 - مشروع وزارة الرياضة,Cost of Goods Sold,Software and application subscription - 521409 - اشتراكات برامج وتطبيقات,521409,0.0
8025030 - تقديم 3000 ساعة عمل تطوعية لموظفين شركة الكهرباء,Cost of Goods Sold,Software and application subscription - 521409 - اشتراكات برامج وتطبيقات,521409,0.0
8025040 - مصنع الابتكار - اشوكا,Cost of Goods Sold,Software and application subscription - 521409 - اشتراكات برامج وتطبيقات,521409,0.0
8025050 - حصر الاحتياج التدريبي في منظومة الصحة,Cost of Goods Sold,Software and application subscription - 521409 - اشتراكات برامج وتطبيقات,521409,0.0
8025060 - مجموعات عمل التطوع التكافلي,Cost of Goods Sold,Software and application subscription - 521409 - اشتراكات برامج وتطبيقات,521409,0.0
8025070 - سفر الإفطار في الحرم المكي,Cost of Goods Sold,Software and application subscription - 521409 - اشتراكات برامج وتطبيقات,521409,0.0
8025080 - سوق الدار,Cost of Goods Sold,Software and application subscription - 521409 - اشتراكات برامج وتطبيقات,521409,0.0
8025090 - هاكاثون الوعي المعرفي,Cost of Goods Sold,Software and application subscription - 521409 - اشتراكات برامج وتطبيقات,521409,0.0
8025100 - مشروع منظومة عمل إدارة دراسات الحالة,Cost of Goods Sold,Software and application subscription - 521409 - اشتراكات برامج وتطبيقات,521409,0.0
8025110 - مشروع خارطة الاستثمار الاجتماعي في قطاع الشباب,Cost of Goods Sold,Software and application subscription - 521409 - اشتراكات برامج وتطبيقات,521409,0.0
8025120 - مشروع تقديم خدمات استشارية لأكاديمية الفوزان,Cost of Goods Sold,Software and application subscription - 521409 - اشتراكات برامج وتطبيقات,521409,0.0
8026010 - تأسيس وحدة الاستثمار الاجتماعي مع جمعية متلازمة النجاح,Cost of Goods Sold,Software and application subscription - 521409 - اشتراكات برامج وتطبيقات,521409,0.0
8026020 - التأهيل للتوظيف,Cost of Goods Sold,Software and application subscription - 521409 - اشتراكات برامج وتطبيقات,521409,0.0
8026030 - حاضنة أثر الطاقة الاجتماعية,Cost of Goods Sold,Software and application subscription - 521409 - اشتراكات برامج وتطبيقات,521409,0.0
Untagged,Cost of Goods Sold,Software and application subscription - 521409 - اشتراكات برامج وتطبيقات,521409,0.0
Overall,Cost of Goods Sold,Sponosrship transfer - 510201 - نقل كفالات,510201,15000.0
8000010 - تسوية مراكز التكلفة تكامل,Cost of Goods Sold,Sponosrship transfer - 510201 - نقل كفالات,510201,6000.0
8000011 - المصاريف العمومية والادارية تكامل,Cost of Goods Sold,Sponosrship transfer - 510201 - نقل كفالات,510201,0.0
8000020 - مصاريف بيعية وتسويقية تكامل,Cost of Goods Sold,Sponosrship transfer - 510201 - نقل كفالات,510201,0.0
8000030 - تدريب وتطوير تكامل,Cost of Goods Sold,Sponosrship transfer - 510201 - نقل كفالات,510201,0.0
8000040 - مكتب ادارة المشاريع تكامل,Cost of Goods Sold,Sponosrship transfer - 510201 - نقل كفالات,510201,0.0
8000050 - الاتصال المؤسسي تكامل,Cost of Goods Sold,Sponosrship transfer - 510201 - نقل كفالات,510201,0.0
8000060 - منصة قياس الأثر,Cost of Goods Sold,Sponosrship transfer - 510201 - نقل كفالات,510201,0.0
8023010 - إنشاء مقار إدارة العمل التطوعي لخدمة ضيوف الرحمن,Cost of Goods Sold,Sponosrship transfer - 510201 - نقل كفالات,510201,0.0
8023020 - منهجية عمل تعزز البنية المؤسسية للمنظمات غير الربحية,Cost of Goods Sold,Sponosrship transfer - 510201 - نقل كفالات,510201,0.0
8023030 - رفع الوعي الفني لدى منظمات القطاع غير الربحي,Cost of Goods Sold,Sponosrship transfer - 510201 - نقل كفالات,510201,0.0
8024010 - مشروع تقديم خدمات تأسيس وتفعيل وحدات ومراكز العمل التطوعي,Cost of Goods Sold,Sponosrship transfer - 510201 - نقل كفالات,510201,0.0
8024020 - مشروع الخدمات اللوجستية للعاملين في القطاع غير الربحي,Cost of Goods Sold,Sponosrship transfer - 510201 - نقل كفالات,510201,0.0
8024030 - تمكين الجمعيات المتخصصة العاملة في القطاع غير الربحي,Cost of Goods Sold,Sponosrship transfer - 510201 - نقل كفالات,510201,0.0
8024040 - تقديم الخدمات اللوجستية للتدريب في برنامج رائد,Cost of Goods Sold,Sponosrship transfer - 510201 - نقل كفالات,510201,0.0
8025010 - مشروع العربة,Cost of Goods Sold,Sponosrship transfer - 510201 - نقل كفالات,510201,0.0
8025020 - مشروع وزارة الرياضة,Cost of Goods Sold,Sponosrship transfer - 510201 - نقل كفالات,510201,9000.0
8025030 - تقديم 3000 ساعة عمل تطوعية لموظفين شركة الكهرباء,Cost of Goods Sold,Sponosrship transfer - 510201 - نقل كفالات,510201,0.0
8025040 - مصنع الابتكار - اشوكا,Cost of Goods Sold,Sponosrship transfer - 510201 - نقل كفالات,510201,0.0
8025050 - حصر الاحتياج التدريبي في منظومة الصحة,Cost of Goods Sold,Sponosrship transfer - 510201 - نقل كفالات,510201,0.0
8025060 - مجموعات عمل التطوع التكافلي,Cost of Goods Sold,Sponosrship transfer - 510201 - نقل كفالات,510201,0.0
8025070 - سفر الإفطار في الحرم المكي,Cost of Goods Sold,Sponosrship transfer - 510201 - نقل كفالات,510201,0.0
8025080 - سوق الدار,Cost of Goods Sold,Sponosrship transfer - 510201 - نقل كفالات,510201,0.0
8025090 - هاكاثون الوعي المعرفي,Cost of Goods Sold,Sponosrship transfer - 510201 - نقل كفالات,510201,0.0
8025100 - مشروع منظومة عمل إدارة دراسات الحالة,Cost of Goods Sold,Sponosrship transfer - 510201 - نقل كفالات,510201,0.0
8025110 - مشروع خارطة الاستثمار الاجتماعي في قطاع الشباب,Cost of Goods Sold,Sponosrship transfer - 510201 - نقل كفالات,510201,0.0
8025120 - مشروع تقديم خدمات استشارية لأكاديمية الفوزان,Cost of Goods Sold,Sponosrship transfer - 510201 - نقل كفالات,510201,0.0
8026010 - تأسيس وحدة الاستثمار الاجتماعي مع جمعية متلازمة النجاح,Cost of Goods Sold,Sponosrship transfer - 510201 - نقل كفالات,510201,0.0
8026020 - التأهيل للتوظيف,Cost of Goods Sold,Sponosrship transfer - 510201 - نقل كفالات,510201,0.0
8026030 - حاضنة أثر الطاقة الاجتماعية,Cost of Goods Sold,Sponosrship transfer - 510201 - نقل كفالات,510201,0.0
Untagged,Cost of Goods Sold,Sponosrship transfer - 510201 - نقل كفالات,510201,0.0
Overall,Cost of Goods Sold,Stationery - 520801 - قرطاسية,520801,2746.9
8000010 - تسوية مراكز التكلفة تكامل,Cost of Goods Sold,Stationery - 520801 - قرطاسية,520801,0.0
8000011 - المصاريف العمومية والادارية تكامل,Cost of Goods Sold,Stationery - 520801 - قرطاسية,520801,0.0
8000020 - مصاريف بيعية وتسويقية تكامل,Cost of Goods Sold,Stationery - 520801 - قرطاسية,520801,0.0
8000030 - تدريب وتطوير تكامل,Cost of Goods Sold,Stationery - 520801 - قرطاسية,520801,0.0
8000040 - مكتب ادارة المشاريع تكامل,Cost of Goods Sold,Stationery - 520801 - قرطاسية,520801,0.0
8000050 - الاتصال المؤسسي تكامل,Cost of Goods Sold,Stationery - 520801 - قرطاسية,520801,0.0
8000060 - منصة قياس الأثر,Cost of Goods Sold,Stationery - 520801 - قرطاسية,520801,0.0
8023010 - إنشاء مقار إدارة العمل التطوعي لخدمة ضيوف الرحمن,Cost of Goods Sold,Stationery - 520801 - قرطاسية,520801,0.0
8023020 - منهجية عمل تعزز البنية المؤسسية للمنظمات غير الربحية,Cost of Goods Sold,Stationery - 520801 - قرطاسية,520801,0.0
8023030 - رفع الوعي الفني لدى منظمات القطاع غير الربحي,Cost of Goods Sold,Stationery - 520801 - قرطاسية,520801,0.0
8024010 - مشروع تقديم خدمات تأسيس وتفعيل وحدات ومراكز العمل التطوعي,Cost of Goods Sold,Stationery - 520801 - قرطاسية,520801,0.0
8024020 - مشروع الخدمات اللوجستية للعاملين في القطاع غير الربحي,Cost of Goods Sold,Stationery - 520801 - قرطاسية,520801,0.0
8024030 - تمكين الجمعيات المتخصصة العاملة في القطاع غير الربحي,Cost of Goods Sold,Stationery - 520801 - قرطاسية,520801,0.0
8024040 - تقديم الخدمات اللوجستية للتدريب في برنامج رائد,Cost of Goods Sold,Stationery - 520801 - قرطاسية,520801,268.0
8025010 - مشروع العربة,Cost of Goods Sold,Stationery - 520801 - قرطاسية,520801,565.23
8025020 - مشروع وزارة الرياضة,Cost of Goods Sold,Stationery - 520801 - قرطاسية,520801,0.0
8025030 - تقديم 3000 ساعة عمل تطوعية لموظفين شركة الكهرباء,Cost of Goods Sold,Stationery - 520801 - قرطاسية,520801,0.0
8025040 - مصنع الابتكار - اشوكا,Cost of Goods Sold,Stationery - 520801 - قرطاسية,520801,0.0
8025050 - حصر الاحتياج التدريبي في منظومة الصحة,Cost of Goods Sold,Stationery - 520801 - قرطاسية,520801,0.0
8025060 - مجموعات عمل التطوع التكافلي,Cost of Goods Sold,Stationery - 520801 - قرطاسية,520801,0.0
8025070 - سفر الإفطار في الحرم المكي,Cost of Goods Sold,Stationery - 520801 - قرطاسية,520801,1913.67
8025080 - سوق الدار,Cost of Goods Sold,Stationery - 520801 - قرطاسية,520801,0.0
8025090 - هاكاثون الوعي المعرفي,Cost of Goods Sold,Stationery - 520801 - قرطاسية,520801,0.0
8025100 - مشروع منظومة عمل إدارة دراسات الحالة,Cost of Goods Sold,Stationery - 520801 - قرطاسية,520801,0.0
8025110 - مشروع خارطة الاستثمار الاجتماعي في قطاع الشباب,Cost of Goods Sold,Stationery - 520801 - قرطاسية,520801,0.0
8025120 - مشروع تقديم خدمات استشارية لأكاديمية الفوزان,Cost of Goods Sold,Stationery - 520801 - قرطاسية,520801,0.0
8026010 - تأسيس وحدة الاستثمار الاجتماعي مع جمعية متلازمة النجاح,Cost of Goods Sold,Stationery - 520801 - قرطاسية,520801,0.0
8026020 - التأهيل للتوظيف,Cost of Goods Sold,Stationery - 520801 - قرطاسية,520801,0.0
8026030 - حاضنة أثر الطاقة الاجتماعية,Cost of Goods Sold,Stationery - 520801 - قرطاسية,520801,0.0
Untagged,Cost of Goods Sold,Stationery - 520801 - قرطاسية,520801,0.0
Overall,Cost of Goods Sold,Technical and electronic tools - 530116 - ادوات تقنية والكترونية وعدد,530116,17916.96
8000010 - تسوية مراكز التكلفة تكامل,Cost of Goods Sold,Technical and electronic tools - 530116 - ادوات تقنية والكترونية وعدد,530116,949.0
8000011 - المصاريف العمومية والادارية تكامل,Cost of Goods Sold,Technical and electronic tools - 530116 - ادوات تقنية والكترونية وعدد,530116,0.0
8000020 - مصاريف بيعية وتسويقية تكامل,Cost of Goods Sold,Technical and electronic tools - 530116 - ادوات تقنية والكترونية وعدد,530116,0.0
8000030 - تدريب وتطوير تكامل,Cost of Goods Sold,Technical and electronic tools - 530116 - ادوات تقنية والكترونية وعدد,530116,0.0
8000040 - مكتب ادارة المشاريع تكامل,Cost of Goods Sold,Technical and electronic tools - 530116 - ادوات تقنية والكترونية وعدد,530116,0.0
8000050 - الاتصال المؤسسي تكامل,Cost of Goods Sold,Technical and electronic tools - 530116 - ادوات تقنية والكترونية وعدد,530116,0.0
8000060 - منصة قياس الأثر,Cost of Goods Sold,Technical and electronic tools - 530116 - ادوات تقنية والكترونية وعدد,530116,0.0
8023010 - إنشاء مقار إدارة العمل التطوعي لخدمة ضيوف الرحمن,Cost of Goods Sold,Technical and electronic tools - 530116 - ادوات تقنية والكترونية وعدد,530116,0.0
8023020 - منهجية عمل تعزز البنية المؤسسية للمنظمات غير الربحية,Cost of Goods Sold,Technical and electronic tools - 530116 - ادوات تقنية والكترونية وعدد,530116,0.0
8023030 - رفع الوعي الفني لدى منظمات القطاع غير الربحي,Cost of Goods Sold,Technical and electronic tools - 530116 - ادوات تقنية والكترونية وعدد,530116,0.0
8024010 - مشروع تقديم خدمات تأسيس وتفعيل وحدات ومراكز العمل التطوعي,Cost of Goods Sold,Technical and electronic tools - 530116 - ادوات تقنية والكترونية وعدد,530116,0.0
8024020 - مشروع الخدمات اللوجستية للعاملين في القطاع غير الربحي,Cost of Goods Sold,Technical and electronic tools - 530116 - ادوات تقنية والكترونية وعدد,530116,7755.97
8024030 - تمكين الجمعيات المتخصصة العاملة في القطاع غير الربحي,Cost of Goods Sold,Technical and electronic tools - 530116 - ادوات تقنية والكترونية وعدد,530116,0.0
8024040 - تقديم الخدمات اللوجستية للتدريب في برنامج رائد,Cost of Goods Sold,Technical and electronic tools - 530116 - ادوات تقنية والكترونية وعدد,530116,159.0
8025010 - مشروع العربة,Cost of Goods Sold,Technical and electronic tools - 530116 - ادوات تقنية والكترونية وعدد,530116,0.0
8025020 - مشروع وزارة الرياضة,Cost of Goods Sold,Technical and electronic tools - 530116 - ادوات تقنية والكترونية وعدد,530116,1000.0
8025030 - تقديم 3000 ساعة عمل تطوعية لموظفين شركة الكهرباء,Cost of Goods Sold,Technical and electronic tools - 530116 - ادوات تقنية والكترونية وعدد,530116,0.0
8025040 - مصنع الابتكار - اشوكا,Cost of Goods Sold,Technical and electronic tools - 530116 - ادوات تقنية والكترونية وعدد,530116,2332.99
8025050 - حصر الاحتياج التدريبي في منظومة الصحة,Cost of Goods Sold,Technical and electronic tools - 530116 - ادوات تقنية والكترونية وعدد,530116,0.0
8025060 - مجموعات عمل التطوع التكافلي,Cost of Goods Sold,Technical and electronic tools - 530116 - ادوات تقنية والكترونية وعدد,530116,605.0
8025070 - سفر الإفطار في الحرم المكي,Cost of Goods Sold,Technical and electronic tools - 530116 - ادوات تقنية والكترونية وعدد,530116,0.0
8025080 - سوق الدار,Cost of Goods Sold,Technical and electronic tools - 530116 - ادوات تقنية والكترونية وعدد,530116,0.0
8025090 - هاكاثون الوعي المعرفي,Cost of Goods Sold,Technical and electronic tools - 530116 - ادوات تقنية والكترونية وعدد,530116,0.0
8025100 - مشروع منظومة عمل إدارة دراسات الحالة,Cost of Goods Sold,Technical and electronic tools - 530116 - ادوات تقنية والكترونية وعدد,530116,5115.0
8025110 - مشروع خارطة الاستثمار الاجتماعي في قطاع الشباب,Cost of Goods Sold,Technical and electronic tools - 530116 - ادوات تقنية والكترونية وعدد,530116,0.0
8025120 - مشروع تقديم خدمات استشارية لأكاديمية الفوزان,Cost of Goods Sold,Technical and electronic tools - 530116 - ادوات تقنية والكترونية وعدد,530116,0.0
8026010 - تأسيس وحدة الاستثمار الاجتماعي مع جمعية متلازمة النجاح,Cost of Goods Sold,Technical and electronic tools - 530116 - ادوات تقنية والكترونية وعدد,530116,0.0
8026020 - التأهيل للتوظيف,Cost of Goods Sold,Technical and electronic tools - 530116 - ادوات تقنية والكترونية وعدد,530116,0.0
8026030 - حاضنة أثر الطاقة الاجتماعية,Cost of Goods Sold,Technical and electronic tools - 530116 - ادوات تقنية والكترونية وعدد,530116,0.0
Untagged,Cost of Goods Sold,Technical and electronic tools - 530116 - ادوات تقنية والكترونية وعدد,530116,0.0
Overall,Cost of Goods Sold,Video shooting fee - 520902 - اتعاب تصوير فيديو,520902,7200.0
8000010 - تسوية مراكز التكلفة تكامل,Cost of Goods Sold,Video shooting fee - 520902 - اتعاب تصوير فيديو,520902,0.0
8000011 - المصاريف العمومية والادارية تكامل,Cost of Goods Sold,Video shooting fee - 520902 - اتعاب تصوير فيديو,520902,0.0
8000020 - مصاريف بيعية وتسويقية تكامل,Cost of Goods Sold,Video shooting fee - 520902 - اتعاب تصوير فيديو,520902,0.0
8000030 - تدريب وتطوير تكامل,Cost of Goods Sold,Video shooting fee - 520902 - اتعاب تصوير فيديو,520902,0.0
8000040 - مكتب ادارة المشاريع تكامل,Cost of Goods Sold,Video shooting fee - 520902 - اتعاب تصوير فيديو,520902,0.0
8000050 - الاتصال المؤسسي تكامل,Cost of Goods Sold,Video shooting fee - 520902 - اتعاب تصوير فيديو,520902,0.0
8000060 - منصة قياس الأثر,Cost of Goods Sold,Video shooting fee - 520902 - اتعاب تصوير فيديو,520902,0.0
8023010 - إنشاء مقار إدارة العمل التطوعي لخدمة ضيوف الرحمن,Cost of Goods Sold,Video shooting fee - 520902 - اتعاب تصوير فيديو,520902,0.0
8023020 - منهجية عمل تعزز البنية المؤسسية للمنظمات غير الربحية,Cost of Goods Sold,Video shooting fee - 520902 - اتعاب تصوير فيديو,520902,0.0
8023030 - رفع الوعي الفني لدى منظمات القطاع غير الربحي,Cost of Goods Sold,Video shooting fee - 520902 - اتعاب تصوير فيديو,520902,0.0
8024010 - مشروع تقديم خدمات تأسيس وتفعيل وحدات ومراكز العمل التطوعي,Cost of Goods Sold,Video shooting fee - 520902 - اتعاب تصوير فيديو,520902,0.0
8024020 - مشروع الخدمات اللوجستية للعاملين في القطاع غير الربحي,Cost of Goods Sold,Video shooting fee - 520902 - اتعاب تصوير فيديو,520902,0.0
8024030 - تمكين الجمعيات المتخصصة العاملة في القطاع غير الربحي,Cost of Goods Sold,Video shooting fee - 520902 - اتعاب تصوير فيديو,520902,0.0
8024040 - تقديم الخدمات اللوجستية للتدريب في برنامج رائد,Cost of Goods Sold,Video shooting fee - 520902 - اتعاب تصوير فيديو,520902,0.0
8025010 - مشروع العربة,Cost of Goods Sold,Video shooting fee - 520902 - اتعاب تصوير فيديو,520902,0.0
8025020 - مشروع وزارة الرياضة,Cost of Goods Sold,Video shooting fee - 520902 - اتعاب تصوير فيديو,520902,0.0
8025030 - تقديم 3000 ساعة عمل تطوعية لموظفين شركة الكهرباء,Cost of Goods Sold,Video shooting fee - 520902 - اتعاب تصوير فيديو,520902,0.0
8025040 - مصنع الابتكار - اشوكا,Cost of Goods Sold,Video shooting fee - 520902 - اتعاب تصوير فيديو,520902,5000.0
8025050 - حصر الاحتياج التدريبي في منظومة الصحة,Cost of Goods Sold,Video shooting fee - 520902 - اتعاب تصوير فيديو,520902,0.0
8025060 - مجموعات عمل التطوع التكافلي,Cost of Goods Sold,Video shooting fee - 520902 - اتعاب تصوير فيديو,520902,0.0
8025070 - سفر الإفطار في الحرم المكي,Cost of Goods Sold,Video shooting fee - 520902 - اتعاب تصوير فيديو,520902,2200.0
8025080 - سوق الدار,Cost of Goods Sold,Video shooting fee - 520902 - اتعاب تصوير فيديو,520902,0.0
8025090 - هاكاثون الوعي المعرفي,Cost of Goods Sold,Video shooting fee - 520902 - اتعاب تصوير فيديو,520902,0.0
8025100 - مشروع منظومة عمل إدارة دراسات الحالة,Cost of Goods Sold,Video shooting fee - 520902 - اتعاب تصوير فيديو,520902,0.0
8025110 - مشروع خارطة الاستثمار الاجتماعي في قطاع الشباب,Cost of Goods Sold,Video shooting fee - 520902 - اتعاب تصوير فيديو,520902,0.0
8025120 - مشروع تقديم خدمات استشارية لأكاديمية الفوزان,Cost of Goods Sold,Video shooting fee - 520902 - اتعاب تصوير فيديو,520902,0.0
8026010 - تأسيس وحدة الاستثمار الاجتماعي مع جمعية متلازمة النجاح,Cost of Goods Sold,Video shooting fee - 520902 - اتعاب تصوير فيديو,520902,0.0
8026020 - التأهيل للتوظيف,Cost of Goods Sold,Video shooting fee - 520902 - اتعاب تصوير فيديو,520902,0.0
8026030 - حاضنة أثر الطاقة الاجتماعية,Cost of Goods Sold,Video shooting fee - 520902 - اتعاب تصوير فيديو,520902,0.0
Untagged,Cost of Goods Sold,Video shooting fee - 520902 - اتعاب تصوير فيديو,520902,0.0
Overall,Cost of Goods Sold,Withhodling tax - 530108 - ضريبة استقطاع,530108,5237.29
8000010 - تسوية مراكز التكلفة تكامل,Cost of Goods Sold,Withhodling tax - 530108 - ضريبة استقطاع,530108,3737.29
8000011 - المصاريف العمومية والادارية تكامل,Cost of Goods Sold,Withhodling tax - 530108 - ضريبة استقطاع,530108,0.0
8000020 - مصاريف بيعية وتسويقية تكامل,Cost of Goods Sold,Withhodling tax - 530108 - ضريبة استقطاع,530108,0.0
8000030 - تدريب وتطوير تكامل,Cost of Goods Sold,Withhodling tax - 530108 - ضريبة استقطاع,530108,0.0
8000040 - مكتب ادارة المشاريع تكامل,Cost of Goods Sold,Withhodling tax - 530108 - ضريبة استقطاع,530108,0.0
8000050 - الاتصال المؤسسي تكامل,Cost of Goods Sold,Withhodling tax - 530108 - ضريبة استقطاع,530108,0.0
8000060 - منصة قياس الأثر,Cost of Goods Sold,Withhodling tax - 530108 - ضريبة استقطاع,530108,0.0
8023010 - إنشاء مقار إدارة العمل التطوعي لخدمة ضيوف الرحمن,Cost of Goods Sold,Withhodling tax - 530108 - ضريبة استقطاع,530108,0.0
8023020 - منهجية عمل تعزز البنية المؤسسية للمنظمات غير الربحية,Cost of Goods Sold,Withhodling tax - 530108 - ضريبة استقطاع,530108,1500.0
8023030 - رفع الوعي الفني لدى منظمات القطاع غير الربحي,Cost of Goods Sold,Withhodling tax - 530108 - ضريبة استقطاع,530108,0.0
8024010 - مشروع تقديم خدمات تأسيس وتفعيل وحدات ومراكز العمل التطوعي,Cost of Goods Sold,Withhodling tax - 530108 - ضريبة استقطاع,530108,0.0
8024020 - مشروع الخدمات اللوجستية للعاملين في القطاع غير الربحي,Cost of Goods Sold,Withhodling tax - 530108 - ضريبة استقطاع,530108,0.0
8024030 - تمكين الجمعيات المتخصصة العاملة في القطاع غير الربحي,Cost of Goods Sold,Withhodling tax - 530108 - ضريبة استقطاع,530108,0.0
8024040 - تقديم الخدمات اللوجستية للتدريب في برنامج رائد,Cost of Goods Sold,Withhodling tax - 530108 - ضريبة استقطاع,530108,0.0
8025010 - مشروع العربة,Cost of Goods Sold,Withhodling tax - 530108 - ضريبة استقطاع,530108,0.0
8025020 - مشروع وزارة الرياضة,Cost of Goods Sold,Withhodling tax - 530108 - ضريبة استقطاع,530108,0.0
8025030 - تقديم 3000 ساعة عمل تطوعية لموظفين شركة الكهرباء,Cost of Goods Sold,Withhodling tax - 530108 - ضريبة استقطاع,530108,0.0
8025040 - مصنع الابتكار - اشوكا,Cost of Goods Sold,Withhodling tax - 530108 - ضريبة استقطاع,530108,0.0
8025050 - حصر الاحتياج التدريبي في منظومة الصحة,Cost of Goods Sold,Withhodling tax - 530108 - ضريبة استقطاع,530108,0.0
8025060 - مجموعات عمل التطوع التكافلي,Cost of Goods Sold,Withhodling tax - 530108 - ضريبة استقطاع,530108,0.0
8025070 - سفر الإفطار في الحرم المكي,Cost of Goods Sold,Withhodling tax - 530108 - ضريبة استقطاع,530108,0.0
8025080 - سوق الدار,Cost of Goods Sold,Withhodling tax - 530108 - ضريبة استقطاع,530108,0.0
8025090 - هاكاثون الوعي المعرفي,Cost of Goods Sold,Withhodling tax - 530108 - ضريبة استقطاع,530108,0.0
8025100 - مشروع منظومة عمل إدارة دراسات الحالة,Cost of Goods Sold,Withhodling tax - 530108 - ضريبة استقطاع,530108,0.0
8025110 - مشروع خارطة الاستثمار الاجتماعي في قطاع الشباب,Cost of Goods Sold,Withhodling tax - 530108 - ضريبة استقطاع,530108,0.0
8025120 - مشروع تقديم خدمات استشارية لأكاديمية الفوزان,Cost of Goods Sold,Withhodling tax - 530108 - ضريبة استقطاع,530108,0.0
8026010 - تأسيس وحدة الاستثمار الاجتماعي مع جمعية متلازمة النجاح,Cost of Goods Sold,Withhodling tax - 530108 - ضريبة استقطاع,530108,0.0
8026020 - التأهيل للتوظيف,Cost of Goods Sold,Withhodling tax - 530108 - ضريبة استقطاع,530108,0.0
8026030 - حاضنة أثر الطاقة الاجتماعية,Cost of Goods Sold,Withhodling tax - 530108 - ضريبة استقطاع,530108,0.0
Untagged,Cost of Goods Sold,Withhodling tax - 530108 - ضريبة استقطاع,530108,0.0
Overall,Cost of Goods Sold,Work done by sisters company - 510001 - تكلفة ساعات العمل المنفذة من كيانات أخرى,510001,14400.0
8000010 - تسوية مراكز التكلفة تكامل,Cost of Goods Sold,Work done by sisters company - 510001 - تكلفة ساعات العمل المنفذة من كيانات أخرى,510001,0.0
8000011 - المصاريف العمومية والادارية تكامل,Cost of Goods Sold,Work done by sisters company - 510001 - تكلفة ساعات العمل المنفذة من كيانات أخرى,510001,0.0
8000020 - مصاريف بيعية وتسويقية تكامل,Cost of Goods Sold,Work done by sisters company - 510001 - تكلفة ساعات العمل المنفذة من كيانات أخرى,510001,0.0
8000030 - تدريب وتطوير تكامل,Cost of Goods Sold,Work done by sisters company - 510001 - تكلفة ساعات العمل المنفذة من كيانات أخرى,510001,0.0
8000040 - مكتب ادارة المشاريع تكامل,Cost of Goods Sold,Work done by sisters company - 510001 - تكلفة ساعات العمل المنفذة من كيانات أخرى,510001,0.0
8000050 - الاتصال المؤسسي تكامل,Cost of Goods Sold,Work done by sisters company - 510001 - تكلفة ساعات العمل المنفذة من كيانات أخرى,510001,0.0
8000060 - منصة قياس الأثر,Cost of Goods Sold,Work done by sisters company - 510001 - تكلفة ساعات العمل المنفذة من كيانات أخرى,510001,0.0
8023010 - إنشاء مقار إدارة العمل التطوعي لخدمة ضيوف الرحمن,Cost of Goods Sold,Work done by sisters company - 510001 - تكلفة ساعات العمل المنفذة من كيانات أخرى,510001,0.0
8023020 - منهجية عمل تعزز البنية المؤسسية للمنظمات غير الربحية,Cost of Goods Sold,Work done by sisters company - 510001 - تكلفة ساعات العمل المنفذة من كيانات أخرى,510001,0.0
8023030 - رفع الوعي الفني لدى منظمات القطاع غير الربحي,Cost of Goods Sold,Work done by sisters company - 510001 - تكلفة ساعات العمل المنفذة من كيانات أخرى,510001,0.0
8024010 - مشروع تقديم خدمات تأسيس وتفعيل وحدات ومراكز العمل التطوعي,Cost of Goods Sold,Work done by sisters company - 510001 - تكلفة ساعات العمل المنفذة من كيانات أخرى,510001,0.0
8024020 - مشروع الخدمات اللوجستية للعاملين في القطاع غير الربحي,Cost of Goods Sold,Work done by sisters company - 510001 - تكلفة ساعات العمل المنفذة من كيانات أخرى,510001,0.0
8024030 - تمكين الجمعيات المتخصصة العاملة في القطاع غير الربحي,Cost of Goods Sold,Work done by sisters company - 510001 - تكلفة ساعات العمل المنفذة من كيانات أخرى,510001,0.0
8024040 - تقديم الخدمات اللوجستية للتدريب في برنامج رائد,Cost of Goods Sold,Work done by sisters company - 510001 - تكلفة ساعات العمل المنفذة من كيانات أخرى,510001,0.0
8025010 - مشروع العربة,Cost of Goods Sold,Work done by sisters company - 510001 - تكلفة ساعات العمل المنفذة من كيانات أخرى,510001,0.0
8025020 - مشروع وزارة الرياضة,Cost of Goods Sold,Work done by sisters company - 510001 - تكلفة ساعات العمل المنفذة من كيانات أخرى,510001,0.0
8025030 - تقديم 3000 ساعة عمل تطوعية لموظفين شركة الكهرباء,Cost of Goods Sold,Work done by sisters company - 510001 - تكلفة ساعات العمل المنفذة من كيانات أخرى,510001,0.0
8025040 - مصنع الابتكار - اشوكا,Cost of Goods Sold,Work done by sisters company - 510001 - تكلفة ساعات العمل المنفذة من كيانات أخرى,510001,0.0
8025050 - حصر الاحتياج التدريبي في منظومة الصحة,Cost of Goods Sold,Work done by sisters company - 510001 - تكلفة ساعات العمل المنفذة من كيانات أخرى,510001,0.0
8025060 - مجموعات عمل التطوع التكافلي,Cost of Goods Sold,Work done by sisters company - 510001 - تكلفة ساعات العمل المنفذة من كيانات أخرى,510001,14400.0
8025070 - سفر الإفطار في الحرم المكي,Cost of Goods Sold,Work done by sisters company - 510001 - تكلفة ساعات العمل المنفذة من كيانات أخرى,510001,0.0
8025080 - سوق الدار,Cost of Goods Sold,Work done by sisters company - 510001 - تكلفة ساعات العمل المنفذة من كيانات أخرى,510001,0.0
8025090 - هاكاثون الوعي المعرفي,Cost of Goods Sold,Work done by sisters company - 510001 - تكلفة ساعات العمل المنفذة من كيانات أخرى,510001,0.0
8025100 - مشروع منظومة عمل إدارة دراسات الحالة,Cost of Goods Sold,Work done by sisters company - 510001 - تكلفة ساعات العمل المنفذة من كيانات أخرى,510001,0.0
8025110 - مشروع خارطة الاستثمار الاجتماعي في قطاع الشباب,Cost of Goods Sold,Work done by sisters company - 510001 - تكلفة ساعات العمل المنفذة من كيانات أخرى,510001,0.0
8025120 - مشروع تقديم خدمات استشارية لأكاديمية الفوزان,Cost of Goods Sold,Work done by sisters company - 510001 - تكلفة ساعات العمل المنفذة من كيانات أخرى,510001,0.0
8026010 - تأسيس وحدة الاستثمار الاجتماعي مع جمعية متلازمة النجاح,Cost of Goods Sold,Work done by sisters company - 510001 - تكلفة ساعات العمل المنفذة من كيانات أخرى,510001,0.0
8026020 - التأهيل للتوظيف,Cost of Goods Sold,Work done by sisters company - 510001 - تكلفة ساعات العمل المنفذة من كيانات أخرى,510001,0.0
8026030 - حاضنة أثر الطاقة الاجتماعية,Cost of Goods Sold,Work done by sisters company - 510001 - تكلفة ساعات العمل المنفذة من كيانات أخرى,510001,0.0
Untagged,Cost of Goods Sold,Work done by sisters company - 510001 - تكلفة ساعات العمل المنفذة من كيانات أخرى,510001,0.0
Overall,Cost of Goods Sold,Workshop hall rent - 520601 - ايجار قاعات ورش عمل,520601,79807.8
8000010 - تسوية مراكز التكلفة تكامل,Cost of Goods Sold,Workshop hall rent - 520601 - ايجار قاعات ورش عمل,520601,0.0
8000011 - المصاريف العمومية والادارية تكامل,Cost of Goods Sold,Workshop hall rent - 520601 - ايجار قاعات ورش عمل,520601,0.0
8000020 - مصاريف بيعية وتسويقية تكامل,Cost of Goods Sold,Workshop hall rent - 520601 - ايجار قاعات ورش عمل,520601,0.0
8000030 - تدريب وتطوير تكامل,Cost of Goods Sold,Workshop hall rent - 520601 - ايجار قاعات ورش عمل,520601,0.0
8000040 - مكتب ادارة المشاريع تكامل,Cost of Goods Sold,Workshop hall rent - 520601 - ايجار قاعات ورش عمل,520601,0.0
8000050 - الاتصال المؤسسي تكامل,Cost of Goods Sold,Workshop hall rent - 520601 - ايجار قاعات ورش عمل,520601,0.0
8000060 - منصة قياس الأثر,Cost of Goods Sold,Workshop hall rent - 520601 - ايجار قاعات ورش عمل,520601,0.0
8023010 - إنشاء مقار إدارة العمل التطوعي لخدمة ضيوف الرحمن,Cost of Goods Sold,Workshop hall rent - 520601 - ايجار قاعات ورش عمل,520601,0.0
8023020 - منهجية عمل تعزز البنية المؤسسية للمنظمات غير الربحية,Cost of Goods Sold,Workshop hall rent - 520601 - ايجار قاعات ورش عمل,520601,0.0
8023030 - رفع الوعي الفني لدى منظمات القطاع غير الربحي,Cost of Goods Sold,Workshop hall rent - 520601 - ايجار قاعات ورش عمل,520601,0.0
8024010 - مشروع تقديم خدمات تأسيس وتفعيل وحدات ومراكز العمل التطوعي,Cost of Goods Sold,Workshop hall rent - 520601 - ايجار قاعات ورش عمل,520601,24913.31
8024020 - مشروع الخدمات اللوجستية للعاملين في القطاع غير الربحي,Cost of Goods Sold,Workshop hall rent - 520601 - ايجار قاعات ورش عمل,520601,20750.0
8024030 - تمكين الجمعيات المتخصصة العاملة في القطاع غير الربحي,Cost of Goods Sold,Workshop hall rent - 520601 - ايجار قاعات ورش عمل,520601,0.0
8024040 - تقديم الخدمات اللوجستية للتدريب في برنامج رائد,Cost of Goods Sold,Workshop hall rent - 520601 - ايجار قاعات ورش عمل,520601,0.0
8025010 - مشروع العربة,Cost of Goods Sold,Workshop hall rent - 520601 - ايجار قاعات ورش عمل,520601,0.0
8025020 - مشروع وزارة الرياضة,Cost of Goods Sold,Workshop hall rent - 520601 - ايجار قاعات ورش عمل,520601,0.0
8025030 - تقديم 3000 ساعة عمل تطوعية لموظفين شركة الكهرباء,Cost of Goods Sold,Workshop hall rent - 520601 - ايجار قاعات ورش عمل,520601,0.0
8025040 - مصنع الابتكار - اشوكا,Cost of Goods Sold,Workshop hall rent - 520601 - ايجار قاعات ورش عمل,520601,34144.49
8025050 - حصر الاحتياج التدريبي في منظومة الصحة,Cost of Goods Sold,Workshop hall rent - 520601 - ايجار قاعات ورش عمل,520601,0.0
8025060 - مجموعات عمل التطوع التكافلي,Cost of Goods Sold,Workshop hall rent - 520601 - ايجار قاعات ورش عمل,520601,0.0
8025070 - سفر الإفطار في الحرم المكي,Cost of Goods Sold,Workshop hall rent - 520601 - ايجار قاعات ورش عمل,520601,0.0
8025080 - سوق الدار,Cost of Goods Sold,Workshop hall rent - 520601 - ايجار قاعات ورش عمل,520601,0.0
8025090 - هاكاثون الوعي المعرفي,Cost of Goods Sold,Workshop hall rent - 520601 - ايجار قاعات ورش عمل,520601,0.0
8025100 - مشروع منظومة عمل إدارة دراسات الحالة,Cost of Goods Sold,Workshop hall rent - 520601 - ايجار قاعات ورش عمل,520601,0.0
8025110 - مشروع خارطة الاستثمار الاجتماعي في قطاع الشباب,Cost of Goods Sold,Workshop hall rent - 520601 - ايجار قاعات ورش عمل,520601,0.0
8025120 - مشروع تقديم خدمات استشارية لأكاديمية الفوزان,Cost of Goods Sold,Workshop hall rent - 520601 - ايجار قاعات ورش عمل,520601,0.0
8026010 - تأسيس وحدة الاستثمار الاجتماعي مع جمعية متلازمة النجاح,Cost of Goods Sold,Workshop hall rent - 520601 - ايجار قاعات ورش عمل,520601,0.0
8026020 - التأهيل للتوظيف,Cost of Goods Sold,Workshop hall rent - 520601 - ايجار قاعات ورش عمل,520601,0.0
8026030 - حاضنة أثر الطاقة الاجتماعية,Cost of Goods Sold,Workshop hall rent - 520601 - ايجار قاعات ورش عمل,520601,0.0
Untagged,Cost of Goods Sold,Workshop hall rent - 520601 - ايجار قاعات ورش عمل,520601,0.0
Overall,Operating Expense,Aathar Adm. Expenses - 630120 - مصاريف اثار الادارية,630120,900000.0
8000010 - تسوية مراكز التكلفة تكامل,Operating Expense,Aathar Adm. Expenses - 630120 - مصاريف اثار الادارية,630120,0.0
8000011 - المصاريف العمومية والادارية تكامل,Operating Expense,Aathar Adm. Expenses - 630120 - مصاريف اثار الادارية,630120,900000.0
8000020 - مصاريف بيعية وتسويقية تكامل,Operating Expense,Aathar Adm. Expenses - 630120 - مصاريف اثار الادارية,630120,0.0
8000030 - تدريب وتطوير تكامل,Operating Expense,Aathar Adm. Expenses - 630120 - مصاريف اثار الادارية,630120,0.0
8000040 - مكتب ادارة المشاريع تكامل,Operating Expense,Aathar Adm. Expenses - 630120 - مصاريف اثار الادارية,630120,0.0
8000050 - الاتصال المؤسسي تكامل,Operating Expense,Aathar Adm. Expenses - 630120 - مصاريف اثار الادارية,630120,0.0
8000060 - منصة قياس الأثر,Operating Expense,Aathar Adm. Expenses - 630120 - مصاريف اثار الادارية,630120,0.0
8023010 - إنشاء مقار إدارة العمل التطوعي لخدمة ضيوف الرحمن,Operating Expense,Aathar Adm. Expenses - 630120 - مصاريف اثار الادارية,630120,0.0
8023020 - منهجية عمل تعزز البنية المؤسسية للمنظمات غير الربحية,Operating Expense,Aathar Adm. Expenses - 630120 - مصاريف اثار الادارية,630120,0.0
8023030 - رفع الوعي الفني لدى منظمات القطاع غير الربحي,Operating Expense,Aathar Adm. Expenses - 630120 - مصاريف اثار الادارية,630120,0.0
8024010 - مشروع تقديم خدمات تأسيس وتفعيل وحدات ومراكز العمل التطوعي,Operating Expense,Aathar Adm. Expenses - 630120 - مصاريف اثار الادارية,630120,0.0
8024020 - مشروع الخدمات اللوجستية للعاملين في القطاع غير الربحي,Operating Expense,Aathar Adm. Expenses - 630120 - مصاريف اثار الادارية,630120,0.0
8024030 - تمكين الجمعيات المتخصصة العاملة في القطاع غير الربحي,Operating Expense,Aathar Adm. Expenses - 630120 - مصاريف اثار الادارية,630120,0.0
8024040 - تقديم الخدمات اللوجستية للتدريب في برنامج رائد,Operating Expense,Aathar Adm. Expenses - 630120 - مصاريف اثار الادارية,630120,0.0
8025010 - مشروع العربة,Operating Expense,Aathar Adm. Expenses - 630120 - مصاريف اثار الادارية,630120,0.0
8025020 - مشروع وزارة الرياضة,Operating Expense,Aathar Adm. Expenses - 630120 - مصاريف اثار الادارية,630120,0.0
8025030 - تقديم 3000 ساعة عمل تطوعية لموظفين شركة الكهرباء,Operating Expense,Aathar Adm. Expenses - 630120 - مصاريف اثار الادارية,630120,0.0
8025040 - مصنع الابتكار - اشوكا,Operating Expense,Aathar Adm. Expenses - 630120 - مصاريف اثار الادارية,630120,0.0
8025050 - حصر الاحتياج التدريبي في منظومة الصحة,Operating Expense,Aathar Adm. Expenses - 630120 - مصاريف اثار الادارية,630120,0.0
8025060 - مجموعات عمل التطوع التكافلي,Operating Expense,Aathar Adm. Expenses - 630120 - مصاريف اثار الادارية,630120,0.0
8025070 - سفر الإفطار في الحرم المكي,Operating Expense,Aathar Adm. Expenses - 630120 - مصاريف اثار الادارية,630120,0.0
8025080 - سوق الدار,Operating Expense,Aathar Adm. Expenses - 630120 - مصاريف اثار الادارية,630120,0.0
8025090 - هاكاثون الوعي المعرفي,Operating Expense,Aathar Adm. Expenses - 630120 - مصاريف اثار الادارية,630120,0.0
8025100 - مشروع منظومة عمل إدارة دراسات الحالة,Operating Expense,Aathar Adm. Expenses - 630120 - مصاريف اثار الادارية,630120,0.0
8025110 - مشروع خارطة الاستثمار الاجتماعي في قطاع الشباب,Operating Expense,Aathar Adm. Expenses - 630120 - مصاريف اثار الادارية,630120,0.0
8025120 - مشروع تقديم خدمات استشارية لأكاديمية الفوزان,Operating Expense,Aathar Adm. Expenses - 630120 - مصاريف اثار الادارية,630120,0.0
8026010 - تأسيس وحدة الاستثمار الاجتماعي مع جمعية متلازمة النجاح,Operating Expense,Aathar Adm. Expenses - 630120 - مصاريف اثار الادارية,630120,0.0
8026020 - التأهيل للتوظيف,Operating Expense,Aathar Adm. Expenses - 630120 - مصاريف اثار الادارية,630120,0.0
8026030 - حاضنة أثر الطاقة الاجتماعية,Operating Expense,Aathar Adm. Expenses - 630120 - مصاريف اثار الادارية,630120,0.0
Untagged,Operating Expense,Aathar Adm. Expenses - 630120 - مصاريف اثار الادارية,630120,0.0
Overall,Operating Expense,Amortization - Softwares - 820001 - اطفاء برامج الحاسب الالي,820001,885.51
8000010 - تسوية مراكز التكلفة تكامل,Operating Expense,Amortization - Softwares - 820001 - اطفاء برامج الحاسب الالي,820001,0.0
8000011 - المصاريف العمومية والادارية تكامل,Operating Expense,Amortization - Softwares - 820001 - اطفاء برامج الحاسب الالي,820001,885.51
8000020 - مصاريف بيعية وتسويقية تكامل,Operating Expense,Amortization - Softwares - 820001 - اطفاء برامج الحاسب الالي,820001,0.0
8000030 - تدريب وتطوير تكامل,Operating Expense,Amortization - Softwares - 820001 - اطفاء برامج الحاسب الالي,820001,0.0
8000040 - مكتب ادارة المشاريع تكامل,Operating Expense,Amortization - Softwares - 820001 - اطفاء برامج الحاسب الالي,820001,0.0
8000050 - الاتصال المؤسسي تكامل,Operating Expense,Amortization - Softwares - 820001 - اطفاء برامج الحاسب الالي,820001,0.0
8000060 - منصة قياس الأثر,Operating Expense,Amortization - Softwares - 820001 - اطفاء برامج الحاسب الالي,820001,0.0
8023010 - إنشاء مقار إدارة العمل التطوعي لخدمة ضيوف الرحمن,Operating Expense,Amortization - Softwares - 820001 - اطفاء برامج الحاسب الالي,820001,0.0
8023020 - منهجية عمل تعزز البنية المؤسسية للمنظمات غير الربحية,Operating Expense,Amortization - Softwares - 820001 - اطفاء برامج الحاسب الالي,820001,0.0
8023030 - رفع الوعي الفني لدى منظمات القطاع غير الربحي,Operating Expense,Amortization - Softwares - 820001 - اطفاء برامج الحاسب الالي,820001,0.0
8024010 - مشروع تقديم خدمات تأسيس وتفعيل وحدات ومراكز العمل التطوعي,Operating Expense,Amortization - Softwares - 820001 - اطفاء برامج الحاسب الالي,820001,0.0
8024020 - مشروع الخدمات اللوجستية للعاملين في القطاع غير الربحي,Operating Expense,Amortization - Softwares - 820001 - اطفاء برامج الحاسب الالي,820001,0.0
8024030 - تمكين الجمعيات المتخصصة العاملة في القطاع غير الربحي,Operating Expense,Amortization - Softwares - 820001 - اطفاء برامج الحاسب الالي,820001,0.0
8024040 - تقديم الخدمات اللوجستية للتدريب في برنامج رائد,Operating Expense,Amortization - Softwares - 820001 - اطفاء برامج الحاسب الالي,820001,0.0
8025010 - مشروع العربة,Operating Expense,Amortization - Softwares - 820001 - اطفاء برامج الحاسب الالي,820001,0.0
8025020 - مشروع وزارة الرياضة,Operating Expense,Amortization - Softwares - 820001 - اطفاء برامج الحاسب الالي,820001,0.0
8025030 - تقديم 3000 ساعة عمل تطوعية لموظفين شركة الكهرباء,Operating Expense,Amortization - Softwares - 820001 - اطفاء برامج الحاسب الالي,820001,0.0
8025040 - مصنع الابتكار - اشوكا,Operating Expense,Amortization - Softwares - 820001 - اطفاء برامج الحاسب الالي,820001,0.0
8025050 - حصر الاحتياج التدريبي في منظومة الصحة,Operating Expense,Amortization - Softwares - 820001 - اطفاء برامج الحاسب الالي,820001,0.0
8025060 - مجموعات عمل التطوع التكافلي,Operating Expense,Amortization - Softwares - 820001 - اطفاء برامج الحاسب الالي,820001,0.0
8025070 - سفر الإفطار في الحرم المكي,Operating Expense,Amortization - Softwares - 820001 - اطفاء برامج الحاسب الالي,820001,0.0
8025080 - سوق الدار,Operating Expense,Amortization - Softwares - 820001 - اطفاء برامج الحاسب الالي,820001,0.0
8025090 - هاكاثون الوعي المعرفي,Operating Expense,Amortization - Softwares - 820001 - اطفاء برامج الحاسب الالي,820001,0.0
8025100 - مشروع منظومة عمل إدارة دراسات الحالة,Operating Expense,Amortization - Softwares - 820001 - اطفاء برامج الحاسب الالي,820001,0.0
8025110 - مشروع خارطة الاستثمار الاجتماعي في قطاع الشباب,Operating Expense,Amortization - Softwares - 820001 - اطفاء برامج الحاسب الالي,820001,0.0
8025120 - مشروع تقديم خدمات استشارية لأكاديمية الفوزان,Operating Expense,Amortization - Softwares - 820001 - اطفاء برامج الحاسب الالي,820001,0.0
8026010 - تأسيس وحدة الاستثمار الاجتماعي مع جمعية متلازمة النجاح,Operating Expense,Amortization - Softwares - 820001 - اطفاء برامج الحاسب الالي,820001,0.0
8026020 - التأهيل للتوظيف,Operating Expense,Amortization - Softwares - 820001 - اطفاء برامج الحاسب الالي,820001,0.0
8026030 - حاضنة أثر الطاقة الاجتماعية,Operating Expense,Amortization - Softwares - 820001 - اطفاء برامج الحاسب الالي,820001,0.0
Untagged,Operating Expense,Amortization - Softwares - 820001 - اطفاء برامج الحاسب الالي,820001,0.0
Overall,Operating Expense,Bank service charges - 630105 - خدمات بنكية,630105,6079.5
8000010 - تسوية مراكز التكلفة تكامل,Operating Expense,Bank service charges - 630105 - خدمات بنكية,630105,0.0
8000011 - المصاريف العمومية والادارية تكامل,Operating Expense,Bank service charges - 630105 - خدمات بنكية,630105,6079.5
8000020 - مصاريف بيعية وتسويقية تكامل,Operating Expense,Bank service charges - 630105 - خدمات بنكية,630105,0.0
8000030 - تدريب وتطوير تكامل,Operating Expense,Bank service charges - 630105 - خدمات بنكية,630105,0.0
8000040 - مكتب ادارة المشاريع تكامل,Operating Expense,Bank service charges - 630105 - خدمات بنكية,630105,0.0
8000050 - الاتصال المؤسسي تكامل,Operating Expense,Bank service charges - 630105 - خدمات بنكية,630105,0.0
8000060 - منصة قياس الأثر,Operating Expense,Bank service charges - 630105 - خدمات بنكية,630105,0.0
8023010 - إنشاء مقار إدارة العمل التطوعي لخدمة ضيوف الرحمن,Operating Expense,Bank service charges - 630105 - خدمات بنكية,630105,0.0
8023020 - منهجية عمل تعزز البنية المؤسسية للمنظمات غير الربحية,Operating Expense,Bank service charges - 630105 - خدمات بنكية,630105,0.0
8023030 - رفع الوعي الفني لدى منظمات القطاع غير الربحي,Operating Expense,Bank service charges - 630105 - خدمات بنكية,630105,0.0
8024010 - مشروع تقديم خدمات تأسيس وتفعيل وحدات ومراكز العمل التطوعي,Operating Expense,Bank service charges - 630105 - خدمات بنكية,630105,0.0
8024020 - مشروع الخدمات اللوجستية للعاملين في القطاع غير الربحي,Operating Expense,Bank service charges - 630105 - خدمات بنكية,630105,0.0
8024030 - تمكين الجمعيات المتخصصة العاملة في القطاع غير الربحي,Operating Expense,Bank service charges - 630105 - خدمات بنكية,630105,0.0
8024040 - تقديم الخدمات اللوجستية للتدريب في برنامج رائد,Operating Expense,Bank service charges - 630105 - خدمات بنكية,630105,0.0
8025010 - مشروع العربة,Operating Expense,Bank service charges - 630105 - خدمات بنكية,630105,0.0
8025020 - مشروع وزارة الرياضة,Operating Expense,Bank service charges - 630105 - خدمات بنكية,630105,0.0
8025030 - تقديم 3000 ساعة عمل تطوعية لموظفين شركة الكهرباء,Operating Expense,Bank service charges - 630105 - خدمات بنكية,630105,0.0
8025040 - مصنع الابتكار - اشوكا,Operating Expense,Bank service charges - 630105 - خدمات بنكية,630105,0.0
8025050 - حصر الاحتياج التدريبي في منظومة الصحة,Operating Expense,Bank service charges - 630105 - خدمات بنكية,630105,0.0
8025060 - مجموعات عمل التطوع التكافلي,Operating Expense,Bank service charges - 630105 - خدمات بنكية,630105,0.0
8025070 - سفر الإفطار في الحرم المكي,Operating Expense,Bank service charges - 630105 - خدمات بنكية,630105,0.0
8025080 - سوق الدار,Operating Expense,Bank service charges - 630105 - خدمات بنكية,630105,0.0
8025090 - هاكاثون الوعي المعرفي,Operating Expense,Bank service charges - 630105 - خدمات بنكية,630105,0.0
8025100 - مشروع منظومة عمل إدارة دراسات الحالة,Operating Expense,Bank service charges - 630105 - خدمات بنكية,630105,0.0
8025110 - مشروع خارطة الاستثمار الاجتماعي في قطاع الشباب,Operating Expense,Bank service charges - 630105 - خدمات بنكية,630105,0.0
8025120 - مشروع تقديم خدمات استشارية لأكاديمية الفوزان,Operating Expense,Bank service charges - 630105 - خدمات بنكية,630105,0.0
8026010 - تأسيس وحدة الاستثمار الاجتماعي مع جمعية متلازمة النجاح,Operating Expense,Bank service charges - 630105 - خدمات بنكية,630105,0.0
8026020 - التأهيل للتوظيف,Operating Expense,Bank service charges - 630105 - خدمات بنكية,630105,0.0
8026030 - حاضنة أثر الطاقة الاجتماعية,Operating Expense,Bank service charges - 630105 - خدمات بنكية,630105,0.0
Untagged,Operating Expense,Bank service charges - 630105 - خدمات بنكية,630105,0.0
Overall,Operating Expense,Chamber of Commerce attestation fee - 610302 - تصاديق غرفة تجارية,610302,740.0
8000010 - تسوية مراكز التكلفة تكامل,Operating Expense,Chamber of Commerce attestation fee - 610302 - تصاديق غرفة تجارية,610302,0.0
8000011 - المصاريف العمومية والادارية تكامل,Operating Expense,Chamber of Commerce attestation fee - 610302 - تصاديق غرفة تجارية,610302,740.0
8000020 - مصاريف بيعية وتسويقية تكامل,Operating Expense,Chamber of Commerce attestation fee - 610302 - تصاديق غرفة تجارية,610302,0.0
8000030 - تدريب وتطوير تكامل,Operating Expense,Chamber of Commerce attestation fee - 610302 - تصاديق غرفة تجارية,610302,0.0
8000040 - مكتب ادارة المشاريع تكامل,Operating Expense,Chamber of Commerce attestation fee - 610302 - تصاديق غرفة تجارية,610302,0.0
8000050 - الاتصال المؤسسي تكامل,Operating Expense,Chamber of Commerce attestation fee - 610302 - تصاديق غرفة تجارية,610302,0.0
8000060 - منصة قياس الأثر,Operating Expense,Chamber of Commerce attestation fee - 610302 - تصاديق غرفة تجارية,610302,0.0
8023010 - إنشاء مقار إدارة العمل التطوعي لخدمة ضيوف الرحمن,Operating Expense,Chamber of Commerce attestation fee - 610302 - تصاديق غرفة تجارية,610302,0.0
8023020 - منهجية عمل تعزز البنية المؤسسية للمنظمات غير الربحية,Operating Expense,Chamber of Commerce attestation fee - 610302 - تصاديق غرفة تجارية,610302,0.0
8023030 - رفع الوعي الفني لدى منظمات القطاع غير الربحي,Operating Expense,Chamber of Commerce attestation fee - 610302 - تصاديق غرفة تجارية,610302,0.0
8024010 - مشروع تقديم خدمات تأسيس وتفعيل وحدات ومراكز العمل التطوعي,Operating Expense,Chamber of Commerce attestation fee - 610302 - تصاديق غرفة تجارية,610302,0.0
8024020 - مشروع الخدمات اللوجستية للعاملين في القطاع غير الربحي,Operating Expense,Chamber of Commerce attestation fee - 610302 - تصاديق غرفة تجارية,610302,0.0
8024030 - تمكين الجمعيات المتخصصة العاملة في القطاع غير الربحي,Operating Expense,Chamber of Commerce attestation fee - 610302 - تصاديق غرفة تجارية,610302,0.0
8024040 - تقديم الخدمات اللوجستية للتدريب في برنامج رائد,Operating Expense,Chamber of Commerce attestation fee - 610302 - تصاديق غرفة تجارية,610302,0.0
8025010 - مشروع العربة,Operating Expense,Chamber of Commerce attestation fee - 610302 - تصاديق غرفة تجارية,610302,0.0
8025020 - مشروع وزارة الرياضة,Operating Expense,Chamber of Commerce attestation fee - 610302 - تصاديق غرفة تجارية,610302,0.0
8025030 - تقديم 3000 ساعة عمل تطوعية لموظفين شركة الكهرباء,Operating Expense,Chamber of Commerce attestation fee - 610302 - تصاديق غرفة تجارية,610302,0.0
8025040 - مصنع الابتكار - اشوكا,Operating Expense,Chamber of Commerce attestation fee - 610302 - تصاديق غرفة تجارية,610302,0.0
8025050 - حصر الاحتياج التدريبي في منظومة الصحة,Operating Expense,Chamber of Commerce attestation fee - 610302 - تصاديق غرفة تجارية,610302,0.0
8025060 - مجموعات عمل التطوع التكافلي,Operating Expense,Chamber of Commerce attestation fee - 610302 - تصاديق غرفة تجارية,610302,0.0
8025070 - سفر الإفطار في الحرم المكي,Operating Expense,Chamber of Commerce attestation fee - 610302 - تصاديق غرفة تجارية,610302,0.0
8025080 - سوق الدار,Operating Expense,Chamber of Commerce attestation fee - 610302 - تصاديق غرفة تجارية,610302,0.0
8025090 - هاكاثون الوعي المعرفي,Operating Expense,Chamber of Commerce attestation fee - 610302 - تصاديق غرفة تجارية,610302,0.0
8025100 - مشروع منظومة عمل إدارة دراسات الحالة,Operating Expense,Chamber of Commerce attestation fee - 610302 - تصاديق غرفة تجارية,610302,0.0
8025110 - مشروع خارطة الاستثمار الاجتماعي في قطاع الشباب,Operating Expense,Chamber of Commerce attestation fee - 610302 - تصاديق غرفة تجارية,610302,0.0
8025120 - مشروع تقديم خدمات استشارية لأكاديمية الفوزان,Operating Expense,Chamber of Commerce attestation fee - 610302 - تصاديق غرفة تجارية,610302,0.0
8026010 - تأسيس وحدة الاستثمار الاجتماعي مع جمعية متلازمة النجاح,Operating Expense,Chamber of Commerce attestation fee - 610302 - تصاديق غرفة تجارية,610302,0.0
8026020 - التأهيل للتوظيف,Operating Expense,Chamber of Commerce attestation fee - 610302 - تصاديق غرفة تجارية,610302,0.0
8026030 - حاضنة أثر الطاقة الاجتماعية,Operating Expense,Chamber of Commerce attestation fee - 610302 - تصاديق غرفة تجارية,610302,0.0
Untagged,Operating Expense,Chamber of Commerce attestation fee - 610302 - تصاديق غرفة تجارية,610302,0.0
Overall,Operating Expense,Cleaning - 630103 - نظافة,630103,9581.78
8000010 - تسوية مراكز التكلفة تكامل,Operating Expense,Cleaning - 630103 - نظافة,630103,0.0
8000011 - المصاريف العمومية والادارية تكامل,Operating Expense,Cleaning - 630103 - نظافة,630103,9581.78
8000020 - مصاريف بيعية وتسويقية تكامل,Operating Expense,Cleaning - 630103 - نظافة,630103,0.0
8000030 - تدريب وتطوير تكامل,Operating Expense,Cleaning - 630103 - نظافة,630103,0.0
8000040 - مكتب ادارة المشاريع تكامل,Operating Expense,Cleaning - 630103 - نظافة,630103,0.0
8000050 - الاتصال المؤسسي تكامل,Operating Expense,Cleaning - 630103 - نظافة,630103,0.0
8000060 - منصة قياس الأثر,Operating Expense,Cleaning - 630103 - نظافة,630103,0.0
8023010 - إنشاء مقار إدارة العمل التطوعي لخدمة ضيوف الرحمن,Operating Expense,Cleaning - 630103 - نظافة,630103,0.0
8023020 - منهجية عمل تعزز البنية المؤسسية للمنظمات غير الربحية,Operating Expense,Cleaning - 630103 - نظافة,630103,0.0
8023030 - رفع الوعي الفني لدى منظمات القطاع غير الربحي,Operating Expense,Cleaning - 630103 - نظافة,630103,0.0
8024010 - مشروع تقديم خدمات تأسيس وتفعيل وحدات ومراكز العمل التطوعي,Operating Expense,Cleaning - 630103 - نظافة,630103,0.0
8024020 - مشروع الخدمات اللوجستية للعاملين في القطاع غير الربحي,Operating Expense,Cleaning - 630103 - نظافة,630103,0.0
8024030 - تمكين الجمعيات المتخصصة العاملة في القطاع غير الربحي,Operating Expense,Cleaning - 630103 - نظافة,630103,0.0
8024040 - تقديم الخدمات اللوجستية للتدريب في برنامج رائد,Operating Expense,Cleaning - 630103 - نظافة,630103,0.0
8025010 - مشروع العربة,Operating Expense,Cleaning - 630103 - نظافة,630103,0.0
8025020 - مشروع وزارة الرياضة,Operating Expense,Cleaning - 630103 - نظافة,630103,0.0
8025030 - تقديم 3000 ساعة عمل تطوعية لموظفين شركة الكهرباء,Operating Expense,Cleaning - 630103 - نظافة,630103,0.0
8025040 - مصنع الابتكار - اشوكا,Operating Expense,Cleaning - 630103 - نظافة,630103,0.0
8025050 - حصر الاحتياج التدريبي في منظومة الصحة,Operating Expense,Cleaning - 630103 - نظافة,630103,0.0
8025060 - مجموعات عمل التطوع التكافلي,Operating Expense,Cleaning - 630103 - نظافة,630103,0.0
8025070 - سفر الإفطار في الحرم المكي,Operating Expense,Cleaning - 630103 - نظافة,630103,0.0
8025080 - سوق الدار,Operating Expense,Cleaning - 630103 - نظافة,630103,0.0
8025090 - هاكاثون الوعي المعرفي,Operating Expense,Cleaning - 630103 - نظافة,630103,0.0
8025100 - مشروع منظومة عمل إدارة دراسات الحالة,Operating Expense,Cleaning - 630103 - نظافة,630103,0.0
8025110 - مشروع خارطة الاستثمار الاجتماعي في قطاع الشباب,Operating Expense,Cleaning - 630103 - نظافة,630103,0.0
8025120 - مشروع تقديم خدمات استشارية لأكاديمية الفوزان,Operating Expense,Cleaning - 630103 - نظافة,630103,0.0
8026010 - تأسيس وحدة الاستثمار الاجتماعي مع جمعية متلازمة النجاح,Operating Expense,Cleaning - 630103 - نظافة,630103,0.0
8026020 - التأهيل للتوظيف,Operating Expense,Cleaning - 630103 - نظافة,630103,0.0
8026030 - حاضنة أثر الطاقة الاجتماعية,Operating Expense,Cleaning - 630103 - نظافة,630103,0.0
Untagged,Operating Expense,Cleaning - 630103 - نظافة,630103,0.0
Overall,Operating Expense,Cleaning - 730103 - نظافة,730103,69.0
8000010 - تسوية مراكز التكلفة تكامل,Operating Expense,Cleaning - 730103 - نظافة,730103,0.0
8000011 - المصاريف العمومية والادارية تكامل,Operating Expense,Cleaning - 730103 - نظافة,730103,0.0
8000020 - مصاريف بيعية وتسويقية تكامل,Operating Expense,Cleaning - 730103 - نظافة,730103,69.0
8000030 - تدريب وتطوير تكامل,Operating Expense,Cleaning - 730103 - نظافة,730103,0.0
8000040 - مكتب ادارة المشاريع تكامل,Operating Expense,Cleaning - 730103 - نظافة,730103,0.0
8000050 - الاتصال المؤسسي تكامل,Operating Expense,Cleaning - 730103 - نظافة,730103,0.0
8000060 - منصة قياس الأثر,Operating Expense,Cleaning - 730103 - نظافة,730103,0.0
8023010 - إنشاء مقار إدارة العمل التطوعي لخدمة ضيوف الرحمن,Operating Expense,Cleaning - 730103 - نظافة,730103,0.0
8023020 - منهجية عمل تعزز البنية المؤسسية للمنظمات غير الربحية,Operating Expense,Cleaning - 730103 - نظافة,730103,0.0
8023030 - رفع الوعي الفني لدى منظمات القطاع غير الربحي,Operating Expense,Cleaning - 730103 - نظافة,730103,0.0
8024010 - مشروع تقديم خدمات تأسيس وتفعيل وحدات ومراكز العمل التطوعي,Operating Expense,Cleaning - 730103 - نظافة,730103,0.0
8024020 - مشروع الخدمات اللوجستية للعاملين في القطاع غير الربحي,Operating Expense,Cleaning - 730103 - نظافة,730103,0.0
8024030 - تمكين الجمعيات المتخصصة العاملة في القطاع غير الربحي,Operating Expense,Cleaning - 730103 - نظافة,730103,0.0
8024040 - تقديم الخدمات اللوجستية للتدريب في برنامج رائد,Operating Expense,Cleaning - 730103 - نظافة,730103,0.0
8025010 - مشروع العربة,Operating Expense,Cleaning - 730103 - نظافة,730103,0.0
8025020 - مشروع وزارة الرياضة,Operating Expense,Cleaning - 730103 - نظافة,730103,0.0
8025030 - تقديم 3000 ساعة عمل تطوعية لموظفين شركة الكهرباء,Operating Expense,Cleaning - 730103 - نظافة,730103,0.0
8025040 - مصنع الابتكار - اشوكا,Operating Expense,Cleaning - 730103 - نظافة,730103,0.0
8025050 - حصر الاحتياج التدريبي في منظومة الصحة,Operating Expense,Cleaning - 730103 - نظافة,730103,0.0
8025060 - مجموعات عمل التطوع التكافلي,Operating Expense,Cleaning - 730103 - نظافة,730103,0.0
8025070 - سفر الإفطار في الحرم المكي,Operating Expense,Cleaning - 730103 - نظافة,730103,0.0
8025080 - سوق الدار,Operating Expense,Cleaning - 730103 - نظافة,730103,0.0
8025090 - هاكاثون الوعي المعرفي,Operating Expense,Cleaning - 730103 - نظافة,730103,0.0
8025100 - مشروع منظومة عمل إدارة دراسات الحالة,Operating Expense,Cleaning - 730103 - نظافة,730103,0.0
8025110 - مشروع خارطة الاستثمار الاجتماعي في قطاع الشباب,Operating Expense,Cleaning - 730103 - نظافة,730103,0.0
8025120 - مشروع تقديم خدمات استشارية لأكاديمية الفوزان,Operating Expense,Cleaning - 730103 - نظافة,730103,0.0
8026010 - تأسيس وحدة الاستثمار الاجتماعي مع جمعية متلازمة النجاح,Operating Expense,Cleaning - 730103 - نظافة,730103,0.0
8026020 - التأهيل للتوظيف,Operating Expense,Cleaning - 730103 - نظافة,730103,0.0
8026030 - حاضنة أثر الطاقة الاجتماعية,Operating Expense,Cleaning - 730103 - نظافة,730103,0.0
Untagged,Operating Expense,Cleaning - 730103 - نظافة,730103,0.0
Overall,Operating Expense,Co-operators fees - 620103 - اتعاب متعاوني مشاريع,620103,194977.0
8000010 - تسوية مراكز التكلفة تكامل,Operating Expense,Co-operators fees - 620103 - اتعاب متعاوني مشاريع,620103,0.0
8000011 - المصاريف العمومية والادارية تكامل,Operating Expense,Co-operators fees - 620103 - اتعاب متعاوني مشاريع,620103,187977.0
8000020 - مصاريف بيعية وتسويقية تكامل,Operating Expense,Co-operators fees - 620103 - اتعاب متعاوني مشاريع,620103,0.0
8000030 - تدريب وتطوير تكامل,Operating Expense,Co-operators fees - 620103 - اتعاب متعاوني مشاريع,620103,0.0
8000040 - مكتب ادارة المشاريع تكامل,Operating Expense,Co-operators fees - 620103 - اتعاب متعاوني مشاريع,620103,0.0
8000050 - الاتصال المؤسسي تكامل,Operating Expense,Co-operators fees - 620103 - اتعاب متعاوني مشاريع,620103,0.0
8000060 - منصة قياس الأثر,Operating Expense,Co-operators fees - 620103 - اتعاب متعاوني مشاريع,620103,7000.0
8023010 - إنشاء مقار إدارة العمل التطوعي لخدمة ضيوف الرحمن,Operating Expense,Co-operators fees - 620103 - اتعاب متعاوني مشاريع,620103,0.0
8023020 - منهجية عمل تعزز البنية المؤسسية للمنظمات غير الربحية,Operating Expense,Co-operators fees - 620103 - اتعاب متعاوني مشاريع,620103,0.0
8023030 - رفع الوعي الفني لدى منظمات القطاع غير الربحي,Operating Expense,Co-operators fees - 620103 - اتعاب متعاوني مشاريع,620103,0.0
8024010 - مشروع تقديم خدمات تأسيس وتفعيل وحدات ومراكز العمل التطوعي,Operating Expense,Co-operators fees - 620103 - اتعاب متعاوني مشاريع,620103,0.0
8024020 - مشروع الخدمات اللوجستية للعاملين في القطاع غير الربحي,Operating Expense,Co-operators fees - 620103 - اتعاب متعاوني مشاريع,620103,0.0
8024030 - تمكين الجمعيات المتخصصة العاملة في القطاع غير الربحي,Operating Expense,Co-operators fees - 620103 - اتعاب متعاوني مشاريع,620103,0.0
8024040 - تقديم الخدمات اللوجستية للتدريب في برنامج رائد,Operating Expense,Co-operators fees - 620103 - اتعاب متعاوني مشاريع,620103,0.0
8025010 - مشروع العربة,Operating Expense,Co-operators fees - 620103 - اتعاب متعاوني مشاريع,620103,0.0
8025020 - مشروع وزارة الرياضة,Operating Expense,Co-operators fees - 620103 - اتعاب متعاوني مشاريع,620103,0.0
8025030 - تقديم 3000 ساعة عمل تطوعية لموظفين شركة الكهرباء,Operating Expense,Co-operators fees - 620103 - اتعاب متعاوني مشاريع,620103,0.0
8025040 - مصنع الابتكار - اشوكا,Operating Expense,Co-operators fees - 620103 - اتعاب متعاوني مشاريع,620103,0.0
8025050 - حصر الاحتياج التدريبي في منظومة الصحة,Operating Expense,Co-operators fees - 620103 - اتعاب متعاوني مشاريع,620103,0.0
8025060 - مجموعات عمل التطوع التكافلي,Operating Expense,Co-operators fees - 620103 - اتعاب متعاوني مشاريع,620103,0.0
8025070 - سفر الإفطار في الحرم المكي,Operating Expense,Co-operators fees - 620103 - اتعاب متعاوني مشاريع,620103,0.0
8025080 - سوق الدار,Operating Expense,Co-operators fees - 620103 - اتعاب متعاوني مشاريع,620103,0.0
8025090 - هاكاثون الوعي المعرفي,Operating Expense,Co-operators fees - 620103 - اتعاب متعاوني مشاريع,620103,0.0
8025100 - مشروع منظومة عمل إدارة دراسات الحالة,Operating Expense,Co-operators fees - 620103 - اتعاب متعاوني مشاريع,620103,0.0
8025110 - مشروع خارطة الاستثمار الاجتماعي في قطاع الشباب,Operating Expense,Co-operators fees - 620103 - اتعاب متعاوني مشاريع,620103,0.0
8025120 - مشروع تقديم خدمات استشارية لأكاديمية الفوزان,Operating Expense,Co-operators fees - 620103 - اتعاب متعاوني مشاريع,620103,0.0
8026010 - تأسيس وحدة الاستثمار الاجتماعي مع جمعية متلازمة النجاح,Operating Expense,Co-operators fees - 620103 - اتعاب متعاوني مشاريع,620103,0.0
8026020 - التأهيل للتوظيف,Operating Expense,Co-operators fees - 620103 - اتعاب متعاوني مشاريع,620103,0.0
8026030 - حاضنة أثر الطاقة الاجتماعية,Operating Expense,Co-operators fees - 620103 - اتعاب متعاوني مشاريع,620103,0.0
Untagged,Operating Expense,Co-operators fees - 620103 - اتعاب متعاوني مشاريع,620103,0.0
Overall,Operating Expense,Co-operators fees - 720103 - اتعاب متعاوني مشاريع,720103,25826.0
8000010 - تسوية مراكز التكلفة تكامل,Operating Expense,Co-operators fees - 720103 - اتعاب متعاوني مشاريع,720103,0.0
8000011 - المصاريف العمومية والادارية تكامل,Operating Expense,Co-operators fees - 720103 - اتعاب متعاوني مشاريع,720103,0.0
8000020 - مصاريف بيعية وتسويقية تكامل,Operating Expense,Co-operators fees - 720103 - اتعاب متعاوني مشاريع,720103,20826.0
8000030 - تدريب وتطوير تكامل,Operating Expense,Co-operators fees - 720103 - اتعاب متعاوني مشاريع,720103,0.0
8000040 - مكتب ادارة المشاريع تكامل,Operating Expense,Co-operators fees - 720103 - اتعاب متعاوني مشاريع,720103,0.0
8000050 - الاتصال المؤسسي تكامل,Operating Expense,Co-operators fees - 720103 - اتعاب متعاوني مشاريع,720103,0.0
8000060 - منصة قياس الأثر,Operating Expense,Co-operators fees - 720103 - اتعاب متعاوني مشاريع,720103,5000.0
8023010 - إنشاء مقار إدارة العمل التطوعي لخدمة ضيوف الرحمن,Operating Expense,Co-operators fees - 720103 - اتعاب متعاوني مشاريع,720103,0.0
8023020 - منهجية عمل تعزز البنية المؤسسية للمنظمات غير الربحية,Operating Expense,Co-operators fees - 720103 - اتعاب متعاوني مشاريع,720103,0.0
8023030 - رفع الوعي الفني لدى منظمات القطاع غير الربحي,Operating Expense,Co-operators fees - 720103 - اتعاب متعاوني مشاريع,720103,0.0
8024010 - مشروع تقديم خدمات تأسيس وتفعيل وحدات ومراكز العمل التطوعي,Operating Expense,Co-operators fees - 720103 - اتعاب متعاوني مشاريع,720103,0.0
8024020 - مشروع الخدمات اللوجستية للعاملين في القطاع غير الربحي,Operating Expense,Co-operators fees - 720103 - اتعاب متعاوني مشاريع,720103,0.0
8024030 - تمكين الجمعيات المتخصصة العاملة في القطاع غير الربحي,Operating Expense,Co-operators fees - 720103 - اتعاب متعاوني مشاريع,720103,0.0
8024040 - تقديم الخدمات اللوجستية للتدريب في برنامج رائد,Operating Expense,Co-operators fees - 720103 - اتعاب متعاوني مشاريع,720103,0.0
8025010 - مشروع العربة,Operating Expense,Co-operators fees - 720103 - اتعاب متعاوني مشاريع,720103,0.0
8025020 - مشروع وزارة الرياضة,Operating Expense,Co-operators fees - 720103 - اتعاب متعاوني مشاريع,720103,0.0
8025030 - تقديم 3000 ساعة عمل تطوعية لموظفين شركة الكهرباء,Operating Expense,Co-operators fees - 720103 - اتعاب متعاوني مشاريع,720103,0.0
8025040 - مصنع الابتكار - اشوكا,Operating Expense,Co-operators fees - 720103 - اتعاب متعاوني مشاريع,720103,0.0
8025050 - حصر الاحتياج التدريبي في منظومة الصحة,Operating Expense,Co-operators fees - 720103 - اتعاب متعاوني مشاريع,720103,0.0
8025060 - مجموعات عمل التطوع التكافلي,Operating Expense,Co-operators fees - 720103 - اتعاب متعاوني مشاريع,720103,0.0
8025070 - سفر الإفطار في الحرم المكي,Operating Expense,Co-operators fees - 720103 - اتعاب متعاوني مشاريع,720103,0.0
8025080 - سوق الدار,Operating Expense,Co-operators fees - 720103 - اتعاب متعاوني مشاريع,720103,0.0
8025090 - هاكاثون الوعي المعرفي,Operating Expense,Co-operators fees - 720103 - اتعاب متعاوني مشاريع,720103,0.0
8025100 - مشروع منظومة عمل إدارة دراسات الحالة,Operating Expense,Co-operators fees - 720103 - اتعاب متعاوني مشاريع,720103,0.0
8025110 - مشروع خارطة الاستثمار الاجتماعي في قطاع الشباب,Operating Expense,Co-operators fees - 720103 - اتعاب متعاوني مشاريع,720103,0.0
8025120 - مشروع تقديم خدمات استشارية لأكاديمية الفوزان,Operating Expense,Co-operators fees - 720103 - اتعاب متعاوني مشاريع,720103,0.0
8026010 - تأسيس وحدة الاستثمار الاجتماعي مع جمعية متلازمة النجاح,Operating Expense,Co-operators fees - 720103 - اتعاب متعاوني مشاريع,720103,0.0
8026020 - التأهيل للتوظيف,Operating Expense,Co-operators fees - 720103 - اتعاب متعاوني مشاريع,720103,0.0
8026030 - حاضنة أثر الطاقة الاجتماعية,Operating Expense,Co-operators fees - 720103 - اتعاب متعاوني مشاريع,720103,0.0
Untagged,Operating Expense,Co-operators fees - 720103 - اتعاب متعاوني مشاريع,720103,0.0
Overall,Operating Expense,Co-operators perdiem - 620202 - انتدابات متعاونين,620202,18250.0
8000010 - تسوية مراكز التكلفة تكامل,Operating Expense,Co-operators perdiem - 620202 - انتدابات متعاونين,620202,0.0
8000011 - المصاريف العمومية والادارية تكامل,Operating Expense,Co-operators perdiem - 620202 - انتدابات متعاونين,620202,13000.0
8000020 - مصاريف بيعية وتسويقية تكامل,Operating Expense,Co-operators perdiem - 620202 - انتدابات متعاونين,620202,0.0
8000030 - تدريب وتطوير تكامل,Operating Expense,Co-operators perdiem - 620202 - انتدابات متعاونين,620202,0.0
8000040 - مكتب ادارة المشاريع تكامل,Operating Expense,Co-operators perdiem - 620202 - انتدابات متعاونين,620202,5250.0
8000050 - الاتصال المؤسسي تكامل,Operating Expense,Co-operators perdiem - 620202 - انتدابات متعاونين,620202,0.0
8000060 - منصة قياس الأثر,Operating Expense,Co-operators perdiem - 620202 - انتدابات متعاونين,620202,0.0
8023010 - إنشاء مقار إدارة العمل التطوعي لخدمة ضيوف الرحمن,Operating Expense,Co-operators perdiem - 620202 - انتدابات متعاونين,620202,0.0
8023020 - منهجية عمل تعزز البنية المؤسسية للمنظمات غير الربحية,Operating Expense,Co-operators perdiem - 620202 - انتدابات متعاونين,620202,0.0
8023030 - رفع الوعي الفني لدى منظمات القطاع غير الربحي,Operating Expense,Co-operators perdiem - 620202 - انتدابات متعاونين,620202,0.0
8024010 - مشروع تقديم خدمات تأسيس وتفعيل وحدات ومراكز العمل التطوعي,Operating Expense,Co-operators perdiem - 620202 - انتدابات متعاونين,620202,0.0
8024020 - مشروع الخدمات اللوجستية للعاملين في القطاع غير الربحي,Operating Expense,Co-operators perdiem - 620202 - انتدابات متعاونين,620202,0.0
8024030 - تمكين الجمعيات المتخصصة العاملة في القطاع غير الربحي,Operating Expense,Co-operators perdiem - 620202 - انتدابات متعاونين,620202,0.0
8024040 - تقديم الخدمات اللوجستية للتدريب في برنامج رائد,Operating Expense,Co-operators perdiem - 620202 - انتدابات متعاونين,620202,0.0
8025010 - مشروع العربة,Operating Expense,Co-operators perdiem - 620202 - انتدابات متعاونين,620202,0.0
8025020 - مشروع وزارة الرياضة,Operating Expense,Co-operators perdiem - 620202 - انتدابات متعاونين,620202,0.0
8025030 - تقديم 3000 ساعة عمل تطوعية لموظفين شركة الكهرباء,Operating Expense,Co-operators perdiem - 620202 - انتدابات متعاونين,620202,0.0
8025040 - مصنع الابتكار - اشوكا,Operating Expense,Co-operators perdiem - 620202 - انتدابات متعاونين,620202,0.0
8025050 - حصر الاحتياج التدريبي في منظومة الصحة,Operating Expense,Co-operators perdiem - 620202 - انتدابات متعاونين,620202,0.0
8025060 - مجموعات عمل التطوع التكافلي,Operating Expense,Co-operators perdiem - 620202 - انتدابات متعاونين,620202,0.0
8025070 - سفر الإفطار في الحرم المكي,Operating Expense,Co-operators perdiem - 620202 - انتدابات متعاونين,620202,0.0
8025080 - سوق الدار,Operating Expense,Co-operators perdiem - 620202 - انتدابات متعاونين,620202,0.0
8025090 - هاكاثون الوعي المعرفي,Operating Expense,Co-operators perdiem - 620202 - انتدابات متعاونين,620202,0.0
8025100 - مشروع منظومة عمل إدارة دراسات الحالة,Operating Expense,Co-operators perdiem - 620202 - انتدابات متعاونين,620202,0.0
8025110 - مشروع خارطة الاستثمار الاجتماعي في قطاع الشباب,Operating Expense,Co-operators perdiem - 620202 - انتدابات متعاونين,620202,0.0
8025120 - مشروع تقديم خدمات استشارية لأكاديمية الفوزان,Operating Expense,Co-operators perdiem - 620202 - انتدابات متعاونين,620202,0.0
8026010 - تأسيس وحدة الاستثمار الاجتماعي مع جمعية متلازمة النجاح,Operating Expense,Co-operators perdiem - 620202 - انتدابات متعاونين,620202,0.0
8026020 - التأهيل للتوظيف,Operating Expense,Co-operators perdiem - 620202 - انتدابات متعاونين,620202,0.0
8026030 - حاضنة أثر الطاقة الاجتماعية,Operating Expense,Co-operators perdiem - 620202 - انتدابات متعاونين,620202,0.0
Untagged,Operating Expense,Co-operators perdiem - 620202 - انتدابات متعاونين,620202,0.0
Overall,Operating Expense,Co-operators perdiem - 720202 - انتدابات متعاونين,720202,3000.0
8000010 - تسوية مراكز التكلفة تكامل,Operating Expense,Co-operators perdiem - 720202 - انتدابات متعاونين,720202,0.0
8000011 - المصاريف العمومية والادارية تكامل,Operating Expense,Co-operators perdiem - 720202 - انتدابات متعاونين,720202,0.0
8000020 - مصاريف بيعية وتسويقية تكامل,Operating Expense,Co-operators perdiem - 720202 - انتدابات متعاونين,720202,3000.0
8000030 - تدريب وتطوير تكامل,Operating Expense,Co-operators perdiem - 720202 - انتدابات متعاونين,720202,0.0
8000040 - مكتب ادارة المشاريع تكامل,Operating Expense,Co-operators perdiem - 720202 - انتدابات متعاونين,720202,0.0
8000050 - الاتصال المؤسسي تكامل,Operating Expense,Co-operators perdiem - 720202 - انتدابات متعاونين,720202,0.0
8000060 - منصة قياس الأثر,Operating Expense,Co-operators perdiem - 720202 - انتدابات متعاونين,720202,0.0
8023010 - إنشاء مقار إدارة العمل التطوعي لخدمة ضيوف الرحمن,Operating Expense,Co-operators perdiem - 720202 - انتدابات متعاونين,720202,0.0
8023020 - منهجية عمل تعزز البنية المؤسسية للمنظمات غير الربحية,Operating Expense,Co-operators perdiem - 720202 - انتدابات متعاونين,720202,0.0
8023030 - رفع الوعي الفني لدى منظمات القطاع غير الربحي,Operating Expense,Co-operators perdiem - 720202 - انتدابات متعاونين,720202,0.0
8024010 - مشروع تقديم خدمات تأسيس وتفعيل وحدات ومراكز العمل التطوعي,Operating Expense,Co-operators perdiem - 720202 - انتدابات متعاونين,720202,0.0
8024020 - مشروع الخدمات اللوجستية للعاملين في القطاع غير الربحي,Operating Expense,Co-operators perdiem - 720202 - انتدابات متعاونين,720202,0.0
8024030 - تمكين الجمعيات المتخصصة العاملة في القطاع غير الربحي,Operating Expense,Co-operators perdiem - 720202 - انتدابات متعاونين,720202,0.0
8024040 - تقديم الخدمات اللوجستية للتدريب في برنامج رائد,Operating Expense,Co-operators perdiem - 720202 - انتدابات متعاونين,720202,0.0
8025010 - مشروع العربة,Operating Expense,Co-operators perdiem - 720202 - انتدابات متعاونين,720202,0.0
8025020 - مشروع وزارة الرياضة,Operating Expense,Co-operators perdiem - 720202 - انتدابات متعاونين,720202,0.0
8025030 - تقديم 3000 ساعة عمل تطوعية لموظفين شركة الكهرباء,Operating Expense,Co-operators perdiem - 720202 - انتدابات متعاونين,720202,0.0
8025040 - مصنع الابتكار - اشوكا,Operating Expense,Co-operators perdiem - 720202 - انتدابات متعاونين,720202,0.0
8025050 - حصر الاحتياج التدريبي في منظومة الصحة,Operating Expense,Co-operators perdiem - 720202 - انتدابات متعاونين,720202,0.0
8025060 - مجموعات عمل التطوع التكافلي,Operating Expense,Co-operators perdiem - 720202 - انتدابات متعاونين,720202,0.0
8025070 - سفر الإفطار في الحرم المكي,Operating Expense,Co-operators perdiem - 720202 - انتدابات متعاونين,720202,0.0
8025080 - سوق الدار,Operating Expense,Co-operators perdiem - 720202 - انتدابات متعاونين,720202,0.0
8025090 - هاكاثون الوعي المعرفي,Operating Expense,Co-operators perdiem - 720202 - انتدابات متعاونين,720202,0.0
8025100 - مشروع منظومة عمل إدارة دراسات الحالة,Operating Expense,Co-operators perdiem - 720202 - انتدابات متعاونين,720202,0.0
8025110 - مشروع خارطة الاستثمار الاجتماعي في قطاع الشباب,Operating Expense,Co-operators perdiem - 720202 - انتدابات متعاونين,720202,0.0
8025120 - مشروع تقديم خدمات استشارية لأكاديمية الفوزان,Operating Expense,Co-operators perdiem - 720202 - انتدابات متعاونين,720202,0.0
8026010 - تأسيس وحدة الاستثمار الاجتماعي مع جمعية متلازمة النجاح,Operating Expense,Co-operators perdiem - 720202 - انتدابات متعاونين,720202,0.0
8026020 - التأهيل للتوظيف,Operating Expense,Co-operators perdiem - 720202 - انتدابات متعاونين,720202,0.0
8026030 - حاضنة أثر الطاقة الاجتماعية,Operating Expense,Co-operators perdiem - 720202 - انتدابات متعاونين,720202,0.0
Untagged,Operating Expense,Co-operators perdiem - 720202 - انتدابات متعاونين,720202,0.0
Overall,Operating Expense,Co-operators tickets - 620302 - تذاكر متعاونين,620302,7204.75
8000010 - تسوية مراكز التكلفة تكامل,Operating Expense,Co-operators tickets - 620302 - تذاكر متعاونين,620302,0.0
8000011 - المصاريف العمومية والادارية تكامل,Operating Expense,Co-operators tickets - 620302 - تذاكر متعاونين,620302,4849.65
8000020 - مصاريف بيعية وتسويقية تكامل,Operating Expense,Co-operators tickets - 620302 - تذاكر متعاونين,620302,0.0
8000030 - تدريب وتطوير تكامل,Operating Expense,Co-operators tickets - 620302 - تذاكر متعاونين,620302,0.0
8000040 - مكتب ادارة المشاريع تكامل,Operating Expense,Co-operators tickets - 620302 - تذاكر متعاونين,620302,2355.1
8000050 - الاتصال المؤسسي تكامل,Operating Expense,Co-operators tickets - 620302 - تذاكر متعاونين,620302,0.0
8000060 - منصة قياس الأثر,Operating Expense,Co-operators tickets - 620302 - تذاكر متعاونين,620302,0.0
8023010 - إنشاء مقار إدارة العمل التطوعي لخدمة ضيوف الرحمن,Operating Expense,Co-operators tickets - 620302 - تذاكر متعاونين,620302,0.0
8023020 - منهجية عمل تعزز البنية المؤسسية للمنظمات غير الربحية,Operating Expense,Co-operators tickets - 620302 - تذاكر متعاونين,620302,0.0
8023030 - رفع الوعي الفني لدى منظمات القطاع غير الربحي,Operating Expense,Co-operators tickets - 620302 - تذاكر متعاونين,620302,0.0
8024010 - مشروع تقديم خدمات تأسيس وتفعيل وحدات ومراكز العمل التطوعي,Operating Expense,Co-operators tickets - 620302 - تذاكر متعاونين,620302,0.0
8024020 - مشروع الخدمات اللوجستية للعاملين في القطاع غير الربحي,Operating Expense,Co-operators tickets - 620302 - تذاكر متعاونين,620302,0.0
8024030 - تمكين الجمعيات المتخصصة العاملة في القطاع غير الربحي,Operating Expense,Co-operators tickets - 620302 - تذاكر متعاونين,620302,0.0
8024040 - تقديم الخدمات اللوجستية للتدريب في برنامج رائد,Operating Expense,Co-operators tickets - 620302 - تذاكر متعاونين,620302,0.0
8025010 - مشروع العربة,Operating Expense,Co-operators tickets - 620302 - تذاكر متعاونين,620302,0.0
8025020 - مشروع وزارة الرياضة,Operating Expense,Co-operators tickets - 620302 - تذاكر متعاونين,620302,0.0
8025030 - تقديم 3000 ساعة عمل تطوعية لموظفين شركة الكهرباء,Operating Expense,Co-operators tickets - 620302 - تذاكر متعاونين,620302,0.0
8025040 - مصنع الابتكار - اشوكا,Operating Expense,Co-operators tickets - 620302 - تذاكر متعاونين,620302,0.0
8025050 - حصر الاحتياج التدريبي في منظومة الصحة,Operating Expense,Co-operators tickets - 620302 - تذاكر متعاونين,620302,0.0
8025060 - مجموعات عمل التطوع التكافلي,Operating Expense,Co-operators tickets - 620302 - تذاكر متعاونين,620302,0.0
8025070 - سفر الإفطار في الحرم المكي,Operating Expense,Co-operators tickets - 620302 - تذاكر متعاونين,620302,0.0
8025080 - سوق الدار,Operating Expense,Co-operators tickets - 620302 - تذاكر متعاونين,620302,0.0
8025090 - هاكاثون الوعي المعرفي,Operating Expense,Co-operators tickets - 620302 - تذاكر متعاونين,620302,0.0
8025100 - مشروع منظومة عمل إدارة دراسات الحالة,Operating Expense,Co-operators tickets - 620302 - تذاكر متعاونين,620302,0.0
8025110 - مشروع خارطة الاستثمار الاجتماعي في قطاع الشباب,Operating Expense,Co-operators tickets - 620302 - تذاكر متعاونين,620302,0.0
8025120 - مشروع تقديم خدمات استشارية لأكاديمية الفوزان,Operating Expense,Co-operators tickets - 620302 - تذاكر متعاونين,620302,0.0
8026010 - تأسيس وحدة الاستثمار الاجتماعي مع جمعية متلازمة النجاح,Operating Expense,Co-operators tickets - 620302 - تذاكر متعاونين,620302,0.0
8026020 - التأهيل للتوظيف,Operating Expense,Co-operators tickets - 620302 - تذاكر متعاونين,620302,0.0
8026030 - حاضنة أثر الطاقة الاجتماعية,Operating Expense,Co-operators tickets - 620302 - تذاكر متعاونين,620302,0.0
Untagged,Operating Expense,Co-operators tickets - 620302 - تذاكر متعاونين,620302,0.0
Overall,Operating Expense,Co-operators tickets - 720302 - تذاكر متعاونين,720302,3659.54
8000010 - تسوية مراكز التكلفة تكامل,Operating Expense,Co-operators tickets - 720302 - تذاكر متعاونين,720302,0.0
8000011 - المصاريف العمومية والادارية تكامل,Operating Expense,Co-operators tickets - 720302 - تذاكر متعاونين,720302,0.0
8000020 - مصاريف بيعية وتسويقية تكامل,Operating Expense,Co-operators tickets - 720302 - تذاكر متعاونين,720302,3659.54
8000030 - تدريب وتطوير تكامل,Operating Expense,Co-operators tickets - 720302 - تذاكر متعاونين,720302,0.0
8000040 - مكتب ادارة المشاريع تكامل,Operating Expense,Co-operators tickets - 720302 - تذاكر متعاونين,720302,0.0
8000050 - الاتصال المؤسسي تكامل,Operating Expense,Co-operators tickets - 720302 - تذاكر متعاونين,720302,0.0
8000060 - منصة قياس الأثر,Operating Expense,Co-operators tickets - 720302 - تذاكر متعاونين,720302,0.0
8023010 - إنشاء مقار إدارة العمل التطوعي لخدمة ضيوف الرحمن,Operating Expense,Co-operators tickets - 720302 - تذاكر متعاونين,720302,0.0
8023020 - منهجية عمل تعزز البنية المؤسسية للمنظمات غير الربحية,Operating Expense,Co-operators tickets - 720302 - تذاكر متعاونين,720302,0.0
8023030 - رفع الوعي الفني لدى منظمات القطاع غير الربحي,Operating Expense,Co-operators tickets - 720302 - تذاكر متعاونين,720302,0.0
8024010 - مشروع تقديم خدمات تأسيس وتفعيل وحدات ومراكز العمل التطوعي,Operating Expense,Co-operators tickets - 720302 - تذاكر متعاونين,720302,0.0
8024020 - مشروع الخدمات اللوجستية للعاملين في القطاع غير الربحي,Operating Expense,Co-operators tickets - 720302 - تذاكر متعاونين,720302,0.0
8024030 - تمكين الجمعيات المتخصصة العاملة في القطاع غير الربحي,Operating Expense,Co-operators tickets - 720302 - تذاكر متعاونين,720302,0.0
8024040 - تقديم الخدمات اللوجستية للتدريب في برنامج رائد,Operating Expense,Co-operators tickets - 720302 - تذاكر متعاونين,720302,0.0
8025010 - مشروع العربة,Operating Expense,Co-operators tickets - 720302 - تذاكر متعاونين,720302,0.0
8025020 - مشروع وزارة الرياضة,Operating Expense,Co-operators tickets - 720302 - تذاكر متعاونين,720302,0.0
8025030 - تقديم 3000 ساعة عمل تطوعية لموظفين شركة الكهرباء,Operating Expense,Co-operators tickets - 720302 - تذاكر متعاونين,720302,0.0
8025040 - مصنع الابتكار - اشوكا,Operating Expense,Co-operators tickets - 720302 - تذاكر متعاونين,720302,0.0
8025050 - حصر الاحتياج التدريبي في منظومة الصحة,Operating Expense,Co-operators tickets - 720302 - تذاكر متعاونين,720302,0.0
8025060 - مجموعات عمل التطوع التكافلي,Operating Expense,Co-operators tickets - 720302 - تذاكر متعاونين,720302,0.0
8025070 - سفر الإفطار في الحرم المكي,Operating Expense,Co-operators tickets - 720302 - تذاكر متعاونين,720302,0.0
8025080 - سوق الدار,Operating Expense,Co-operators tickets - 720302 - تذاكر متعاونين,720302,0.0
8025090 - هاكاثون الوعي المعرفي,Operating Expense,Co-operators tickets - 720302 - تذاكر متعاونين,720302,0.0
8025100 - مشروع منظومة عمل إدارة دراسات الحالة,Operating Expense,Co-operators tickets - 720302 - تذاكر متعاونين,720302,0.0
8025110 - مشروع خارطة الاستثمار الاجتماعي في قطاع الشباب,Operating Expense,Co-operators tickets - 720302 - تذاكر متعاونين,720302,0.0
8025120 - مشروع تقديم خدمات استشارية لأكاديمية الفوزان,Operating Expense,Co-operators tickets - 720302 - تذاكر متعاونين,720302,0.0
8026010 - تأسيس وحدة الاستثمار الاجتماعي مع جمعية متلازمة النجاح,Operating Expense,Co-operators tickets - 720302 - تذاكر متعاونين,720302,0.0
8026020 - التأهيل للتوظيف,Operating Expense,Co-operators tickets - 720302 - تذاكر متعاونين,720302,0.0
8026030 - حاضنة أثر الطاقة الاجتماعية,Operating Expense,Co-operators tickets - 720302 - تذاكر متعاونين,720302,0.0
Untagged,Operating Expense,Co-operators tickets - 720302 - تذاكر متعاونين,720302,0.0
Overall,Operating Expense,Compnay telephone - 621301 - هاتف ثابت,621301,1936.07
8000010 - تسوية مراكز التكلفة تكامل,Operating Expense,Compnay telephone - 621301 - هاتف ثابت,621301,0.0
8000011 - المصاريف العمومية والادارية تكامل,Operating Expense,Compnay telephone - 621301 - هاتف ثابت,621301,1936.07
8000020 - مصاريف بيعية وتسويقية تكامل,Operating Expense,Compnay telephone - 621301 - هاتف ثابت,621301,0.0
8000030 - تدريب وتطوير تكامل,Operating Expense,Compnay telephone - 621301 - هاتف ثابت,621301,0.0
8000040 - مكتب ادارة المشاريع تكامل,Operating Expense,Compnay telephone - 621301 - هاتف ثابت,621301,0.0
8000050 - الاتصال المؤسسي تكامل,Operating Expense,Compnay telephone - 621301 - هاتف ثابت,621301,0.0
8000060 - منصة قياس الأثر,Operating Expense,Compnay telephone - 621301 - هاتف ثابت,621301,0.0
8023010 - إنشاء مقار إدارة العمل التطوعي لخدمة ضيوف الرحمن,Operating Expense,Compnay telephone - 621301 - هاتف ثابت,621301,0.0
8023020 - منهجية عمل تعزز البنية المؤسسية للمنظمات غير الربحية,Operating Expense,Compnay telephone - 621301 - هاتف ثابت,621301,0.0
8023030 - رفع الوعي الفني لدى منظمات القطاع غير الربحي,Operating Expense,Compnay telephone - 621301 - هاتف ثابت,621301,0.0
8024010 - مشروع تقديم خدمات تأسيس وتفعيل وحدات ومراكز العمل التطوعي,Operating Expense,Compnay telephone - 621301 - هاتف ثابت,621301,0.0
8024020 - مشروع الخدمات اللوجستية للعاملين في القطاع غير الربحي,Operating Expense,Compnay telephone - 621301 - هاتف ثابت,621301,0.0
8024030 - تمكين الجمعيات المتخصصة العاملة في القطاع غير الربحي,Operating Expense,Compnay telephone - 621301 - هاتف ثابت,621301,0.0
8024040 - تقديم الخدمات اللوجستية للتدريب في برنامج رائد,Operating Expense,Compnay telephone - 621301 - هاتف ثابت,621301,0.0
8025010 - مشروع العربة,Operating Expense,Compnay telephone - 621301 - هاتف ثابت,621301,0.0
8025020 - مشروع وزارة الرياضة,Operating Expense,Compnay telephone - 621301 - هاتف ثابت,621301,0.0
8025030 - تقديم 3000 ساعة عمل تطوعية لموظفين شركة الكهرباء,Operating Expense,Compnay telephone - 621301 - هاتف ثابت,621301,0.0
8025040 - مصنع الابتكار - اشوكا,Operating Expense,Compnay telephone - 621301 - هاتف ثابت,621301,0.0
8025050 - حصر الاحتياج التدريبي في منظومة الصحة,Operating Expense,Compnay telephone - 621301 - هاتف ثابت,621301,0.0
8025060 - مجموعات عمل التطوع التكافلي,Operating Expense,Compnay telephone - 621301 - هاتف ثابت,621301,0.0
8025070 - سفر الإفطار في الحرم المكي,Operating Expense,Compnay telephone - 621301 - هاتف ثابت,621301,0.0
8025080 - سوق الدار,Operating Expense,Compnay telephone - 621301 - هاتف ثابت,621301,0.0
8025090 - هاكاثون الوعي المعرفي,Operating Expense,Compnay telephone - 621301 - هاتف ثابت,621301,0.0
8025100 - مشروع منظومة عمل إدارة دراسات الحالة,Operating Expense,Compnay telephone - 621301 - هاتف ثابت,621301,0.0
8025110 - مشروع خارطة الاستثمار الاجتماعي في قطاع الشباب,Operating Expense,Compnay telephone - 621301 - هاتف ثابت,621301,0.0
8025120 - مشروع تقديم خدمات استشارية لأكاديمية الفوزان,Operating Expense,Compnay telephone - 621301 - هاتف ثابت,621301,0.0
8026010 - تأسيس وحدة الاستثمار الاجتماعي مع جمعية متلازمة النجاح,Operating Expense,Compnay telephone - 621301 - هاتف ثابت,621301,0.0
8026020 - التأهيل للتوظيف,Operating Expense,Compnay telephone - 621301 - هاتف ثابت,621301,0.0
8026030 - حاضنة أثر الطاقة الاجتماعية,Operating Expense,Compnay telephone - 621301 - هاتف ثابت,621301,0.0
Untagged,Operating Expense,Compnay telephone - 621301 - هاتف ثابت,621301,0.0
Overall,Operating Expense,Consultants fees - 720101 - اتعاب مستشارين,720101,33805.0
8000010 - تسوية مراكز التكلفة تكامل,Operating Expense,Consultants fees - 720101 - اتعاب مستشارين,720101,0.0
8000011 - المصاريف العمومية والادارية تكامل,Operating Expense,Consultants fees - 720101 - اتعاب مستشارين,720101,0.0
8000020 - مصاريف بيعية وتسويقية تكامل,Operating Expense,Consultants fees - 720101 - اتعاب مستشارين,720101,33805.0
8000030 - تدريب وتطوير تكامل,Operating Expense,Consultants fees - 720101 - اتعاب مستشارين,720101,0.0
8000040 - مكتب ادارة المشاريع تكامل,Operating Expense,Consultants fees - 720101 - اتعاب مستشارين,720101,0.0
8000050 - الاتصال المؤسسي تكامل,Operating Expense,Consultants fees - 720101 - اتعاب مستشارين,720101,0.0
8000060 - منصة قياس الأثر,Operating Expense,Consultants fees - 720101 - اتعاب مستشارين,720101,0.0
8023010 - إنشاء مقار إدارة العمل التطوعي لخدمة ضيوف الرحمن,Operating Expense,Consultants fees - 720101 - اتعاب مستشارين,720101,0.0
8023020 - منهجية عمل تعزز البنية المؤسسية للمنظمات غير الربحية,Operating Expense,Consultants fees - 720101 - اتعاب مستشارين,720101,0.0
8023030 - رفع الوعي الفني لدى منظمات القطاع غير الربحي,Operating Expense,Consultants fees - 720101 - اتعاب مستشارين,720101,0.0
8024010 - مشروع تقديم خدمات تأسيس وتفعيل وحدات ومراكز العمل التطوعي,Operating Expense,Consultants fees - 720101 - اتعاب مستشارين,720101,0.0
8024020 - مشروع الخدمات اللوجستية للعاملين في القطاع غير الربحي,Operating Expense,Consultants fees - 720101 - اتعاب مستشارين,720101,0.0
8024030 - تمكين الجمعيات المتخصصة العاملة في القطاع غير الربحي,Operating Expense,Consultants fees - 720101 - اتعاب مستشارين,720101,0.0
8024040 - تقديم الخدمات اللوجستية للتدريب في برنامج رائد,Operating Expense,Consultants fees - 720101 - اتعاب مستشارين,720101,0.0
8025010 - مشروع العربة,Operating Expense,Consultants fees - 720101 - اتعاب مستشارين,720101,0.0
8025020 - مشروع وزارة الرياضة,Operating Expense,Consultants fees - 720101 - اتعاب مستشارين,720101,0.0
8025030 - تقديم 3000 ساعة عمل تطوعية لموظفين شركة الكهرباء,Operating Expense,Consultants fees - 720101 - اتعاب مستشارين,720101,0.0
8025040 - مصنع الابتكار - اشوكا,Operating Expense,Consultants fees - 720101 - اتعاب مستشارين,720101,0.0
8025050 - حصر الاحتياج التدريبي في منظومة الصحة,Operating Expense,Consultants fees - 720101 - اتعاب مستشارين,720101,0.0
8025060 - مجموعات عمل التطوع التكافلي,Operating Expense,Consultants fees - 720101 - اتعاب مستشارين,720101,0.0
8025070 - سفر الإفطار في الحرم المكي,Operating Expense,Consultants fees - 720101 - اتعاب مستشارين,720101,0.0
8025080 - سوق الدار,Operating Expense,Consultants fees - 720101 - اتعاب مستشارين,720101,0.0
8025090 - هاكاثون الوعي المعرفي,Operating Expense,Consultants fees - 720101 - اتعاب مستشارين,720101,0.0
8025100 - مشروع منظومة عمل إدارة دراسات الحالة,Operating Expense,Consultants fees - 720101 - اتعاب مستشارين,720101,0.0
8025110 - مشروع خارطة الاستثمار الاجتماعي في قطاع الشباب,Operating Expense,Consultants fees - 720101 - اتعاب مستشارين,720101,0.0
8025120 - مشروع تقديم خدمات استشارية لأكاديمية الفوزان,Operating Expense,Consultants fees - 720101 - اتعاب مستشارين,720101,0.0
8026010 - تأسيس وحدة الاستثمار الاجتماعي مع جمعية متلازمة النجاح,Operating Expense,Consultants fees - 720101 - اتعاب مستشارين,720101,0.0
8026020 - التأهيل للتوظيف,Operating Expense,Consultants fees - 720101 - اتعاب مستشارين,720101,0.0
8026030 - حاضنة أثر الطاقة الاجتماعية,Operating Expense,Consultants fees - 720101 - اتعاب مستشارين,720101,0.0
Untagged,Operating Expense,Consultants fees - 720101 - اتعاب مستشارين,720101,0.0
Overall,Operating Expense,Consultation fees - 620108 - اتعاب استشارات,620108,51782.25
8000010 - تسوية مراكز التكلفة تكامل,Operating Expense,Consultation fees - 620108 - اتعاب استشارات,620108,0.0
8000011 - المصاريف العمومية والادارية تكامل,Operating Expense,Consultation fees - 620108 - اتعاب استشارات,620108,0.0
8000020 - مصاريف بيعية وتسويقية تكامل,Operating Expense,Consultation fees - 620108 - اتعاب استشارات,620108,0.0
8000030 - تدريب وتطوير تكامل,Operating Expense,Consultation fees - 620108 - اتعاب استشارات,620108,50792.25
8000040 - مكتب ادارة المشاريع تكامل,Operating Expense,Consultation fees - 620108 - اتعاب استشارات,620108,0.0
8000050 - الاتصال المؤسسي تكامل,Operating Expense,Consultation fees - 620108 - اتعاب استشارات,620108,0.0
8000060 - منصة قياس الأثر,Operating Expense,Consultation fees - 620108 - اتعاب استشارات,620108,990.0
8023010 - إنشاء مقار إدارة العمل التطوعي لخدمة ضيوف الرحمن,Operating Expense,Consultation fees - 620108 - اتعاب استشارات,620108,0.0
8023020 - منهجية عمل تعزز البنية المؤسسية للمنظمات غير الربحية,Operating Expense,Consultation fees - 620108 - اتعاب استشارات,620108,0.0
8023030 - رفع الوعي الفني لدى منظمات القطاع غير الربحي,Operating Expense,Consultation fees - 620108 - اتعاب استشارات,620108,0.0
8024010 - مشروع تقديم خدمات تأسيس وتفعيل وحدات ومراكز العمل التطوعي,Operating Expense,Consultation fees - 620108 - اتعاب استشارات,620108,0.0
8024020 - مشروع الخدمات اللوجستية للعاملين في القطاع غير الربحي,Operating Expense,Consultation fees - 620108 - اتعاب استشارات,620108,0.0
8024030 - تمكين الجمعيات المتخصصة العاملة في القطاع غير الربحي,Operating Expense,Consultation fees - 620108 - اتعاب استشارات,620108,0.0
8024040 - تقديم الخدمات اللوجستية للتدريب في برنامج رائد,Operating Expense,Consultation fees - 620108 - اتعاب استشارات,620108,0.0
8025010 - مشروع العربة,Operating Expense,Consultation fees - 620108 - اتعاب استشارات,620108,0.0
8025020 - مشروع وزارة الرياضة,Operating Expense,Consultation fees - 620108 - اتعاب استشارات,620108,0.0
8025030 - تقديم 3000 ساعة عمل تطوعية لموظفين شركة الكهرباء,Operating Expense,Consultation fees - 620108 - اتعاب استشارات,620108,0.0
8025040 - مصنع الابتكار - اشوكا,Operating Expense,Consultation fees - 620108 - اتعاب استشارات,620108,0.0
8025050 - حصر الاحتياج التدريبي في منظومة الصحة,Operating Expense,Consultation fees - 620108 - اتعاب استشارات,620108,0.0
8025060 - مجموعات عمل التطوع التكافلي,Operating Expense,Consultation fees - 620108 - اتعاب استشارات,620108,0.0
8025070 - سفر الإفطار في الحرم المكي,Operating Expense,Consultation fees - 620108 - اتعاب استشارات,620108,0.0
8025080 - سوق الدار,Operating Expense,Consultation fees - 620108 - اتعاب استشارات,620108,0.0
8025090 - هاكاثون الوعي المعرفي,Operating Expense,Consultation fees - 620108 - اتعاب استشارات,620108,0.0
8025100 - مشروع منظومة عمل إدارة دراسات الحالة,Operating Expense,Consultation fees - 620108 - اتعاب استشارات,620108,0.0
8025110 - مشروع خارطة الاستثمار الاجتماعي في قطاع الشباب,Operating Expense,Consultation fees - 620108 - اتعاب استشارات,620108,0.0
8025120 - مشروع تقديم خدمات استشارية لأكاديمية الفوزان,Operating Expense,Consultation fees - 620108 - اتعاب استشارات,620108,0.0
8026010 - تأسيس وحدة الاستثمار الاجتماعي مع جمعية متلازمة النجاح,Operating Expense,Consultation fees - 620108 - اتعاب استشارات,620108,0.0
8026020 - التأهيل للتوظيف,Operating Expense,Consultation fees - 620108 - اتعاب استشارات,620108,0.0
8026030 - حاضنة أثر الطاقة الاجتماعية,Operating Expense,Consultation fees - 620108 - اتعاب استشارات,620108,0.0
Untagged,Operating Expense,Consultation fees - 620108 - اتعاب استشارات,620108,0.0
Overall,Operating Expense,Currency exchange difference - 630109 - فروقات صرف عملات,630109,666.74
8000010 - تسوية مراكز التكلفة تكامل,Operating Expense,Currency exchange difference - 630109 - فروقات صرف عملات,630109,0.0
8000011 - المصاريف العمومية والادارية تكامل,Operating Expense,Currency exchange difference - 630109 - فروقات صرف عملات,630109,0.0
8000020 - مصاريف بيعية وتسويقية تكامل,Operating Expense,Currency exchange difference - 630109 - فروقات صرف عملات,630109,0.0
8000030 - تدريب وتطوير تكامل,Operating Expense,Currency exchange difference - 630109 - فروقات صرف عملات,630109,0.0
8000040 - مكتب ادارة المشاريع تكامل,Operating Expense,Currency exchange difference - 630109 - فروقات صرف عملات,630109,0.0
8000050 - الاتصال المؤسسي تكامل,Operating Expense,Currency exchange difference - 630109 - فروقات صرف عملات,630109,0.0
8000060 - منصة قياس الأثر,Operating Expense,Currency exchange difference - 630109 - فروقات صرف عملات,630109,0.0
8023010 - إنشاء مقار إدارة العمل التطوعي لخدمة ضيوف الرحمن,Operating Expense,Currency exchange difference - 630109 - فروقات صرف عملات,630109,0.0
8023020 - منهجية عمل تعزز البنية المؤسسية للمنظمات غير الربحية,Operating Expense,Currency exchange difference - 630109 - فروقات صرف عملات,630109,0.0
8023030 - رفع الوعي الفني لدى منظمات القطاع غير الربحي,Operating Expense,Currency exchange difference - 630109 - فروقات صرف عملات,630109,0.0
8024010 - مشروع تقديم خدمات تأسيس وتفعيل وحدات ومراكز العمل التطوعي,Operating Expense,Currency exchange difference - 630109 - فروقات صرف عملات,630109,0.0
8024020 - مشروع الخدمات اللوجستية للعاملين في القطاع غير الربحي,Operating Expense,Currency exchange difference - 630109 - فروقات صرف عملات,630109,0.0
8024030 - تمكين الجمعيات المتخصصة العاملة في القطاع غير الربحي,Operating Expense,Currency exchange difference - 630109 - فروقات صرف عملات,630109,0.0
8024040 - تقديم الخدمات اللوجستية للتدريب في برنامج رائد,Operating Expense,Currency exchange difference - 630109 - فروقات صرف عملات,630109,0.0
8025010 - مشروع العربة,Operating Expense,Currency exchange difference - 630109 - فروقات صرف عملات,630109,0.0
8025020 - مشروع وزارة الرياضة,Operating Expense,Currency exchange difference - 630109 - فروقات صرف عملات,630109,0.0
8025030 - تقديم 3000 ساعة عمل تطوعية لموظفين شركة الكهرباء,Operating Expense,Currency exchange difference - 630109 - فروقات صرف عملات,630109,0.0
8025040 - مصنع الابتكار - اشوكا,Operating Expense,Currency exchange difference - 630109 - فروقات صرف عملات,630109,666.74
8025050 - حصر الاحتياج التدريبي في منظومة الصحة,Operating Expense,Currency exchange difference - 630109 - فروقات صرف عملات,630109,0.0
8025060 - مجموعات عمل التطوع التكافلي,Operating Expense,Currency exchange difference - 630109 - فروقات صرف عملات,630109,0.0
8025070 - سفر الإفطار في الحرم المكي,Operating Expense,Currency exchange difference - 630109 - فروقات صرف عملات,630109,0.0
8025080 - سوق الدار,Operating Expense,Currency exchange difference - 630109 - فروقات صرف عملات,630109,0.0
8025090 - هاكاثون الوعي المعرفي,Operating Expense,Currency exchange difference - 630109 - فروقات صرف عملات,630109,0.0
8025100 - مشروع منظومة عمل إدارة دراسات الحالة,Operating Expense,Currency exchange difference - 630109 - فروقات صرف عملات,630109,0.0
8025110 - مشروع خارطة الاستثمار الاجتماعي في قطاع الشباب,Operating Expense,Currency exchange difference - 630109 - فروقات صرف عملات,630109,0.0
8025120 - مشروع تقديم خدمات استشارية لأكاديمية الفوزان,Operating Expense,Currency exchange difference - 630109 - فروقات صرف عملات,630109,0.0
8026010 - تأسيس وحدة الاستثمار الاجتماعي مع جمعية متلازمة النجاح,Operating Expense,Currency exchange difference - 630109 - فروقات صرف عملات,630109,0.0
8026020 - التأهيل للتوظيف,Operating Expense,Currency exchange difference - 630109 - فروقات صرف عملات,630109,0.0
8026030 - حاضنة أثر الطاقة الاجتماعية,Operating Expense,Currency exchange difference - 630109 - فروقات صرف عملات,630109,0.0
Untagged,Operating Expense,Currency exchange difference - 630109 - فروقات صرف عملات,630109,0.0
Overall,Operating Expense,Depreciation - Computers - 810007 - اهلاك اجهزة حاسب الي,810007,16855.39
8000010 - تسوية مراكز التكلفة تكامل,Operating Expense,Depreciation - Computers - 810007 - اهلاك اجهزة حاسب الي,810007,0.0
8000011 - المصاريف العمومية والادارية تكامل,Operating Expense,Depreciation - Computers - 810007 - اهلاك اجهزة حاسب الي,810007,16809.03
8000020 - مصاريف بيعية وتسويقية تكامل,Operating Expense,Depreciation - Computers - 810007 - اهلاك اجهزة حاسب الي,810007,0.0
8000030 - تدريب وتطوير تكامل,Operating Expense,Depreciation - Computers - 810007 - اهلاك اجهزة حاسب الي,810007,0.0
8000040 - مكتب ادارة المشاريع تكامل,Operating Expense,Depreciation - Computers - 810007 - اهلاك اجهزة حاسب الي,810007,0.0
8000050 - الاتصال المؤسسي تكامل,Operating Expense,Depreciation - Computers - 810007 - اهلاك اجهزة حاسب الي,810007,0.0
8000060 - منصة قياس الأثر,Operating Expense,Depreciation - Computers - 810007 - اهلاك اجهزة حاسب الي,810007,0.0
8023010 - إنشاء مقار إدارة العمل التطوعي لخدمة ضيوف الرحمن,Operating Expense,Depreciation - Computers - 810007 - اهلاك اجهزة حاسب الي,810007,0.0
8023020 - منهجية عمل تعزز البنية المؤسسية للمنظمات غير الربحية,Operating Expense,Depreciation - Computers - 810007 - اهلاك اجهزة حاسب الي,810007,0.0
8023030 - رفع الوعي الفني لدى منظمات القطاع غير الربحي,Operating Expense,Depreciation - Computers - 810007 - اهلاك اجهزة حاسب الي,810007,0.0
8024010 - مشروع تقديم خدمات تأسيس وتفعيل وحدات ومراكز العمل التطوعي,Operating Expense,Depreciation - Computers - 810007 - اهلاك اجهزة حاسب الي,810007,0.0
8024020 - مشروع الخدمات اللوجستية للعاملين في القطاع غير الربحي,Operating Expense,Depreciation - Computers - 810007 - اهلاك اجهزة حاسب الي,810007,0.0
8024030 - تمكين الجمعيات المتخصصة العاملة في القطاع غير الربحي,Operating Expense,Depreciation - Computers - 810007 - اهلاك اجهزة حاسب الي,810007,0.0
8024040 - تقديم الخدمات اللوجستية للتدريب في برنامج رائد,Operating Expense,Depreciation - Computers - 810007 - اهلاك اجهزة حاسب الي,810007,0.0
8025010 - مشروع العربة,Operating Expense,Depreciation - Computers - 810007 - اهلاك اجهزة حاسب الي,810007,0.0
8025020 - مشروع وزارة الرياضة,Operating Expense,Depreciation - Computers - 810007 - اهلاك اجهزة حاسب الي,810007,0.0
8025030 - تقديم 3000 ساعة عمل تطوعية لموظفين شركة الكهرباء,Operating Expense,Depreciation - Computers - 810007 - اهلاك اجهزة حاسب الي,810007,0.0
8025040 - مصنع الابتكار - اشوكا,Operating Expense,Depreciation - Computers - 810007 - اهلاك اجهزة حاسب الي,810007,0.0
8025050 - حصر الاحتياج التدريبي في منظومة الصحة,Operating Expense,Depreciation - Computers - 810007 - اهلاك اجهزة حاسب الي,810007,0.0
8025060 - مجموعات عمل التطوع التكافلي,Operating Expense,Depreciation - Computers - 810007 - اهلاك اجهزة حاسب الي,810007,0.0
8025070 - سفر الإفطار في الحرم المكي,Operating Expense,Depreciation - Computers - 810007 - اهلاك اجهزة حاسب الي,810007,0.0
8025080 - سوق الدار,Operating Expense,Depreciation - Computers - 810007 - اهلاك اجهزة حاسب الي,810007,0.0
8025090 - هاكاثون الوعي المعرفي,Operating Expense,Depreciation - Computers - 810007 - اهلاك اجهزة حاسب الي,810007,0.0
8025100 - مشروع منظومة عمل إدارة دراسات الحالة,Operating Expense,Depreciation - Computers - 810007 - اهلاك اجهزة حاسب الي,810007,0.0
8025110 - مشروع خارطة الاستثمار الاجتماعي في قطاع الشباب,Operating Expense,Depreciation - Computers - 810007 - اهلاك اجهزة حاسب الي,810007,0.0
8025120 - مشروع تقديم خدمات استشارية لأكاديمية الفوزان,Operating Expense,Depreciation - Computers - 810007 - اهلاك اجهزة حاسب الي,810007,0.0
8026010 - تأسيس وحدة الاستثمار الاجتماعي مع جمعية متلازمة النجاح,Operating Expense,Depreciation - Computers - 810007 - اهلاك اجهزة حاسب الي,810007,0.0
8026020 - التأهيل للتوظيف,Operating Expense,Depreciation - Computers - 810007 - اهلاك اجهزة حاسب الي,810007,0.0
8026030 - حاضنة أثر الطاقة الاجتماعية,Operating Expense,Depreciation - Computers - 810007 - اهلاك اجهزة حاسب الي,810007,0.0
Untagged,Operating Expense,Depreciation - Computers - 810007 - اهلاك اجهزة حاسب الي,810007,46.36
Overall,Operating Expense,Depreciation - Electrical Devices - 810006 - اهلاك اجهزة كهربائية,810006,910.22
8000010 - تسوية مراكز التكلفة تكامل,Operating Expense,Depreciation - Electrical Devices - 810006 - اهلاك اجهزة كهربائية,810006,0.0
8000011 - المصاريف العمومية والادارية تكامل,Operating Expense,Depreciation - Electrical Devices - 810006 - اهلاك اجهزة كهربائية,810006,858.66
8000020 - مصاريف بيعية وتسويقية تكامل,Operating Expense,Depreciation - Electrical Devices - 810006 - اهلاك اجهزة كهربائية,810006,0.0
8000030 - تدريب وتطوير تكامل,Operating Expense,Depreciation - Electrical Devices - 810006 - اهلاك اجهزة كهربائية,810006,0.0
8000040 - مكتب ادارة المشاريع تكامل,Operating Expense,Depreciation - Electrical Devices - 810006 - اهلاك اجهزة كهربائية,810006,0.0
8000050 - الاتصال المؤسسي تكامل,Operating Expense,Depreciation - Electrical Devices - 810006 - اهلاك اجهزة كهربائية,810006,0.0
8000060 - منصة قياس الأثر,Operating Expense,Depreciation - Electrical Devices - 810006 - اهلاك اجهزة كهربائية,810006,0.0
8023010 - إنشاء مقار إدارة العمل التطوعي لخدمة ضيوف الرحمن,Operating Expense,Depreciation - Electrical Devices - 810006 - اهلاك اجهزة كهربائية,810006,0.0
8023020 - منهجية عمل تعزز البنية المؤسسية للمنظمات غير الربحية,Operating Expense,Depreciation - Electrical Devices - 810006 - اهلاك اجهزة كهربائية,810006,0.0
8023030 - رفع الوعي الفني لدى منظمات القطاع غير الربحي,Operating Expense,Depreciation - Electrical Devices - 810006 - اهلاك اجهزة كهربائية,810006,0.0
8024010 - مشروع تقديم خدمات تأسيس وتفعيل وحدات ومراكز العمل التطوعي,Operating Expense,Depreciation - Electrical Devices - 810006 - اهلاك اجهزة كهربائية,810006,0.0
8024020 - مشروع الخدمات اللوجستية للعاملين في القطاع غير الربحي,Operating Expense,Depreciation - Electrical Devices - 810006 - اهلاك اجهزة كهربائية,810006,0.0
8024030 - تمكين الجمعيات المتخصصة العاملة في القطاع غير الربحي,Operating Expense,Depreciation - Electrical Devices - 810006 - اهلاك اجهزة كهربائية,810006,0.0
8024040 - تقديم الخدمات اللوجستية للتدريب في برنامج رائد,Operating Expense,Depreciation - Electrical Devices - 810006 - اهلاك اجهزة كهربائية,810006,0.0
8025010 - مشروع العربة,Operating Expense,Depreciation - Electrical Devices - 810006 - اهلاك اجهزة كهربائية,810006,0.0
8025020 - مشروع وزارة الرياضة,Operating Expense,Depreciation - Electrical Devices - 810006 - اهلاك اجهزة كهربائية,810006,0.0
8025030 - تقديم 3000 ساعة عمل تطوعية لموظفين شركة الكهرباء,Operating Expense,Depreciation - Electrical Devices - 810006 - اهلاك اجهزة كهربائية,810006,0.0
8025040 - مصنع الابتكار - اشوكا,Operating Expense,Depreciation - Electrical Devices - 810006 - اهلاك اجهزة كهربائية,810006,0.0
8025050 - حصر الاحتياج التدريبي في منظومة الصحة,Operating Expense,Depreciation - Electrical Devices - 810006 - اهلاك اجهزة كهربائية,810006,0.0
8025060 - مجموعات عمل التطوع التكافلي,Operating Expense,Depreciation - Electrical Devices - 810006 - اهلاك اجهزة كهربائية,810006,0.0
8025070 - سفر الإفطار في الحرم المكي,Operating Expense,Depreciation - Electrical Devices - 810006 - اهلاك اجهزة كهربائية,810006,0.0
8025080 - سوق الدار,Operating Expense,Depreciation - Electrical Devices - 810006 - اهلاك اجهزة كهربائية,810006,0.0
8025090 - هاكاثون الوعي المعرفي,Operating Expense,Depreciation - Electrical Devices - 810006 - اهلاك اجهزة كهربائية,810006,0.0
8025100 - مشروع منظومة عمل إدارة دراسات الحالة,Operating Expense,Depreciation - Electrical Devices - 810006 - اهلاك اجهزة كهربائية,810006,0.0
8025110 - مشروع خارطة الاستثمار الاجتماعي في قطاع الشباب,Operating Expense,Depreciation - Electrical Devices - 810006 - اهلاك اجهزة كهربائية,810006,0.0
8025120 - مشروع تقديم خدمات استشارية لأكاديمية الفوزان,Operating Expense,Depreciation - Electrical Devices - 810006 - اهلاك اجهزة كهربائية,810006,0.0
8026010 - تأسيس وحدة الاستثمار الاجتماعي مع جمعية متلازمة النجاح,Operating Expense,Depreciation - Electrical Devices - 810006 - اهلاك اجهزة كهربائية,810006,0.0
8026020 - التأهيل للتوظيف,Operating Expense,Depreciation - Electrical Devices - 810006 - اهلاك اجهزة كهربائية,810006,0.0
8026030 - حاضنة أثر الطاقة الاجتماعية,Operating Expense,Depreciation - Electrical Devices - 810006 - اهلاك اجهزة كهربائية,810006,0.0
Untagged,Operating Expense,Depreciation - Electrical Devices - 810006 - اهلاك اجهزة كهربائية,810006,51.56
Overall,Operating Expense,Depreciation - Furniture - 810008 - اهلاك الاثاث والمفروشات,810008,6597.44
8000010 - تسوية مراكز التكلفة تكامل,Operating Expense,Depreciation - Furniture - 810008 - اهلاك الاثاث والمفروشات,810008,0.0
8000011 - المصاريف العمومية والادارية تكامل,Operating Expense,Depreciation - Furniture - 810008 - اهلاك الاثاث والمفروشات,810008,6597.44
8000020 - مصاريف بيعية وتسويقية تكامل,Operating Expense,Depreciation - Furniture - 810008 - اهلاك الاثاث والمفروشات,810008,0.0
8000030 - تدريب وتطوير تكامل,Operating Expense,Depreciation - Furniture - 810008 - اهلاك الاثاث والمفروشات,810008,0.0
8000040 - مكتب ادارة المشاريع تكامل,Operating Expense,Depreciation - Furniture - 810008 - اهلاك الاثاث والمفروشات,810008,0.0
8000050 - الاتصال المؤسسي تكامل,Operating Expense,Depreciation - Furniture - 810008 - اهلاك الاثاث والمفروشات,810008,0.0
8000060 - منصة قياس الأثر,Operating Expense,Depreciation - Furniture - 810008 - اهلاك الاثاث والمفروشات,810008,0.0
8023010 - إنشاء مقار إدارة العمل التطوعي لخدمة ضيوف الرحمن,Operating Expense,Depreciation - Furniture - 810008 - اهلاك الاثاث والمفروشات,810008,0.0
8023020 - منهجية عمل تعزز البنية المؤسسية للمنظمات غير الربحية,Operating Expense,Depreciation - Furniture - 810008 - اهلاك الاثاث والمفروشات,810008,0.0
8023030 - رفع الوعي الفني لدى منظمات القطاع غير الربحي,Operating Expense,Depreciation - Furniture - 810008 - اهلاك الاثاث والمفروشات,810008,0.0
8024010 - مشروع تقديم خدمات تأسيس وتفعيل وحدات ومراكز العمل التطوعي,Operating Expense,Depreciation - Furniture - 810008 - اهلاك الاثاث والمفروشات,810008,0.0
8024020 - مشروع الخدمات اللوجستية للعاملين في القطاع غير الربحي,Operating Expense,Depreciation - Furniture - 810008 - اهلاك الاثاث والمفروشات,810008,0.0
8024030 - تمكين الجمعيات المتخصصة العاملة في القطاع غير الربحي,Operating Expense,Depreciation - Furniture - 810008 - اهلاك الاثاث والمفروشات,810008,0.0
8024040 - تقديم الخدمات اللوجستية للتدريب في برنامج رائد,Operating Expense,Depreciation - Furniture - 810008 - اهلاك الاثاث والمفروشات,810008,0.0
8025010 - مشروع العربة,Operating Expense,Depreciation - Furniture - 810008 - اهلاك الاثاث والمفروشات,810008,0.0
8025020 - مشروع وزارة الرياضة,Operating Expense,Depreciation - Furniture - 810008 - اهلاك الاثاث والمفروشات,810008,0.0
8025030 - تقديم 3000 ساعة عمل تطوعية لموظفين شركة الكهرباء,Operating Expense,Depreciation - Furniture - 810008 - اهلاك الاثاث والمفروشات,810008,0.0
8025040 - مصنع الابتكار - اشوكا,Operating Expense,Depreciation - Furniture - 810008 - اهلاك الاثاث والمفروشات,810008,0.0
8025050 - حصر الاحتياج التدريبي في منظومة الصحة,Operating Expense,Depreciation - Furniture - 810008 - اهلاك الاثاث والمفروشات,810008,0.0
8025060 - مجموعات عمل التطوع التكافلي,Operating Expense,Depreciation - Furniture - 810008 - اهلاك الاثاث والمفروشات,810008,0.0
8025070 - سفر الإفطار في الحرم المكي,Operating Expense,Depreciation - Furniture - 810008 - اهلاك الاثاث والمفروشات,810008,0.0
8025080 - سوق الدار,Operating Expense,Depreciation - Furniture - 810008 - اهلاك الاثاث والمفروشات,810008,0.0
8025090 - هاكاثون الوعي المعرفي,Operating Expense,Depreciation - Furniture - 810008 - اهلاك الاثاث والمفروشات,810008,0.0
8025100 - مشروع منظومة عمل إدارة دراسات الحالة,Operating Expense,Depreciation - Furniture - 810008 - اهلاك الاثاث والمفروشات,810008,0.0
8025110 - مشروع خارطة الاستثمار الاجتماعي في قطاع الشباب,Operating Expense,Depreciation - Furniture - 810008 - اهلاك الاثاث والمفروشات,810008,0.0
8025120 - مشروع تقديم خدمات استشارية لأكاديمية الفوزان,Operating Expense,Depreciation - Furniture - 810008 - اهلاك الاثاث والمفروشات,810008,0.0
8026010 - تأسيس وحدة الاستثمار الاجتماعي مع جمعية متلازمة النجاح,Operating Expense,Depreciation - Furniture - 810008 - اهلاك الاثاث والمفروشات,810008,0.0
8026020 - التأهيل للتوظيف,Operating Expense,Depreciation - Furniture - 810008 - اهلاك الاثاث والمفروشات,810008,0.0
8026030 - حاضنة أثر الطاقة الاجتماعية,Operating Expense,Depreciation - Furniture - 810008 - اهلاك الاثاث والمفروشات,810008,0.0
Untagged,Operating Expense,Depreciation - Furniture - 810008 - اهلاك الاثاث والمفروشات,810008,0.0
Overall,Operating Expense,Depreciation - Lease bulding Improvements - 810009 - اهلاك تحسينات مباني مستأجرة,810009,2090.97
8000010 - تسوية مراكز التكلفة تكامل,Operating Expense,Depreciation - Lease bulding Improvements - 810009 - اهلاك تحسينات مباني مستأجرة,810009,0.0
8000011 - المصاريف العمومية والادارية تكامل,Operating Expense,Depreciation - Lease bulding Improvements - 810009 - اهلاك تحسينات مباني مستأجرة,810009,2090.97
8000020 - مصاريف بيعية وتسويقية تكامل,Operating Expense,Depreciation - Lease bulding Improvements - 810009 - اهلاك تحسينات مباني مستأجرة,810009,0.0
8000030 - تدريب وتطوير تكامل,Operating Expense,Depreciation - Lease bulding Improvements - 810009 - اهلاك تحسينات مباني مستأجرة,810009,0.0
8000040 - مكتب ادارة المشاريع تكامل,Operating Expense,Depreciation - Lease bulding Improvements - 810009 - اهلاك تحسينات مباني مستأجرة,810009,0.0
8000050 - الاتصال المؤسسي تكامل,Operating Expense,Depreciation - Lease bulding Improvements - 810009 - اهلاك تحسينات مباني مستأجرة,810009,0.0
8000060 - منصة قياس الأثر,Operating Expense,Depreciation - Lease bulding Improvements - 810009 - اهلاك تحسينات مباني مستأجرة,810009,0.0
8023010 - إنشاء مقار إدارة العمل التطوعي لخدمة ضيوف الرحمن,Operating Expense,Depreciation - Lease bulding Improvements - 810009 - اهلاك تحسينات مباني مستأجرة,810009,0.0
8023020 - منهجية عمل تعزز البنية المؤسسية للمنظمات غير الربحية,Operating Expense,Depreciation - Lease bulding Improvements - 810009 - اهلاك تحسينات مباني مستأجرة,810009,0.0
8023030 - رفع الوعي الفني لدى منظمات القطاع غير الربحي,Operating Expense,Depreciation - Lease bulding Improvements - 810009 - اهلاك تحسينات مباني مستأجرة,810009,0.0
8024010 - مشروع تقديم خدمات تأسيس وتفعيل وحدات ومراكز العمل التطوعي,Operating Expense,Depreciation - Lease bulding Improvements - 810009 - اهلاك تحسينات مباني مستأجرة,810009,0.0
8024020 - مشروع الخدمات اللوجستية للعاملين في القطاع غير الربحي,Operating Expense,Depreciation - Lease bulding Improvements - 810009 - اهلاك تحسينات مباني مستأجرة,810009,0.0
8024030 - تمكين الجمعيات المتخصصة العاملة في القطاع غير الربحي,Operating Expense,Depreciation - Lease bulding Improvements - 810009 - اهلاك تحسينات مباني مستأجرة,810009,0.0
8024040 - تقديم الخدمات اللوجستية للتدريب في برنامج رائد,Operating Expense,Depreciation - Lease bulding Improvements - 810009 - اهلاك تحسينات مباني مستأجرة,810009,0.0
8025010 - مشروع العربة,Operating Expense,Depreciation - Lease bulding Improvements - 810009 - اهلاك تحسينات مباني مستأجرة,810009,0.0
8025020 - مشروع وزارة الرياضة,Operating Expense,Depreciation - Lease bulding Improvements - 810009 - اهلاك تحسينات مباني مستأجرة,810009,0.0
8025030 - تقديم 3000 ساعة عمل تطوعية لموظفين شركة الكهرباء,Operating Expense,Depreciation - Lease bulding Improvements - 810009 - اهلاك تحسينات مباني مستأجرة,810009,0.0
8025040 - مصنع الابتكار - اشوكا,Operating Expense,Depreciation - Lease bulding Improvements - 810009 - اهلاك تحسينات مباني مستأجرة,810009,0.0
8025050 - حصر الاحتياج التدريبي في منظومة الصحة,Operating Expense,Depreciation - Lease bulding Improvements - 810009 - اهلاك تحسينات مباني مستأجرة,810009,0.0
8025060 - مجموعات عمل التطوع التكافلي,Operating Expense,Depreciation - Lease bulding Improvements - 810009 - اهلاك تحسينات مباني مستأجرة,810009,0.0
8025070 - سفر الإفطار في الحرم المكي,Operating Expense,Depreciation - Lease bulding Improvements - 810009 - اهلاك تحسينات مباني مستأجرة,810009,0.0
8025080 - سوق الدار,Operating Expense,Depreciation - Lease bulding Improvements - 810009 - اهلاك تحسينات مباني مستأجرة,810009,0.0
8025090 - هاكاثون الوعي المعرفي,Operating Expense,Depreciation - Lease bulding Improvements - 810009 - اهلاك تحسينات مباني مستأجرة,810009,0.0
8025100 - مشروع منظومة عمل إدارة دراسات الحالة,Operating Expense,Depreciation - Lease bulding Improvements - 810009 - اهلاك تحسينات مباني مستأجرة,810009,0.0
8025110 - مشروع خارطة الاستثمار الاجتماعي في قطاع الشباب,Operating Expense,Depreciation - Lease bulding Improvements - 810009 - اهلاك تحسينات مباني مستأجرة,810009,0.0
8025120 - مشروع تقديم خدمات استشارية لأكاديمية الفوزان,Operating Expense,Depreciation - Lease bulding Improvements - 810009 - اهلاك تحسينات مباني مستأجرة,810009,0.0
8026010 - تأسيس وحدة الاستثمار الاجتماعي مع جمعية متلازمة النجاح,Operating Expense,Depreciation - Lease bulding Improvements - 810009 - اهلاك تحسينات مباني مستأجرة,810009,0.0
8026020 - التأهيل للتوظيف,Operating Expense,Depreciation - Lease bulding Improvements - 810009 - اهلاك تحسينات مباني مستأجرة,810009,0.0
8026030 - حاضنة أثر الطاقة الاجتماعية,Operating Expense,Depreciation - Lease bulding Improvements - 810009 - اهلاك تحسينات مباني مستأجرة,810009,0.0
Untagged,Operating Expense,Depreciation - Lease bulding Improvements - 810009 - اهلاك تحسينات مباني مستأجرة,810009,0.0
Overall,Operating Expense,Depreciation - Tools - 810005 - اهلاك عدد وادوات,810005,1.0
8000010 - تسوية مراكز التكلفة تكامل,Operating Expense,Depreciation - Tools - 810005 - اهلاك عدد وادوات,810005,0.0
8000011 - المصاريف العمومية والادارية تكامل,Operating Expense,Depreciation - Tools - 810005 - اهلاك عدد وادوات,810005,1.0
8000020 - مصاريف بيعية وتسويقية تكامل,Operating Expense,Depreciation - Tools - 810005 - اهلاك عدد وادوات,810005,0.0
8000030 - تدريب وتطوير تكامل,Operating Expense,Depreciation - Tools - 810005 - اهلاك عدد وادوات,810005,0.0
8000040 - مكتب ادارة المشاريع تكامل,Operating Expense,Depreciation - Tools - 810005 - اهلاك عدد وادوات,810005,0.0
8000050 - الاتصال المؤسسي تكامل,Operating Expense,Depreciation - Tools - 810005 - اهلاك عدد وادوات,810005,0.0
8000060 - منصة قياس الأثر,Operating Expense,Depreciation - Tools - 810005 - اهلاك عدد وادوات,810005,0.0
8023010 - إنشاء مقار إدارة العمل التطوعي لخدمة ضيوف الرحمن,Operating Expense,Depreciation - Tools - 810005 - اهلاك عدد وادوات,810005,0.0
8023020 - منهجية عمل تعزز البنية المؤسسية للمنظمات غير الربحية,Operating Expense,Depreciation - Tools - 810005 - اهلاك عدد وادوات,810005,0.0
8023030 - رفع الوعي الفني لدى منظمات القطاع غير الربحي,Operating Expense,Depreciation - Tools - 810005 - اهلاك عدد وادوات,810005,0.0
8024010 - مشروع تقديم خدمات تأسيس وتفعيل وحدات ومراكز العمل التطوعي,Operating Expense,Depreciation - Tools - 810005 - اهلاك عدد وادوات,810005,0.0
8024020 - مشروع الخدمات اللوجستية للعاملين في القطاع غير الربحي,Operating Expense,Depreciation - Tools - 810005 - اهلاك عدد وادوات,810005,0.0
8024030 - تمكين الجمعيات المتخصصة العاملة في القطاع غير الربحي,Operating Expense,Depreciation - Tools - 810005 - اهلاك عدد وادوات,810005,0.0
8024040 - تقديم الخدمات اللوجستية للتدريب في برنامج رائد,Operating Expense,Depreciation - Tools - 810005 - اهلاك عدد وادوات,810005,0.0
8025010 - مشروع العربة,Operating Expense,Depreciation - Tools - 810005 - اهلاك عدد وادوات,810005,0.0
8025020 - مشروع وزارة الرياضة,Operating Expense,Depreciation - Tools - 810005 - اهلاك عدد وادوات,810005,0.0
8025030 - تقديم 3000 ساعة عمل تطوعية لموظفين شركة الكهرباء,Operating Expense,Depreciation - Tools - 810005 - اهلاك عدد وادوات,810005,0.0
8025040 - مصنع الابتكار - اشوكا,Operating Expense,Depreciation - Tools - 810005 - اهلاك عدد وادوات,810005,0.0
8025050 - حصر الاحتياج التدريبي في منظومة الصحة,Operating Expense,Depreciation - Tools - 810005 - اهلاك عدد وادوات,810005,0.0
8025060 - مجموعات عمل التطوع التكافلي,Operating Expense,Depreciation - Tools - 810005 - اهلاك عدد وادوات,810005,0.0
8025070 - سفر الإفطار في الحرم المكي,Operating Expense,Depreciation - Tools - 810005 - اهلاك عدد وادوات,810005,0.0
8025080 - سوق الدار,Operating Expense,Depreciation - Tools - 810005 - اهلاك عدد وادوات,810005,0.0
8025090 - هاكاثون الوعي المعرفي,Operating Expense,Depreciation - Tools - 810005 - اهلاك عدد وادوات,810005,0.0
8025100 - مشروع منظومة عمل إدارة دراسات الحالة,Operating Expense,Depreciation - Tools - 810005 - اهلاك عدد وادوات,810005,0.0
8025110 - مشروع خارطة الاستثمار الاجتماعي في قطاع الشباب,Operating Expense,Depreciation - Tools - 810005 - اهلاك عدد وادوات,810005,0.0
8025120 - مشروع تقديم خدمات استشارية لأكاديمية الفوزان,Operating Expense,Depreciation - Tools - 810005 - اهلاك عدد وادوات,810005,0.0
8026010 - تأسيس وحدة الاستثمار الاجتماعي مع جمعية متلازمة النجاح,Operating Expense,Depreciation - Tools - 810005 - اهلاك عدد وادوات,810005,0.0
8026020 - التأهيل للتوظيف,Operating Expense,Depreciation - Tools - 810005 - اهلاك عدد وادوات,810005,0.0
8026030 - حاضنة أثر الطاقة الاجتماعية,Operating Expense,Depreciation - Tools - 810005 - اهلاك عدد وادوات,810005,0.0
Untagged,Operating Expense,Depreciation - Tools - 810005 - اهلاك عدد وادوات,810005,0.0
Overall,Operating Expense,Domain & Hosting subscription - 621403 - اشتراك دومين و هوستينق,621403,19522.0
8000010 - تسوية مراكز التكلفة تكامل,Operating Expense,Domain & Hosting subscription - 621403 - اشتراك دومين و هوستينق,621403,0.0
8000011 - المصاريف العمومية والادارية تكامل,Operating Expense,Domain & Hosting subscription - 621403 - اشتراك دومين و هوستينق,621403,19522.0
8000020 - مصاريف بيعية وتسويقية تكامل,Operating Expense,Domain & Hosting subscription - 621403 - اشتراك دومين و هوستينق,621403,0.0
8000030 - تدريب وتطوير تكامل,Operating Expense,Domain & Hosting subscription - 621403 - اشتراك دومين و هوستينق,621403,0.0
8000040 - مكتب ادارة المشاريع تكامل,Operating Expense,Domain & Hosting subscription - 621403 - اشتراك دومين و هوستينق,621403,0.0
8000050 - الاتصال المؤسسي تكامل,Operating Expense,Domain & Hosting subscription - 621403 - اشتراك دومين و هوستينق,621403,0.0
8000060 - منصة قياس الأثر,Operating Expense,Domain & Hosting subscription - 621403 - اشتراك دومين و هوستينق,621403,0.0
8023010 - إنشاء مقار إدارة العمل التطوعي لخدمة ضيوف الرحمن,Operating Expense,Domain & Hosting subscription - 621403 - اشتراك دومين و هوستينق,621403,0.0
8023020 - منهجية عمل تعزز البنية المؤسسية للمنظمات غير الربحية,Operating Expense,Domain & Hosting subscription - 621403 - اشتراك دومين و هوستينق,621403,0.0
8023030 - رفع الوعي الفني لدى منظمات القطاع غير الربحي,Operating Expense,Domain & Hosting subscription - 621403 - اشتراك دومين و هوستينق,621403,0.0
8024010 - مشروع تقديم خدمات تأسيس وتفعيل وحدات ومراكز العمل التطوعي,Operating Expense,Domain & Hosting subscription - 621403 - اشتراك دومين و هوستينق,621403,0.0
8024020 - مشروع الخدمات اللوجستية للعاملين في القطاع غير الربحي,Operating Expense,Domain & Hosting subscription - 621403 - اشتراك دومين و هوستينق,621403,0.0
8024030 - تمكين الجمعيات المتخصصة العاملة في القطاع غير الربحي,Operating Expense,Domain & Hosting subscription - 621403 - اشتراك دومين و هوستينق,621403,0.0
8024040 - تقديم الخدمات اللوجستية للتدريب في برنامج رائد,Operating Expense,Domain & Hosting subscription - 621403 - اشتراك دومين و هوستينق,621403,0.0
8025010 - مشروع العربة,Operating Expense,Domain & Hosting subscription - 621403 - اشتراك دومين و هوستينق,621403,0.0
8025020 - مشروع وزارة الرياضة,Operating Expense,Domain & Hosting subscription - 621403 - اشتراك دومين و هوستينق,621403,0.0
8025030 - تقديم 3000 ساعة عمل تطوعية لموظفين شركة الكهرباء,Operating Expense,Domain & Hosting subscription - 621403 - اشتراك دومين و هوستينق,621403,0.0
8025040 - مصنع الابتكار - اشوكا,Operating Expense,Domain & Hosting subscription - 621403 - اشتراك دومين و هوستينق,621403,0.0
8025050 - حصر الاحتياج التدريبي في منظومة الصحة,Operating Expense,Domain & Hosting subscription - 621403 - اشتراك دومين و هوستينق,621403,0.0
8025060 - مجموعات عمل التطوع التكافلي,Operating Expense,Domain & Hosting subscription - 621403 - اشتراك دومين و هوستينق,621403,0.0
8025070 - سفر الإفطار في الحرم المكي,Operating Expense,Domain & Hosting subscription - 621403 - اشتراك دومين و هوستينق,621403,0.0
8025080 - سوق الدار,Operating Expense,Domain & Hosting subscription - 621403 - اشتراك دومين و هوستينق,621403,0.0
8025090 - هاكاثون الوعي المعرفي,Operating Expense,Domain & Hosting subscription - 621403 - اشتراك دومين و هوستينق,621403,0.0
8025100 - مشروع منظومة عمل إدارة دراسات الحالة,Operating Expense,Domain & Hosting subscription - 621403 - اشتراك دومين و هوستينق,621403,0.0
8025110 - مشروع خارطة الاستثمار الاجتماعي في قطاع الشباب,Operating Expense,Domain & Hosting subscription - 621403 - اشتراك دومين و هوستينق,621403,0.0
8025120 - مشروع تقديم خدمات استشارية لأكاديمية الفوزان,Operating Expense,Domain & Hosting subscription - 621403 - اشتراك دومين و هوستينق,621403,0.0
8026010 - تأسيس وحدة الاستثمار الاجتماعي مع جمعية متلازمة النجاح,Operating Expense,Domain & Hosting subscription - 621403 - اشتراك دومين و هوستينق,621403,0.0
8026020 - التأهيل للتوظيف,Operating Expense,Domain & Hosting subscription - 621403 - اشتراك دومين و هوستينق,621403,0.0
8026030 - حاضنة أثر الطاقة الاجتماعية,Operating Expense,Domain & Hosting subscription - 621403 - اشتراك دومين و هوستينق,621403,0.0
Untagged,Operating Expense,Domain & Hosting subscription - 621403 - اشتراك دومين و هوستينق,621403,0.0
Overall,Operating Expense,electiricity  - 630102 - كهرباء,630102,7496.4
8000010 - تسوية مراكز التكلفة تكامل,Operating Expense,electiricity  - 630102 - كهرباء,630102,0.0
8000011 - المصاريف العمومية والادارية تكامل,Operating Expense,electiricity  - 630102 - كهرباء,630102,7496.4
8000020 - مصاريف بيعية وتسويقية تكامل,Operating Expense,electiricity  - 630102 - كهرباء,630102,0.0
8000030 - تدريب وتطوير تكامل,Operating Expense,electiricity  - 630102 - كهرباء,630102,0.0
8000040 - مكتب ادارة المشاريع تكامل,Operating Expense,electiricity  - 630102 - كهرباء,630102,0.0
8000050 - الاتصال المؤسسي تكامل,Operating Expense,electiricity  - 630102 - كهرباء,630102,0.0
8000060 - منصة قياس الأثر,Operating Expense,electiricity  - 630102 - كهرباء,630102,0.0
8023010 - إنشاء مقار إدارة العمل التطوعي لخدمة ضيوف الرحمن,Operating Expense,electiricity  - 630102 - كهرباء,630102,0.0
8023020 - منهجية عمل تعزز البنية المؤسسية للمنظمات غير الربحية,Operating Expense,electiricity  - 630102 - كهرباء,630102,0.0
8023030 - رفع الوعي الفني لدى منظمات القطاع غير الربحي,Operating Expense,electiricity  - 630102 - كهرباء,630102,0.0
8024010 - مشروع تقديم خدمات تأسيس وتفعيل وحدات ومراكز العمل التطوعي,Operating Expense,electiricity  - 630102 - كهرباء,630102,0.0
8024020 - مشروع الخدمات اللوجستية للعاملين في القطاع غير الربحي,Operating Expense,electiricity  - 630102 - كهرباء,630102,0.0
8024030 - تمكين الجمعيات المتخصصة العاملة في القطاع غير الربحي,Operating Expense,electiricity  - 630102 - كهرباء,630102,0.0
8024040 - تقديم الخدمات اللوجستية للتدريب في برنامج رائد,Operating Expense,electiricity  - 630102 - كهرباء,630102,0.0
8025010 - مشروع العربة,Operating Expense,electiricity  - 630102 - كهرباء,630102,0.0
8025020 - مشروع وزارة الرياضة,Operating Expense,electiricity  - 630102 - كهرباء,630102,0.0
8025030 - تقديم 3000 ساعة عمل تطوعية لموظفين شركة الكهرباء,Operating Expense,electiricity  - 630102 - كهرباء,630102,0.0
8025040 - مصنع الابتكار - اشوكا,Operating Expense,electiricity  - 630102 - كهرباء,630102,0.0
8025050 - حصر الاحتياج التدريبي في منظومة الصحة,Operating Expense,electiricity  - 630102 - كهرباء,630102,0.0
8025060 - مجموعات عمل التطوع التكافلي,Operating Expense,electiricity  - 630102 - كهرباء,630102,0.0
8025070 - سفر الإفطار في الحرم المكي,Operating Expense,electiricity  - 630102 - كهرباء,630102,0.0
8025080 - سوق الدار,Operating Expense,electiricity  - 630102 - كهرباء,630102,0.0
8025090 - هاكاثون الوعي المعرفي,Operating Expense,electiricity  - 630102 - كهرباء,630102,0.0
8025100 - مشروع منظومة عمل إدارة دراسات الحالة,Operating Expense,electiricity  - 630102 - كهرباء,630102,0.0
8025110 - مشروع خارطة الاستثمار الاجتماعي في قطاع الشباب,Operating Expense,electiricity  - 630102 - كهرباء,630102,0.0
8025120 - مشروع تقديم خدمات استشارية لأكاديمية الفوزان,Operating Expense,electiricity  - 630102 - كهرباء,630102,0.0
8026010 - تأسيس وحدة الاستثمار الاجتماعي مع جمعية متلازمة النجاح,Operating Expense,electiricity  - 630102 - كهرباء,630102,0.0
8026020 - التأهيل للتوظيف,Operating Expense,electiricity  - 630102 - كهرباء,630102,0.0
8026030 - حاضنة أثر الطاقة الاجتماعية,Operating Expense,electiricity  - 630102 - كهرباء,630102,0.0
Untagged,Operating Expense,electiricity  - 630102 - كهرباء,630102,0.0
Overall,Operating Expense,Employee perdeim - 620201 - انتدابات موظفين,620201,4700.0
8000010 - تسوية مراكز التكلفة تكامل,Operating Expense,Employee perdeim - 620201 - انتدابات موظفين,620201,0.0
8000011 - المصاريف العمومية والادارية تكامل,Operating Expense,Employee perdeim - 620201 - انتدابات موظفين,620201,4700.0
8000020 - مصاريف بيعية وتسويقية تكامل,Operating Expense,Employee perdeim - 620201 - انتدابات موظفين,620201,0.0
8000030 - تدريب وتطوير تكامل,Operating Expense,Employee perdeim - 620201 - انتدابات موظفين,620201,0.0
8000040 - مكتب ادارة المشاريع تكامل,Operating Expense,Employee perdeim - 620201 - انتدابات موظفين,620201,0.0
8000050 - الاتصال المؤسسي تكامل,Operating Expense,Employee perdeim - 620201 - انتدابات موظفين,620201,0.0
8000060 - منصة قياس الأثر,Operating Expense,Employee perdeim - 620201 - انتدابات موظفين,620201,0.0
8023010 - إنشاء مقار إدارة العمل التطوعي لخدمة ضيوف الرحمن,Operating Expense,Employee perdeim - 620201 - انتدابات موظفين,620201,0.0
8023020 - منهجية عمل تعزز البنية المؤسسية للمنظمات غير الربحية,Operating Expense,Employee perdeim - 620201 - انتدابات موظفين,620201,0.0
8023030 - رفع الوعي الفني لدى منظمات القطاع غير الربحي,Operating Expense,Employee perdeim - 620201 - انتدابات موظفين,620201,0.0
8024010 - مشروع تقديم خدمات تأسيس وتفعيل وحدات ومراكز العمل التطوعي,Operating Expense,Employee perdeim - 620201 - انتدابات موظفين,620201,0.0
8024020 - مشروع الخدمات اللوجستية للعاملين في القطاع غير الربحي,Operating Expense,Employee perdeim - 620201 - انتدابات موظفين,620201,0.0
8024030 - تمكين الجمعيات المتخصصة العاملة في القطاع غير الربحي,Operating Expense,Employee perdeim - 620201 - انتدابات موظفين,620201,0.0
8024040 - تقديم الخدمات اللوجستية للتدريب في برنامج رائد,Operating Expense,Employee perdeim - 620201 - انتدابات موظفين,620201,0.0
8025010 - مشروع العربة,Operating Expense,Employee perdeim - 620201 - انتدابات موظفين,620201,0.0
8025020 - مشروع وزارة الرياضة,Operating Expense,Employee perdeim - 620201 - انتدابات موظفين,620201,0.0
8025030 - تقديم 3000 ساعة عمل تطوعية لموظفين شركة الكهرباء,Operating Expense,Employee perdeim - 620201 - انتدابات موظفين,620201,0.0
8025040 - مصنع الابتكار - اشوكا,Operating Expense,Employee perdeim - 620201 - انتدابات موظفين,620201,0.0
8025050 - حصر الاحتياج التدريبي في منظومة الصحة,Operating Expense,Employee perdeim - 620201 - انتدابات موظفين,620201,0.0
8025060 - مجموعات عمل التطوع التكافلي,Operating Expense,Employee perdeim - 620201 - انتدابات موظفين,620201,0.0
8025070 - سفر الإفطار في الحرم المكي,Operating Expense,Employee perdeim - 620201 - انتدابات موظفين,620201,0.0
8025080 - سوق الدار,Operating Expense,Employee perdeim - 620201 - انتدابات موظفين,620201,0.0
8025090 - هاكاثون الوعي المعرفي,Operating Expense,Employee perdeim - 620201 - انتدابات موظفين,620201,0.0
8025100 - مشروع منظومة عمل إدارة دراسات الحالة,Operating Expense,Employee perdeim - 620201 - انتدابات موظفين,620201,0.0
8025110 - مشروع خارطة الاستثمار الاجتماعي في قطاع الشباب,Operating Expense,Employee perdeim - 620201 - انتدابات موظفين,620201,0.0
8025120 - مشروع تقديم خدمات استشارية لأكاديمية الفوزان,Operating Expense,Employee perdeim - 620201 - انتدابات موظفين,620201,0.0
8026010 - تأسيس وحدة الاستثمار الاجتماعي مع جمعية متلازمة النجاح,Operating Expense,Employee perdeim - 620201 - انتدابات موظفين,620201,0.0
8026020 - التأهيل للتوظيف,Operating Expense,Employee perdeim - 620201 - انتدابات موظفين,620201,0.0
8026030 - حاضنة أثر الطاقة الاجتماعية,Operating Expense,Employee perdeim - 620201 - انتدابات موظفين,620201,0.0
Untagged,Operating Expense,Employee perdeim - 620201 - انتدابات موظفين,620201,0.0
Overall,Operating Expense,Employee perdeim - 720201 - انتدابات موظفين,720201,5250.0
8000010 - تسوية مراكز التكلفة تكامل,Operating Expense,Employee perdeim - 720201 - انتدابات موظفين,720201,0.0
8000011 - المصاريف العمومية والادارية تكامل,Operating Expense,Employee perdeim - 720201 - انتدابات موظفين,720201,0.0
8000020 - مصاريف بيعية وتسويقية تكامل,Operating Expense,Employee perdeim - 720201 - انتدابات موظفين,720201,5250.0
8000030 - تدريب وتطوير تكامل,Operating Expense,Employee perdeim - 720201 - انتدابات موظفين,720201,0.0
8000040 - مكتب ادارة المشاريع تكامل,Operating Expense,Employee perdeim - 720201 - انتدابات موظفين,720201,0.0
8000050 - الاتصال المؤسسي تكامل,Operating Expense,Employee perdeim - 720201 - انتدابات موظفين,720201,0.0
8000060 - منصة قياس الأثر,Operating Expense,Employee perdeim - 720201 - انتدابات موظفين,720201,0.0
8023010 - إنشاء مقار إدارة العمل التطوعي لخدمة ضيوف الرحمن,Operating Expense,Employee perdeim - 720201 - انتدابات موظفين,720201,0.0
8023020 - منهجية عمل تعزز البنية المؤسسية للمنظمات غير الربحية,Operating Expense,Employee perdeim - 720201 - انتدابات موظفين,720201,0.0
8023030 - رفع الوعي الفني لدى منظمات القطاع غير الربحي,Operating Expense,Employee perdeim - 720201 - انتدابات موظفين,720201,0.0
8024010 - مشروع تقديم خدمات تأسيس وتفعيل وحدات ومراكز العمل التطوعي,Operating Expense,Employee perdeim - 720201 - انتدابات موظفين,720201,0.0
8024020 - مشروع الخدمات اللوجستية للعاملين في القطاع غير الربحي,Operating Expense,Employee perdeim - 720201 - انتدابات موظفين,720201,0.0
8024030 - تمكين الجمعيات المتخصصة العاملة في القطاع غير الربحي,Operating Expense,Employee perdeim - 720201 - انتدابات موظفين,720201,0.0
8024040 - تقديم الخدمات اللوجستية للتدريب في برنامج رائد,Operating Expense,Employee perdeim - 720201 - انتدابات موظفين,720201,0.0
8025010 - مشروع العربة,Operating Expense,Employee perdeim - 720201 - انتدابات موظفين,720201,0.0
8025020 - مشروع وزارة الرياضة,Operating Expense,Employee perdeim - 720201 - انتدابات موظفين,720201,0.0
8025030 - تقديم 3000 ساعة عمل تطوعية لموظفين شركة الكهرباء,Operating Expense,Employee perdeim - 720201 - انتدابات موظفين,720201,0.0
8025040 - مصنع الابتكار - اشوكا,Operating Expense,Employee perdeim - 720201 - انتدابات موظفين,720201,0.0
8025050 - حصر الاحتياج التدريبي في منظومة الصحة,Operating Expense,Employee perdeim - 720201 - انتدابات موظفين,720201,0.0
8025060 - مجموعات عمل التطوع التكافلي,Operating Expense,Employee perdeim - 720201 - انتدابات موظفين,720201,0.0
8025070 - سفر الإفطار في الحرم المكي,Operating Expense,Employee perdeim - 720201 - انتدابات موظفين,720201,0.0
8025080 - سوق الدار,Operating Expense,Employee perdeim - 720201 - انتدابات موظفين,720201,0.0
8025090 - هاكاثون الوعي المعرفي,Operating Expense,Employee perdeim - 720201 - انتدابات موظفين,720201,0.0
8025100 - مشروع منظومة عمل إدارة دراسات الحالة,Operating Expense,Employee perdeim - 720201 - انتدابات موظفين,720201,0.0
8025110 - مشروع خارطة الاستثمار الاجتماعي في قطاع الشباب,Operating Expense,Employee perdeim - 720201 - انتدابات موظفين,720201,0.0
8025120 - مشروع تقديم خدمات استشارية لأكاديمية الفوزان,Operating Expense,Employee perdeim - 720201 - انتدابات موظفين,720201,0.0
8026010 - تأسيس وحدة الاستثمار الاجتماعي مع جمعية متلازمة النجاح,Operating Expense,Employee perdeim - 720201 - انتدابات موظفين,720201,0.0
8026020 - التأهيل للتوظيف,Operating Expense,Employee perdeim - 720201 - انتدابات موظفين,720201,0.0
8026030 - حاضنة أثر الطاقة الاجتماعية,Operating Expense,Employee perdeim - 720201 - انتدابات موظفين,720201,0.0
Untagged,Operating Expense,Employee perdeim - 720201 - انتدابات موظفين,720201,0.0
Overall,Operating Expense,Employee tickets - 620301 - تذاكر موظفين,620301,14335.51
8000010 - تسوية مراكز التكلفة تكامل,Operating Expense,Employee tickets - 620301 - تذاكر موظفين,620301,0.0
8000011 - المصاريف العمومية والادارية تكامل,Operating Expense,Employee tickets - 620301 - تذاكر موظفين,620301,14335.51
8000020 - مصاريف بيعية وتسويقية تكامل,Operating Expense,Employee tickets - 620301 - تذاكر موظفين,620301,0.0
8000030 - تدريب وتطوير تكامل,Operating Expense,Employee tickets - 620301 - تذاكر موظفين,620301,0.0
8000040 - مكتب ادارة المشاريع تكامل,Operating Expense,Employee tickets - 620301 - تذاكر موظفين,620301,0.0
8000050 - الاتصال المؤسسي تكامل,Operating Expense,Employee tickets - 620301 - تذاكر موظفين,620301,0.0
8000060 - منصة قياس الأثر,Operating Expense,Employee tickets - 620301 - تذاكر موظفين,620301,0.0
8023010 - إنشاء مقار إدارة العمل التطوعي لخدمة ضيوف الرحمن,Operating Expense,Employee tickets - 620301 - تذاكر موظفين,620301,0.0
8023020 - منهجية عمل تعزز البنية المؤسسية للمنظمات غير الربحية,Operating Expense,Employee tickets - 620301 - تذاكر موظفين,620301,0.0
8023030 - رفع الوعي الفني لدى منظمات القطاع غير الربحي,Operating Expense,Employee tickets - 620301 - تذاكر موظفين,620301,0.0
8024010 - مشروع تقديم خدمات تأسيس وتفعيل وحدات ومراكز العمل التطوعي,Operating Expense,Employee tickets - 620301 - تذاكر موظفين,620301,0.0
8024020 - مشروع الخدمات اللوجستية للعاملين في القطاع غير الربحي,Operating Expense,Employee tickets - 620301 - تذاكر موظفين,620301,0.0
8024030 - تمكين الجمعيات المتخصصة العاملة في القطاع غير الربحي,Operating Expense,Employee tickets - 620301 - تذاكر موظفين,620301,0.0
8024040 - تقديم الخدمات اللوجستية للتدريب في برنامج رائد,Operating Expense,Employee tickets - 620301 - تذاكر موظفين,620301,0.0
8025010 - مشروع العربة,Operating Expense,Employee tickets - 620301 - تذاكر موظفين,620301,0.0
8025020 - مشروع وزارة الرياضة,Operating Expense,Employee tickets - 620301 - تذاكر موظفين,620301,0.0
8025030 - تقديم 3000 ساعة عمل تطوعية لموظفين شركة الكهرباء,Operating Expense,Employee tickets - 620301 - تذاكر موظفين,620301,0.0
8025040 - مصنع الابتكار - اشوكا,Operating Expense,Employee tickets - 620301 - تذاكر موظفين,620301,0.0
8025050 - حصر الاحتياج التدريبي في منظومة الصحة,Operating Expense,Employee tickets - 620301 - تذاكر موظفين,620301,0.0
8025060 - مجموعات عمل التطوع التكافلي,Operating Expense,Employee tickets - 620301 - تذاكر موظفين,620301,0.0
8025070 - سفر الإفطار في الحرم المكي,Operating Expense,Employee tickets - 620301 - تذاكر موظفين,620301,0.0
8025080 - سوق الدار,Operating Expense,Employee tickets - 620301 - تذاكر موظفين,620301,0.0
8025090 - هاكاثون الوعي المعرفي,Operating Expense,Employee tickets - 620301 - تذاكر موظفين,620301,0.0
8025100 - مشروع منظومة عمل إدارة دراسات الحالة,Operating Expense,Employee tickets - 620301 - تذاكر موظفين,620301,0.0
8025110 - مشروع خارطة الاستثمار الاجتماعي في قطاع الشباب,Operating Expense,Employee tickets - 620301 - تذاكر موظفين,620301,0.0
8025120 - مشروع تقديم خدمات استشارية لأكاديمية الفوزان,Operating Expense,Employee tickets - 620301 - تذاكر موظفين,620301,0.0
8026010 - تأسيس وحدة الاستثمار الاجتماعي مع جمعية متلازمة النجاح,Operating Expense,Employee tickets - 620301 - تذاكر موظفين,620301,0.0
8026020 - التأهيل للتوظيف,Operating Expense,Employee tickets - 620301 - تذاكر موظفين,620301,0.0
8026030 - حاضنة أثر الطاقة الاجتماعية,Operating Expense,Employee tickets - 620301 - تذاكر موظفين,620301,0.0
Untagged,Operating Expense,Employee tickets - 620301 - تذاكر موظفين,620301,0.0
Overall,Operating Expense,Employee tickets - 720301 - تذاكر موظفين,720301,19138.8
8000010 - تسوية مراكز التكلفة تكامل,Operating Expense,Employee tickets - 720301 - تذاكر موظفين,720301,0.0
8000011 - المصاريف العمومية والادارية تكامل,Operating Expense,Employee tickets - 720301 - تذاكر موظفين,720301,0.0
8000020 - مصاريف بيعية وتسويقية تكامل,Operating Expense,Employee tickets - 720301 - تذاكر موظفين,720301,19138.8
8000030 - تدريب وتطوير تكامل,Operating Expense,Employee tickets - 720301 - تذاكر موظفين,720301,0.0
8000040 - مكتب ادارة المشاريع تكامل,Operating Expense,Employee tickets - 720301 - تذاكر موظفين,720301,0.0
8000050 - الاتصال المؤسسي تكامل,Operating Expense,Employee tickets - 720301 - تذاكر موظفين,720301,0.0
8000060 - منصة قياس الأثر,Operating Expense,Employee tickets - 720301 - تذاكر موظفين,720301,0.0
8023010 - إنشاء مقار إدارة العمل التطوعي لخدمة ضيوف الرحمن,Operating Expense,Employee tickets - 720301 - تذاكر موظفين,720301,0.0
8023020 - منهجية عمل تعزز البنية المؤسسية للمنظمات غير الربحية,Operating Expense,Employee tickets - 720301 - تذاكر موظفين,720301,0.0
8023030 - رفع الوعي الفني لدى منظمات القطاع غير الربحي,Operating Expense,Employee tickets - 720301 - تذاكر موظفين,720301,0.0
8024010 - مشروع تقديم خدمات تأسيس وتفعيل وحدات ومراكز العمل التطوعي,Operating Expense,Employee tickets - 720301 - تذاكر موظفين,720301,0.0
8024020 - مشروع الخدمات اللوجستية للعاملين في القطاع غير الربحي,Operating Expense,Employee tickets - 720301 - تذاكر موظفين,720301,0.0
8024030 - تمكين الجمعيات المتخصصة العاملة في القطاع غير الربحي,Operating Expense,Employee tickets - 720301 - تذاكر موظفين,720301,0.0
8024040 - تقديم الخدمات اللوجستية للتدريب في برنامج رائد,Operating Expense,Employee tickets - 720301 - تذاكر موظفين,720301,0.0
8025010 - مشروع العربة,Operating Expense,Employee tickets - 720301 - تذاكر موظفين,720301,0.0
8025020 - مشروع وزارة الرياضة,Operating Expense,Employee tickets - 720301 - تذاكر موظفين,720301,0.0
8025030 - تقديم 3000 ساعة عمل تطوعية لموظفين شركة الكهرباء,Operating Expense,Employee tickets - 720301 - تذاكر موظفين,720301,0.0
8025040 - مصنع الابتكار - اشوكا,Operating Expense,Employee tickets - 720301 - تذاكر موظفين,720301,0.0
8025050 - حصر الاحتياج التدريبي في منظومة الصحة,Operating Expense,Employee tickets - 720301 - تذاكر موظفين,720301,0.0
8025060 - مجموعات عمل التطوع التكافلي,Operating Expense,Employee tickets - 720301 - تذاكر موظفين,720301,0.0
8025070 - سفر الإفطار في الحرم المكي,Operating Expense,Employee tickets - 720301 - تذاكر موظفين,720301,0.0
8025080 - سوق الدار,Operating Expense,Employee tickets - 720301 - تذاكر موظفين,720301,0.0
8025090 - هاكاثون الوعي المعرفي,Operating Expense,Employee tickets - 720301 - تذاكر موظفين,720301,0.0
8025100 - مشروع منظومة عمل إدارة دراسات الحالة,Operating Expense,Employee tickets - 720301 - تذاكر موظفين,720301,0.0
8025110 - مشروع خارطة الاستثمار الاجتماعي في قطاع الشباب,Operating Expense,Employee tickets - 720301 - تذاكر موظفين,720301,0.0
8025120 - مشروع تقديم خدمات استشارية لأكاديمية الفوزان,Operating Expense,Employee tickets - 720301 - تذاكر موظفين,720301,0.0
8026010 - تأسيس وحدة الاستثمار الاجتماعي مع جمعية متلازمة النجاح,Operating Expense,Employee tickets - 720301 - تذاكر موظفين,720301,0.0
8026020 - التأهيل للتوظيف,Operating Expense,Employee tickets - 720301 - تذاكر موظفين,720301,0.0
8026030 - حاضنة أثر الطاقة الاجتماعية,Operating Expense,Employee tickets - 720301 - تذاكر موظفين,720301,0.0
Untagged,Operating Expense,Employee tickets - 720301 - تذاكر موظفين,720301,0.0
Overall,Operating Expense,Emplyee transportation - 720401 - مواصلات موظفين,720401,6487.83
8000010 - تسوية مراكز التكلفة تكامل,Operating Expense,Emplyee transportation - 720401 - مواصلات موظفين,720401,0.0
8000011 - المصاريف العمومية والادارية تكامل,Operating Expense,Emplyee transportation - 720401 - مواصلات موظفين,720401,0.0
8000020 - مصاريف بيعية وتسويقية تكامل,Operating Expense,Emplyee transportation - 720401 - مواصلات موظفين,720401,6487.83
8000030 - تدريب وتطوير تكامل,Operating Expense,Emplyee transportation - 720401 - مواصلات موظفين,720401,0.0
8000040 - مكتب ادارة المشاريع تكامل,Operating Expense,Emplyee transportation - 720401 - مواصلات موظفين,720401,0.0
8000050 - الاتصال المؤسسي تكامل,Operating Expense,Emplyee transportation - 720401 - مواصلات موظفين,720401,0.0
8000060 - منصة قياس الأثر,Operating Expense,Emplyee transportation - 720401 - مواصلات موظفين,720401,0.0
8023010 - إنشاء مقار إدارة العمل التطوعي لخدمة ضيوف الرحمن,Operating Expense,Emplyee transportation - 720401 - مواصلات موظفين,720401,0.0
8023020 - منهجية عمل تعزز البنية المؤسسية للمنظمات غير الربحية,Operating Expense,Emplyee transportation - 720401 - مواصلات موظفين,720401,0.0
8023030 - رفع الوعي الفني لدى منظمات القطاع غير الربحي,Operating Expense,Emplyee transportation - 720401 - مواصلات موظفين,720401,0.0
8024010 - مشروع تقديم خدمات تأسيس وتفعيل وحدات ومراكز العمل التطوعي,Operating Expense,Emplyee transportation - 720401 - مواصلات موظفين,720401,0.0
8024020 - مشروع الخدمات اللوجستية للعاملين في القطاع غير الربحي,Operating Expense,Emplyee transportation - 720401 - مواصلات موظفين,720401,0.0
8024030 - تمكين الجمعيات المتخصصة العاملة في القطاع غير الربحي,Operating Expense,Emplyee transportation - 720401 - مواصلات موظفين,720401,0.0
8024040 - تقديم الخدمات اللوجستية للتدريب في برنامج رائد,Operating Expense,Emplyee transportation - 720401 - مواصلات موظفين,720401,0.0
8025010 - مشروع العربة,Operating Expense,Emplyee transportation - 720401 - مواصلات موظفين,720401,0.0
8025020 - مشروع وزارة الرياضة,Operating Expense,Emplyee transportation - 720401 - مواصلات موظفين,720401,0.0
8025030 - تقديم 3000 ساعة عمل تطوعية لموظفين شركة الكهرباء,Operating Expense,Emplyee transportation - 720401 - مواصلات موظفين,720401,0.0
8025040 - مصنع الابتكار - اشوكا,Operating Expense,Emplyee transportation - 720401 - مواصلات موظفين,720401,0.0
8025050 - حصر الاحتياج التدريبي في منظومة الصحة,Operating Expense,Emplyee transportation - 720401 - مواصلات موظفين,720401,0.0
8025060 - مجموعات عمل التطوع التكافلي,Operating Expense,Emplyee transportation - 720401 - مواصلات موظفين,720401,0.0
8025070 - سفر الإفطار في الحرم المكي,Operating Expense,Emplyee transportation - 720401 - مواصلات موظفين,720401,0.0
8025080 - سوق الدار,Operating Expense,Emplyee transportation - 720401 - مواصلات موظفين,720401,0.0
8025090 - هاكاثون الوعي المعرفي,Operating Expense,Emplyee transportation - 720401 - مواصلات موظفين,720401,0.0
8025100 - مشروع منظومة عمل إدارة دراسات الحالة,Operating Expense,Emplyee transportation - 720401 - مواصلات موظفين,720401,0.0
8025110 - مشروع خارطة الاستثمار الاجتماعي في قطاع الشباب,Operating Expense,Emplyee transportation - 720401 - مواصلات موظفين,720401,0.0
8025120 - مشروع تقديم خدمات استشارية لأكاديمية الفوزان,Operating Expense,Emplyee transportation - 720401 - مواصلات موظفين,720401,0.0
8026010 - تأسيس وحدة الاستثمار الاجتماعي مع جمعية متلازمة النجاح,Operating Expense,Emplyee transportation - 720401 - مواصلات موظفين,720401,0.0
8026020 - التأهيل للتوظيف,Operating Expense,Emplyee transportation - 720401 - مواصلات موظفين,720401,0.0
8026030 - حاضنة أثر الطاقة الاجتماعية,Operating Expense,Emplyee transportation - 720401 - مواصلات موظفين,720401,0.0
Untagged,Operating Expense,Emplyee transportation - 720401 - مواصلات موظفين,720401,0.0
Overall,Operating Expense,Empoyees bonus - 630203 - مكافاة موظفين,630203,29700.0
8000010 - تسوية مراكز التكلفة تكامل,Operating Expense,Empoyees bonus - 630203 - مكافاة موظفين,630203,0.0
8000011 - المصاريف العمومية والادارية تكامل,Operating Expense,Empoyees bonus - 630203 - مكافاة موظفين,630203,29700.0
8000020 - مصاريف بيعية وتسويقية تكامل,Operating Expense,Empoyees bonus - 630203 - مكافاة موظفين,630203,0.0
8000030 - تدريب وتطوير تكامل,Operating Expense,Empoyees bonus - 630203 - مكافاة موظفين,630203,0.0
8000040 - مكتب ادارة المشاريع تكامل,Operating Expense,Empoyees bonus - 630203 - مكافاة موظفين,630203,0.0
8000050 - الاتصال المؤسسي تكامل,Operating Expense,Empoyees bonus - 630203 - مكافاة موظفين,630203,0.0
8000060 - منصة قياس الأثر,Operating Expense,Empoyees bonus - 630203 - مكافاة موظفين,630203,0.0
8023010 - إنشاء مقار إدارة العمل التطوعي لخدمة ضيوف الرحمن,Operating Expense,Empoyees bonus - 630203 - مكافاة موظفين,630203,0.0
8023020 - منهجية عمل تعزز البنية المؤسسية للمنظمات غير الربحية,Operating Expense,Empoyees bonus - 630203 - مكافاة موظفين,630203,0.0
8023030 - رفع الوعي الفني لدى منظمات القطاع غير الربحي,Operating Expense,Empoyees bonus - 630203 - مكافاة موظفين,630203,0.0
8024010 - مشروع تقديم خدمات تأسيس وتفعيل وحدات ومراكز العمل التطوعي,Operating Expense,Empoyees bonus - 630203 - مكافاة موظفين,630203,0.0
8024020 - مشروع الخدمات اللوجستية للعاملين في القطاع غير الربحي,Operating Expense,Empoyees bonus - 630203 - مكافاة موظفين,630203,0.0
8024030 - تمكين الجمعيات المتخصصة العاملة في القطاع غير الربحي,Operating Expense,Empoyees bonus - 630203 - مكافاة موظفين,630203,0.0
8024040 - تقديم الخدمات اللوجستية للتدريب في برنامج رائد,Operating Expense,Empoyees bonus - 630203 - مكافاة موظفين,630203,0.0
8025010 - مشروع العربة,Operating Expense,Empoyees bonus - 630203 - مكافاة موظفين,630203,0.0
8025020 - مشروع وزارة الرياضة,Operating Expense,Empoyees bonus - 630203 - مكافاة موظفين,630203,0.0
8025030 - تقديم 3000 ساعة عمل تطوعية لموظفين شركة الكهرباء,Operating Expense,Empoyees bonus - 630203 - مكافاة موظفين,630203,0.0
8025040 - مصنع الابتكار - اشوكا,Operating Expense,Empoyees bonus - 630203 - مكافاة موظفين,630203,0.0
8025050 - حصر الاحتياج التدريبي في منظومة الصحة,Operating Expense,Empoyees bonus - 630203 - مكافاة موظفين,630203,0.0
8025060 - مجموعات عمل التطوع التكافلي,Operating Expense,Empoyees bonus - 630203 - مكافاة موظفين,630203,0.0
8025070 - سفر الإفطار في الحرم المكي,Operating Expense,Empoyees bonus - 630203 - مكافاة موظفين,630203,0.0
8025080 - سوق الدار,Operating Expense,Empoyees bonus - 630203 - مكافاة موظفين,630203,0.0
8025090 - هاكاثون الوعي المعرفي,Operating Expense,Empoyees bonus - 630203 - مكافاة موظفين,630203,0.0
8025100 - مشروع منظومة عمل إدارة دراسات الحالة,Operating Expense,Empoyees bonus - 630203 - مكافاة موظفين,630203,0.0
8025110 - مشروع خارطة الاستثمار الاجتماعي في قطاع الشباب,Operating Expense,Empoyees bonus - 630203 - مكافاة موظفين,630203,0.0
8025120 - مشروع تقديم خدمات استشارية لأكاديمية الفوزان,Operating Expense,Empoyees bonus - 630203 - مكافاة موظفين,630203,0.0
8026010 - تأسيس وحدة الاستثمار الاجتماعي مع جمعية متلازمة النجاح,Operating Expense,Empoyees bonus - 630203 - مكافاة موظفين,630203,0.0
8026020 - التأهيل للتوظيف,Operating Expense,Empoyees bonus - 630203 - مكافاة موظفين,630203,0.0
8026030 - حاضنة أثر الطاقة الاجتماعية,Operating Expense,Empoyees bonus - 630203 - مكافاة موظفين,630203,0.0
Untagged,Operating Expense,Empoyees bonus - 630203 - مكافاة موظفين,630203,0.0
Overall,Operating Expense,End of service benefits - 610105 - مكافاة نهاية الخدمة,610105,15041.12
8000010 - تسوية مراكز التكلفة تكامل,Operating Expense,End of service benefits - 610105 - مكافاة نهاية الخدمة,610105,0.0
8000011 - المصاريف العمومية والادارية تكامل,Operating Expense,End of service benefits - 610105 - مكافاة نهاية الخدمة,610105,15041.12
8000020 - مصاريف بيعية وتسويقية تكامل,Operating Expense,End of service benefits - 610105 - مكافاة نهاية الخدمة,610105,0.0
8000030 - تدريب وتطوير تكامل,Operating Expense,End of service benefits - 610105 - مكافاة نهاية الخدمة,610105,0.0
8000040 - مكتب ادارة المشاريع تكامل,Operating Expense,End of service benefits - 610105 - مكافاة نهاية الخدمة,610105,0.0
8000050 - الاتصال المؤسسي تكامل,Operating Expense,End of service benefits - 610105 - مكافاة نهاية الخدمة,610105,0.0
8000060 - منصة قياس الأثر,Operating Expense,End of service benefits - 610105 - مكافاة نهاية الخدمة,610105,0.0
8023010 - إنشاء مقار إدارة العمل التطوعي لخدمة ضيوف الرحمن,Operating Expense,End of service benefits - 610105 - مكافاة نهاية الخدمة,610105,0.0
8023020 - منهجية عمل تعزز البنية المؤسسية للمنظمات غير الربحية,Operating Expense,End of service benefits - 610105 - مكافاة نهاية الخدمة,610105,0.0
8023030 - رفع الوعي الفني لدى منظمات القطاع غير الربحي,Operating Expense,End of service benefits - 610105 - مكافاة نهاية الخدمة,610105,0.0
8024010 - مشروع تقديم خدمات تأسيس وتفعيل وحدات ومراكز العمل التطوعي,Operating Expense,End of service benefits - 610105 - مكافاة نهاية الخدمة,610105,0.0
8024020 - مشروع الخدمات اللوجستية للعاملين في القطاع غير الربحي,Operating Expense,End of service benefits - 610105 - مكافاة نهاية الخدمة,610105,0.0
8024030 - تمكين الجمعيات المتخصصة العاملة في القطاع غير الربحي,Operating Expense,End of service benefits - 610105 - مكافاة نهاية الخدمة,610105,0.0
8024040 - تقديم الخدمات اللوجستية للتدريب في برنامج رائد,Operating Expense,End of service benefits - 610105 - مكافاة نهاية الخدمة,610105,0.0
8025010 - مشروع العربة,Operating Expense,End of service benefits - 610105 - مكافاة نهاية الخدمة,610105,0.0
8025020 - مشروع وزارة الرياضة,Operating Expense,End of service benefits - 610105 - مكافاة نهاية الخدمة,610105,0.0
8025030 - تقديم 3000 ساعة عمل تطوعية لموظفين شركة الكهرباء,Operating Expense,End of service benefits - 610105 - مكافاة نهاية الخدمة,610105,0.0
8025040 - مصنع الابتكار - اشوكا,Operating Expense,End of service benefits - 610105 - مكافاة نهاية الخدمة,610105,0.0
8025050 - حصر الاحتياج التدريبي في منظومة الصحة,Operating Expense,End of service benefits - 610105 - مكافاة نهاية الخدمة,610105,0.0
8025060 - مجموعات عمل التطوع التكافلي,Operating Expense,End of service benefits - 610105 - مكافاة نهاية الخدمة,610105,0.0
8025070 - سفر الإفطار في الحرم المكي,Operating Expense,End of service benefits - 610105 - مكافاة نهاية الخدمة,610105,0.0
8025080 - سوق الدار,Operating Expense,End of service benefits - 610105 - مكافاة نهاية الخدمة,610105,0.0
8025090 - هاكاثون الوعي المعرفي,Operating Expense,End of service benefits - 610105 - مكافاة نهاية الخدمة,610105,0.0
8025100 - مشروع منظومة عمل إدارة دراسات الحالة,Operating Expense,End of service benefits - 610105 - مكافاة نهاية الخدمة,610105,0.0
8025110 - مشروع خارطة الاستثمار الاجتماعي في قطاع الشباب,Operating Expense,End of service benefits - 610105 - مكافاة نهاية الخدمة,610105,0.0
8025120 - مشروع تقديم خدمات استشارية لأكاديمية الفوزان,Operating Expense,End of service benefits - 610105 - مكافاة نهاية الخدمة,610105,0.0
8026010 - تأسيس وحدة الاستثمار الاجتماعي مع جمعية متلازمة النجاح,Operating Expense,End of service benefits - 610105 - مكافاة نهاية الخدمة,610105,0.0
8026020 - التأهيل للتوظيف,Operating Expense,End of service benefits - 610105 - مكافاة نهاية الخدمة,610105,0.0
8026030 - حاضنة أثر الطاقة الاجتماعية,Operating Expense,End of service benefits - 610105 - مكافاة نهاية الخدمة,610105,0.0
Untagged,Operating Expense,End of service benefits - 610105 - مكافاة نهاية الخدمة,610105,0.0
Overall,Operating Expense,Fuel - 630104 - وقود ومحروقات,630104,64.0
8000010 - تسوية مراكز التكلفة تكامل,Operating Expense,Fuel - 630104 - وقود ومحروقات,630104,0.0
8000011 - المصاريف العمومية والادارية تكامل,Operating Expense,Fuel - 630104 - وقود ومحروقات,630104,64.0
8000020 - مصاريف بيعية وتسويقية تكامل,Operating Expense,Fuel - 630104 - وقود ومحروقات,630104,0.0
8000030 - تدريب وتطوير تكامل,Operating Expense,Fuel - 630104 - وقود ومحروقات,630104,0.0
8000040 - مكتب ادارة المشاريع تكامل,Operating Expense,Fuel - 630104 - وقود ومحروقات,630104,0.0
8000050 - الاتصال المؤسسي تكامل,Operating Expense,Fuel - 630104 - وقود ومحروقات,630104,0.0
8000060 - منصة قياس الأثر,Operating Expense,Fuel - 630104 - وقود ومحروقات,630104,0.0
8023010 - إنشاء مقار إدارة العمل التطوعي لخدمة ضيوف الرحمن,Operating Expense,Fuel - 630104 - وقود ومحروقات,630104,0.0
8023020 - منهجية عمل تعزز البنية المؤسسية للمنظمات غير الربحية,Operating Expense,Fuel - 630104 - وقود ومحروقات,630104,0.0
8023030 - رفع الوعي الفني لدى منظمات القطاع غير الربحي,Operating Expense,Fuel - 630104 - وقود ومحروقات,630104,0.0
8024010 - مشروع تقديم خدمات تأسيس وتفعيل وحدات ومراكز العمل التطوعي,Operating Expense,Fuel - 630104 - وقود ومحروقات,630104,0.0
8024020 - مشروع الخدمات اللوجستية للعاملين في القطاع غير الربحي,Operating Expense,Fuel - 630104 - وقود ومحروقات,630104,0.0
8024030 - تمكين الجمعيات المتخصصة العاملة في القطاع غير الربحي,Operating Expense,Fuel - 630104 - وقود ومحروقات,630104,0.0
8024040 - تقديم الخدمات اللوجستية للتدريب في برنامج رائد,Operating Expense,Fuel - 630104 - وقود ومحروقات,630104,0.0
8025010 - مشروع العربة,Operating Expense,Fuel - 630104 - وقود ومحروقات,630104,0.0
8025020 - مشروع وزارة الرياضة,Operating Expense,Fuel - 630104 - وقود ومحروقات,630104,0.0
8025030 - تقديم 3000 ساعة عمل تطوعية لموظفين شركة الكهرباء,Operating Expense,Fuel - 630104 - وقود ومحروقات,630104,0.0
8025040 - مصنع الابتكار - اشوكا,Operating Expense,Fuel - 630104 - وقود ومحروقات,630104,0.0
8025050 - حصر الاحتياج التدريبي في منظومة الصحة,Operating Expense,Fuel - 630104 - وقود ومحروقات,630104,0.0
8025060 - مجموعات عمل التطوع التكافلي,Operating Expense,Fuel - 630104 - وقود ومحروقات,630104,0.0
8025070 - سفر الإفطار في الحرم المكي,Operating Expense,Fuel - 630104 - وقود ومحروقات,630104,0.0
8025080 - سوق الدار,Operating Expense,Fuel - 630104 - وقود ومحروقات,630104,0.0
8025090 - هاكاثون الوعي المعرفي,Operating Expense,Fuel - 630104 - وقود ومحروقات,630104,0.0
8025100 - مشروع منظومة عمل إدارة دراسات الحالة,Operating Expense,Fuel - 630104 - وقود ومحروقات,630104,0.0
8025110 - مشروع خارطة الاستثمار الاجتماعي في قطاع الشباب,Operating Expense,Fuel - 630104 - وقود ومحروقات,630104,0.0
8025120 - مشروع تقديم خدمات استشارية لأكاديمية الفوزان,Operating Expense,Fuel - 630104 - وقود ومحروقات,630104,0.0
8026010 - تأسيس وحدة الاستثمار الاجتماعي مع جمعية متلازمة النجاح,Operating Expense,Fuel - 630104 - وقود ومحروقات,630104,0.0
8026020 - التأهيل للتوظيف,Operating Expense,Fuel - 630104 - وقود ومحروقات,630104,0.0
8026030 - حاضنة أثر الطاقة الاجتماعية,Operating Expense,Fuel - 630104 - وقود ومحروقات,630104,0.0
Untagged,Operating Expense,Fuel - 630104 - وقود ومحروقات,630104,0.0
Overall,Operating Expense,General Maintenance Expenses - 630301 - صيانة عامة,630301,7328.7
8000010 - تسوية مراكز التكلفة تكامل,Operating Expense,General Maintenance Expenses - 630301 - صيانة عامة,630301,0.0
8000011 - المصاريف العمومية والادارية تكامل,Operating Expense,General Maintenance Expenses - 630301 - صيانة عامة,630301,7328.7
8000020 - مصاريف بيعية وتسويقية تكامل,Operating Expense,General Maintenance Expenses - 630301 - صيانة عامة,630301,0.0
8000030 - تدريب وتطوير تكامل,Operating Expense,General Maintenance Expenses - 630301 - صيانة عامة,630301,0.0
8000040 - مكتب ادارة المشاريع تكامل,Operating Expense,General Maintenance Expenses - 630301 - صيانة عامة,630301,0.0
8000050 - الاتصال المؤسسي تكامل,Operating Expense,General Maintenance Expenses - 630301 - صيانة عامة,630301,0.0
8000060 - منصة قياس الأثر,Operating Expense,General Maintenance Expenses - 630301 - صيانة عامة,630301,0.0
8023010 - إنشاء مقار إدارة العمل التطوعي لخدمة ضيوف الرحمن,Operating Expense,General Maintenance Expenses - 630301 - صيانة عامة,630301,0.0
8023020 - منهجية عمل تعزز البنية المؤسسية للمنظمات غير الربحية,Operating Expense,General Maintenance Expenses - 630301 - صيانة عامة,630301,0.0
8023030 - رفع الوعي الفني لدى منظمات القطاع غير الربحي,Operating Expense,General Maintenance Expenses - 630301 - صيانة عامة,630301,0.0
8024010 - مشروع تقديم خدمات تأسيس وتفعيل وحدات ومراكز العمل التطوعي,Operating Expense,General Maintenance Expenses - 630301 - صيانة عامة,630301,0.0
8024020 - مشروع الخدمات اللوجستية للعاملين في القطاع غير الربحي,Operating Expense,General Maintenance Expenses - 630301 - صيانة عامة,630301,0.0
8024030 - تمكين الجمعيات المتخصصة العاملة في القطاع غير الربحي,Operating Expense,General Maintenance Expenses - 630301 - صيانة عامة,630301,0.0
8024040 - تقديم الخدمات اللوجستية للتدريب في برنامج رائد,Operating Expense,General Maintenance Expenses - 630301 - صيانة عامة,630301,0.0
8025010 - مشروع العربة,Operating Expense,General Maintenance Expenses - 630301 - صيانة عامة,630301,0.0
8025020 - مشروع وزارة الرياضة,Operating Expense,General Maintenance Expenses - 630301 - صيانة عامة,630301,0.0
8025030 - تقديم 3000 ساعة عمل تطوعية لموظفين شركة الكهرباء,Operating Expense,General Maintenance Expenses - 630301 - صيانة عامة,630301,0.0
8025040 - مصنع الابتكار - اشوكا,Operating Expense,General Maintenance Expenses - 630301 - صيانة عامة,630301,0.0
8025050 - حصر الاحتياج التدريبي في منظومة الصحة,Operating Expense,General Maintenance Expenses - 630301 - صيانة عامة,630301,0.0
8025060 - مجموعات عمل التطوع التكافلي,Operating Expense,General Maintenance Expenses - 630301 - صيانة عامة,630301,0.0
8025070 - سفر الإفطار في الحرم المكي,Operating Expense,General Maintenance Expenses - 630301 - صيانة عامة,630301,0.0
8025080 - سوق الدار,Operating Expense,General Maintenance Expenses - 630301 - صيانة عامة,630301,0.0
8025090 - هاكاثون الوعي المعرفي,Operating Expense,General Maintenance Expenses - 630301 - صيانة عامة,630301,0.0
8025100 - مشروع منظومة عمل إدارة دراسات الحالة,Operating Expense,General Maintenance Expenses - 630301 - صيانة عامة,630301,0.0
8025110 - مشروع خارطة الاستثمار الاجتماعي في قطاع الشباب,Operating Expense,General Maintenance Expenses - 630301 - صيانة عامة,630301,0.0
8025120 - مشروع تقديم خدمات استشارية لأكاديمية الفوزان,Operating Expense,General Maintenance Expenses - 630301 - صيانة عامة,630301,0.0
8026010 - تأسيس وحدة الاستثمار الاجتماعي مع جمعية متلازمة النجاح,Operating Expense,General Maintenance Expenses - 630301 - صيانة عامة,630301,0.0
8026020 - التأهيل للتوظيف,Operating Expense,General Maintenance Expenses - 630301 - صيانة عامة,630301,0.0
8026030 - حاضنة أثر الطاقة الاجتماعية,Operating Expense,General Maintenance Expenses - 630301 - صيانة عامة,630301,0.0
Untagged,Operating Expense,General Maintenance Expenses - 630301 - صيانة عامة,630301,0.0
Overall,Operating Expense,Gifts - 621203 - هدايا,621203,1269.47
8000010 - تسوية مراكز التكلفة تكامل,Operating Expense,Gifts - 621203 - هدايا,621203,0.0
8000011 - المصاريف العمومية والادارية تكامل,Operating Expense,Gifts - 621203 - هدايا,621203,1269.47
8000020 - مصاريف بيعية وتسويقية تكامل,Operating Expense,Gifts - 621203 - هدايا,621203,0.0
8000030 - تدريب وتطوير تكامل,Operating Expense,Gifts - 621203 - هدايا,621203,0.0
8000040 - مكتب ادارة المشاريع تكامل,Operating Expense,Gifts - 621203 - هدايا,621203,0.0
8000050 - الاتصال المؤسسي تكامل,Operating Expense,Gifts - 621203 - هدايا,621203,0.0
8000060 - منصة قياس الأثر,Operating Expense,Gifts - 621203 - هدايا,621203,0.0
8023010 - إنشاء مقار إدارة العمل التطوعي لخدمة ضيوف الرحمن,Operating Expense,Gifts - 621203 - هدايا,621203,0.0
8023020 - منهجية عمل تعزز البنية المؤسسية للمنظمات غير الربحية,Operating Expense,Gifts - 621203 - هدايا,621203,0.0
8023030 - رفع الوعي الفني لدى منظمات القطاع غير الربحي,Operating Expense,Gifts - 621203 - هدايا,621203,0.0
8024010 - مشروع تقديم خدمات تأسيس وتفعيل وحدات ومراكز العمل التطوعي,Operating Expense,Gifts - 621203 - هدايا,621203,0.0
8024020 - مشروع الخدمات اللوجستية للعاملين في القطاع غير الربحي,Operating Expense,Gifts - 621203 - هدايا,621203,0.0
8024030 - تمكين الجمعيات المتخصصة العاملة في القطاع غير الربحي,Operating Expense,Gifts - 621203 - هدايا,621203,0.0
8024040 - تقديم الخدمات اللوجستية للتدريب في برنامج رائد,Operating Expense,Gifts - 621203 - هدايا,621203,0.0
8025010 - مشروع العربة,Operating Expense,Gifts - 621203 - هدايا,621203,0.0
8025020 - مشروع وزارة الرياضة,Operating Expense,Gifts - 621203 - هدايا,621203,0.0
8025030 - تقديم 3000 ساعة عمل تطوعية لموظفين شركة الكهرباء,Operating Expense,Gifts - 621203 - هدايا,621203,0.0
8025040 - مصنع الابتكار - اشوكا,Operating Expense,Gifts - 621203 - هدايا,621203,0.0
8025050 - حصر الاحتياج التدريبي في منظومة الصحة,Operating Expense,Gifts - 621203 - هدايا,621203,0.0
8025060 - مجموعات عمل التطوع التكافلي,Operating Expense,Gifts - 621203 - هدايا,621203,0.0
8025070 - سفر الإفطار في الحرم المكي,Operating Expense,Gifts - 621203 - هدايا,621203,0.0
8025080 - سوق الدار,Operating Expense,Gifts - 621203 - هدايا,621203,0.0
8025090 - هاكاثون الوعي المعرفي,Operating Expense,Gifts - 621203 - هدايا,621203,0.0
8025100 - مشروع منظومة عمل إدارة دراسات الحالة,Operating Expense,Gifts - 621203 - هدايا,621203,0.0
8025110 - مشروع خارطة الاستثمار الاجتماعي في قطاع الشباب,Operating Expense,Gifts - 621203 - هدايا,621203,0.0
8025120 - مشروع تقديم خدمات استشارية لأكاديمية الفوزان,Operating Expense,Gifts - 621203 - هدايا,621203,0.0
8026010 - تأسيس وحدة الاستثمار الاجتماعي مع جمعية متلازمة النجاح,Operating Expense,Gifts - 621203 - هدايا,621203,0.0
8026020 - التأهيل للتوظيف,Operating Expense,Gifts - 621203 - هدايا,621203,0.0
8026030 - حاضنة أثر الطاقة الاجتماعية,Operating Expense,Gifts - 621203 - هدايا,621203,0.0
Untagged,Operating Expense,Gifts - 621203 - هدايا,621203,0.0
Overall,Operating Expense,Gifts - 721203 - هدايا,721203,2300.0
8000010 - تسوية مراكز التكلفة تكامل,Operating Expense,Gifts - 721203 - هدايا,721203,0.0
8000011 - المصاريف العمومية والادارية تكامل,Operating Expense,Gifts - 721203 - هدايا,721203,0.0
8000020 - مصاريف بيعية وتسويقية تكامل,Operating Expense,Gifts - 721203 - هدايا,721203,2300.0
8000030 - تدريب وتطوير تكامل,Operating Expense,Gifts - 721203 - هدايا,721203,0.0
8000040 - مكتب ادارة المشاريع تكامل,Operating Expense,Gifts - 721203 - هدايا,721203,0.0
8000050 - الاتصال المؤسسي تكامل,Operating Expense,Gifts - 721203 - هدايا,721203,0.0
8000060 - منصة قياس الأثر,Operating Expense,Gifts - 721203 - هدايا,721203,0.0
8023010 - إنشاء مقار إدارة العمل التطوعي لخدمة ضيوف الرحمن,Operating Expense,Gifts - 721203 - هدايا,721203,0.0
8023020 - منهجية عمل تعزز البنية المؤسسية للمنظمات غير الربحية,Operating Expense,Gifts - 721203 - هدايا,721203,0.0
8023030 - رفع الوعي الفني لدى منظمات القطاع غير الربحي,Operating Expense,Gifts - 721203 - هدايا,721203,0.0
8024010 - مشروع تقديم خدمات تأسيس وتفعيل وحدات ومراكز العمل التطوعي,Operating Expense,Gifts - 721203 - هدايا,721203,0.0
8024020 - مشروع الخدمات اللوجستية للعاملين في القطاع غير الربحي,Operating Expense,Gifts - 721203 - هدايا,721203,0.0
8024030 - تمكين الجمعيات المتخصصة العاملة في القطاع غير الربحي,Operating Expense,Gifts - 721203 - هدايا,721203,0.0
8024040 - تقديم الخدمات اللوجستية للتدريب في برنامج رائد,Operating Expense,Gifts - 721203 - هدايا,721203,0.0
8025010 - مشروع العربة,Operating Expense,Gifts - 721203 - هدايا,721203,0.0
8025020 - مشروع وزارة الرياضة,Operating Expense,Gifts - 721203 - هدايا,721203,0.0
8025030 - تقديم 3000 ساعة عمل تطوعية لموظفين شركة الكهرباء,Operating Expense,Gifts - 721203 - هدايا,721203,0.0
8025040 - مصنع الابتكار - اشوكا,Operating Expense,Gifts - 721203 - هدايا,721203,0.0
8025050 - حصر الاحتياج التدريبي في منظومة الصحة,Operating Expense,Gifts - 721203 - هدايا,721203,0.0
8025060 - مجموعات عمل التطوع التكافلي,Operating Expense,Gifts - 721203 - هدايا,721203,0.0
8025070 - سفر الإفطار في الحرم المكي,Operating Expense,Gifts - 721203 - هدايا,721203,0.0
8025080 - سوق الدار,Operating Expense,Gifts - 721203 - هدايا,721203,0.0
8025090 - هاكاثون الوعي المعرفي,Operating Expense,Gifts - 721203 - هدايا,721203,0.0
8025100 - مشروع منظومة عمل إدارة دراسات الحالة,Operating Expense,Gifts - 721203 - هدايا,721203,0.0
8025110 - مشروع خارطة الاستثمار الاجتماعي في قطاع الشباب,Operating Expense,Gifts - 721203 - هدايا,721203,0.0
8025120 - مشروع تقديم خدمات استشارية لأكاديمية الفوزان,Operating Expense,Gifts - 721203 - هدايا,721203,0.0
8026010 - تأسيس وحدة الاستثمار الاجتماعي مع جمعية متلازمة النجاح,Operating Expense,Gifts - 721203 - هدايا,721203,0.0
8026020 - التأهيل للتوظيف,Operating Expense,Gifts - 721203 - هدايا,721203,0.0
8026030 - حاضنة أثر الطاقة الاجتماعية,Operating Expense,Gifts - 721203 - هدايا,721203,0.0
Untagged,Operating Expense,Gifts - 721203 - هدايا,721203,0.0
Overall,Operating Expense,Headquarter establishment expenses -Riyad - 630801 - تاسيس مكتب الرياض,630801,256057.93
8000010 - تسوية مراكز التكلفة تكامل,Operating Expense,Headquarter establishment expenses -Riyad - 630801 - تاسيس مكتب الرياض,630801,0.0
8000011 - المصاريف العمومية والادارية تكامل,Operating Expense,Headquarter establishment expenses -Riyad - 630801 - تاسيس مكتب الرياض,630801,256057.93
8000020 - مصاريف بيعية وتسويقية تكامل,Operating Expense,Headquarter establishment expenses -Riyad - 630801 - تاسيس مكتب الرياض,630801,0.0
8000030 - تدريب وتطوير تكامل,Operating Expense,Headquarter establishment expenses -Riyad - 630801 - تاسيس مكتب الرياض,630801,0.0
8000040 - مكتب ادارة المشاريع تكامل,Operating Expense,Headquarter establishment expenses -Riyad - 630801 - تاسيس مكتب الرياض,630801,0.0
8000050 - الاتصال المؤسسي تكامل,Operating Expense,Headquarter establishment expenses -Riyad - 630801 - تاسيس مكتب الرياض,630801,0.0
8000060 - منصة قياس الأثر,Operating Expense,Headquarter establishment expenses -Riyad - 630801 - تاسيس مكتب الرياض,630801,0.0
8023010 - إنشاء مقار إدارة العمل التطوعي لخدمة ضيوف الرحمن,Operating Expense,Headquarter establishment expenses -Riyad - 630801 - تاسيس مكتب الرياض,630801,0.0
8023020 - منهجية عمل تعزز البنية المؤسسية للمنظمات غير الربحية,Operating Expense,Headquarter establishment expenses -Riyad - 630801 - تاسيس مكتب الرياض,630801,0.0
8023030 - رفع الوعي الفني لدى منظمات القطاع غير الربحي,Operating Expense,Headquarter establishment expenses -Riyad - 630801 - تاسيس مكتب الرياض,630801,0.0
8024010 - مشروع تقديم خدمات تأسيس وتفعيل وحدات ومراكز العمل التطوعي,Operating Expense,Headquarter establishment expenses -Riyad - 630801 - تاسيس مكتب الرياض,630801,0.0
8024020 - مشروع الخدمات اللوجستية للعاملين في القطاع غير الربحي,Operating Expense,Headquarter establishment expenses -Riyad - 630801 - تاسيس مكتب الرياض,630801,0.0
8024030 - تمكين الجمعيات المتخصصة العاملة في القطاع غير الربحي,Operating Expense,Headquarter establishment expenses -Riyad - 630801 - تاسيس مكتب الرياض,630801,0.0
8024040 - تقديم الخدمات اللوجستية للتدريب في برنامج رائد,Operating Expense,Headquarter establishment expenses -Riyad - 630801 - تاسيس مكتب الرياض,630801,0.0
8025010 - مشروع العربة,Operating Expense,Headquarter establishment expenses -Riyad - 630801 - تاسيس مكتب الرياض,630801,0.0
8025020 - مشروع وزارة الرياضة,Operating Expense,Headquarter establishment expenses -Riyad - 630801 - تاسيس مكتب الرياض,630801,0.0
8025030 - تقديم 3000 ساعة عمل تطوعية لموظفين شركة الكهرباء,Operating Expense,Headquarter establishment expenses -Riyad - 630801 - تاسيس مكتب الرياض,630801,0.0
8025040 - مصنع الابتكار - اشوكا,Operating Expense,Headquarter establishment expenses -Riyad - 630801 - تاسيس مكتب الرياض,630801,0.0
8025050 - حصر الاحتياج التدريبي في منظومة الصحة,Operating Expense,Headquarter establishment expenses -Riyad - 630801 - تاسيس مكتب الرياض,630801,0.0
8025060 - مجموعات عمل التطوع التكافلي,Operating Expense,Headquarter establishment expenses -Riyad - 630801 - تاسيس مكتب الرياض,630801,0.0
8025070 - سفر الإفطار في الحرم المكي,Operating Expense,Headquarter establishment expenses -Riyad - 630801 - تاسيس مكتب الرياض,630801,0.0
8025080 - سوق الدار,Operating Expense,Headquarter establishment expenses -Riyad - 630801 - تاسيس مكتب الرياض,630801,0.0
8025090 - هاكاثون الوعي المعرفي,Operating Expense,Headquarter establishment expenses -Riyad - 630801 - تاسيس مكتب الرياض,630801,0.0
8025100 - مشروع منظومة عمل إدارة دراسات الحالة,Operating Expense,Headquarter establishment expenses -Riyad - 630801 - تاسيس مكتب الرياض,630801,0.0
8025110 - مشروع خارطة الاستثمار الاجتماعي في قطاع الشباب,Operating Expense,Headquarter establishment expenses -Riyad - 630801 - تاسيس مكتب الرياض,630801,0.0
8025120 - مشروع تقديم خدمات استشارية لأكاديمية الفوزان,Operating Expense,Headquarter establishment expenses -Riyad - 630801 - تاسيس مكتب الرياض,630801,0.0
8026010 - تأسيس وحدة الاستثمار الاجتماعي مع جمعية متلازمة النجاح,Operating Expense,Headquarter establishment expenses -Riyad - 630801 - تاسيس مكتب الرياض,630801,0.0
8026020 - التأهيل للتوظيف,Operating Expense,Headquarter establishment expenses -Riyad - 630801 - تاسيس مكتب الرياض,630801,0.0
8026030 - حاضنة أثر الطاقة الاجتماعية,Operating Expense,Headquarter establishment expenses -Riyad - 630801 - تاسيس مكتب الرياض,630801,0.0
Untagged,Operating Expense,Headquarter establishment expenses -Riyad - 630801 - تاسيس مكتب الرياض,630801,0.0
Overall,Operating Expense,Hospitality - 620501 - ضيافة,620501,5765.56
8000010 - تسوية مراكز التكلفة تكامل,Operating Expense,Hospitality - 620501 - ضيافة,620501,0.0
8000011 - المصاريف العمومية والادارية تكامل,Operating Expense,Hospitality - 620501 - ضيافة,620501,5765.56
8000020 - مصاريف بيعية وتسويقية تكامل,Operating Expense,Hospitality - 620501 - ضيافة,620501,0.0
8000030 - تدريب وتطوير تكامل,Operating Expense,Hospitality - 620501 - ضيافة,620501,0.0
8000040 - مكتب ادارة المشاريع تكامل,Operating Expense,Hospitality - 620501 - ضيافة,620501,0.0
8000050 - الاتصال المؤسسي تكامل,Operating Expense,Hospitality - 620501 - ضيافة,620501,0.0
8000060 - منصة قياس الأثر,Operating Expense,Hospitality - 620501 - ضيافة,620501,0.0
8023010 - إنشاء مقار إدارة العمل التطوعي لخدمة ضيوف الرحمن,Operating Expense,Hospitality - 620501 - ضيافة,620501,0.0
8023020 - منهجية عمل تعزز البنية المؤسسية للمنظمات غير الربحية,Operating Expense,Hospitality - 620501 - ضيافة,620501,0.0
8023030 - رفع الوعي الفني لدى منظمات القطاع غير الربحي,Operating Expense,Hospitality - 620501 - ضيافة,620501,0.0
8024010 - مشروع تقديم خدمات تأسيس وتفعيل وحدات ومراكز العمل التطوعي,Operating Expense,Hospitality - 620501 - ضيافة,620501,0.0
8024020 - مشروع الخدمات اللوجستية للعاملين في القطاع غير الربحي,Operating Expense,Hospitality - 620501 - ضيافة,620501,0.0
8024030 - تمكين الجمعيات المتخصصة العاملة في القطاع غير الربحي,Operating Expense,Hospitality - 620501 - ضيافة,620501,0.0
8024040 - تقديم الخدمات اللوجستية للتدريب في برنامج رائد,Operating Expense,Hospitality - 620501 - ضيافة,620501,0.0
8025010 - مشروع العربة,Operating Expense,Hospitality - 620501 - ضيافة,620501,0.0
8025020 - مشروع وزارة الرياضة,Operating Expense,Hospitality - 620501 - ضيافة,620501,0.0
8025030 - تقديم 3000 ساعة عمل تطوعية لموظفين شركة الكهرباء,Operating Expense,Hospitality - 620501 - ضيافة,620501,0.0
8025040 - مصنع الابتكار - اشوكا,Operating Expense,Hospitality - 620501 - ضيافة,620501,0.0
8025050 - حصر الاحتياج التدريبي في منظومة الصحة,Operating Expense,Hospitality - 620501 - ضيافة,620501,0.0
8025060 - مجموعات عمل التطوع التكافلي,Operating Expense,Hospitality - 620501 - ضيافة,620501,0.0
8025070 - سفر الإفطار في الحرم المكي,Operating Expense,Hospitality - 620501 - ضيافة,620501,0.0
8025080 - سوق الدار,Operating Expense,Hospitality - 620501 - ضيافة,620501,0.0
8025090 - هاكاثون الوعي المعرفي,Operating Expense,Hospitality - 620501 - ضيافة,620501,0.0
8025100 - مشروع منظومة عمل إدارة دراسات الحالة,Operating Expense,Hospitality - 620501 - ضيافة,620501,0.0
8025110 - مشروع خارطة الاستثمار الاجتماعي في قطاع الشباب,Operating Expense,Hospitality - 620501 - ضيافة,620501,0.0
8025120 - مشروع تقديم خدمات استشارية لأكاديمية الفوزان,Operating Expense,Hospitality - 620501 - ضيافة,620501,0.0
8026010 - تأسيس وحدة الاستثمار الاجتماعي مع جمعية متلازمة النجاح,Operating Expense,Hospitality - 620501 - ضيافة,620501,0.0
8026020 - التأهيل للتوظيف,Operating Expense,Hospitality - 620501 - ضيافة,620501,0.0
8026030 - حاضنة أثر الطاقة الاجتماعية,Operating Expense,Hospitality - 620501 - ضيافة,620501,0.0
Untagged,Operating Expense,Hospitality - 620501 - ضيافة,620501,0.0
Overall,Operating Expense,Hospitality - 720501 - ضيافة,720501,8481.66
8000010 - تسوية مراكز التكلفة تكامل,Operating Expense,Hospitality - 720501 - ضيافة,720501,0.0
8000011 - المصاريف العمومية والادارية تكامل,Operating Expense,Hospitality - 720501 - ضيافة,720501,0.0
8000020 - مصاريف بيعية وتسويقية تكامل,Operating Expense,Hospitality - 720501 - ضيافة,720501,8481.66
8000030 - تدريب وتطوير تكامل,Operating Expense,Hospitality - 720501 - ضيافة,720501,0.0
8000040 - مكتب ادارة المشاريع تكامل,Operating Expense,Hospitality - 720501 - ضيافة,720501,0.0
8000050 - الاتصال المؤسسي تكامل,Operating Expense,Hospitality - 720501 - ضيافة,720501,0.0
8000060 - منصة قياس الأثر,Operating Expense,Hospitality - 720501 - ضيافة,720501,0.0
8023010 - إنشاء مقار إدارة العمل التطوعي لخدمة ضيوف الرحمن,Operating Expense,Hospitality - 720501 - ضيافة,720501,0.0
8023020 - منهجية عمل تعزز البنية المؤسسية للمنظمات غير الربحية,Operating Expense,Hospitality - 720501 - ضيافة,720501,0.0
8023030 - رفع الوعي الفني لدى منظمات القطاع غير الربحي,Operating Expense,Hospitality - 720501 - ضيافة,720501,0.0
8024010 - مشروع تقديم خدمات تأسيس وتفعيل وحدات ومراكز العمل التطوعي,Operating Expense,Hospitality - 720501 - ضيافة,720501,0.0
8024020 - مشروع الخدمات اللوجستية للعاملين في القطاع غير الربحي,Operating Expense,Hospitality - 720501 - ضيافة,720501,0.0
8024030 - تمكين الجمعيات المتخصصة العاملة في القطاع غير الربحي,Operating Expense,Hospitality - 720501 - ضيافة,720501,0.0
8024040 - تقديم الخدمات اللوجستية للتدريب في برنامج رائد,Operating Expense,Hospitality - 720501 - ضيافة,720501,0.0
8025010 - مشروع العربة,Operating Expense,Hospitality - 720501 - ضيافة,720501,0.0
8025020 - مشروع وزارة الرياضة,Operating Expense,Hospitality - 720501 - ضيافة,720501,0.0
8025030 - تقديم 3000 ساعة عمل تطوعية لموظفين شركة الكهرباء,Operating Expense,Hospitality - 720501 - ضيافة,720501,0.0
8025040 - مصنع الابتكار - اشوكا,Operating Expense,Hospitality - 720501 - ضيافة,720501,0.0
8025050 - حصر الاحتياج التدريبي في منظومة الصحة,Operating Expense,Hospitality - 720501 - ضيافة,720501,0.0
8025060 - مجموعات عمل التطوع التكافلي,Operating Expense,Hospitality - 720501 - ضيافة,720501,0.0
8025070 - سفر الإفطار في الحرم المكي,Operating Expense,Hospitality - 720501 - ضيافة,720501,0.0
8025080 - سوق الدار,Operating Expense,Hospitality - 720501 - ضيافة,720501,0.0
8025090 - هاكاثون الوعي المعرفي,Operating Expense,Hospitality - 720501 - ضيافة,720501,0.0
8025100 - مشروع منظومة عمل إدارة دراسات الحالة,Operating Expense,Hospitality - 720501 - ضيافة,720501,0.0
8025110 - مشروع خارطة الاستثمار الاجتماعي في قطاع الشباب,Operating Expense,Hospitality - 720501 - ضيافة,720501,0.0
8025120 - مشروع تقديم خدمات استشارية لأكاديمية الفوزان,Operating Expense,Hospitality - 720501 - ضيافة,720501,0.0
8026010 - تأسيس وحدة الاستثمار الاجتماعي مع جمعية متلازمة النجاح,Operating Expense,Hospitality - 720501 - ضيافة,720501,0.0
8026020 - التأهيل للتوظيف,Operating Expense,Hospitality - 720501 - ضيافة,720501,0.0
8026030 - حاضنة أثر الطاقة الاجتماعية,Operating Expense,Hospitality - 720501 - ضيافة,720501,0.0
Untagged,Operating Expense,Hospitality - 720501 - ضيافة,720501,0.0
Overall,Operating Expense,Hotel accommodation - 620603 - إقامة فندقية,620603,6521.74
8000010 - تسوية مراكز التكلفة تكامل,Operating Expense,Hotel accommodation - 620603 - إقامة فندقية,620603,0.0
8000011 - المصاريف العمومية والادارية تكامل,Operating Expense,Hotel accommodation - 620603 - إقامة فندقية,620603,6521.74
8000020 - مصاريف بيعية وتسويقية تكامل,Operating Expense,Hotel accommodation - 620603 - إقامة فندقية,620603,0.0
8000030 - تدريب وتطوير تكامل,Operating Expense,Hotel accommodation - 620603 - إقامة فندقية,620603,0.0
8000040 - مكتب ادارة المشاريع تكامل,Operating Expense,Hotel accommodation - 620603 - إقامة فندقية,620603,0.0
8000050 - الاتصال المؤسسي تكامل,Operating Expense,Hotel accommodation - 620603 - إقامة فندقية,620603,0.0
8000060 - منصة قياس الأثر,Operating Expense,Hotel accommodation - 620603 - إقامة فندقية,620603,0.0
8023010 - إنشاء مقار إدارة العمل التطوعي لخدمة ضيوف الرحمن,Operating Expense,Hotel accommodation - 620603 - إقامة فندقية,620603,0.0
8023020 - منهجية عمل تعزز البنية المؤسسية للمنظمات غير الربحية,Operating Expense,Hotel accommodation - 620603 - إقامة فندقية,620603,0.0
8023030 - رفع الوعي الفني لدى منظمات القطاع غير الربحي,Operating Expense,Hotel accommodation - 620603 - إقامة فندقية,620603,0.0
8024010 - مشروع تقديم خدمات تأسيس وتفعيل وحدات ومراكز العمل التطوعي,Operating Expense,Hotel accommodation - 620603 - إقامة فندقية,620603,0.0
8024020 - مشروع الخدمات اللوجستية للعاملين في القطاع غير الربحي,Operating Expense,Hotel accommodation - 620603 - إقامة فندقية,620603,0.0
8024030 - تمكين الجمعيات المتخصصة العاملة في القطاع غير الربحي,Operating Expense,Hotel accommodation - 620603 - إقامة فندقية,620603,0.0
8024040 - تقديم الخدمات اللوجستية للتدريب في برنامج رائد,Operating Expense,Hotel accommodation - 620603 - إقامة فندقية,620603,0.0
8025010 - مشروع العربة,Operating Expense,Hotel accommodation - 620603 - إقامة فندقية,620603,0.0
8025020 - مشروع وزارة الرياضة,Operating Expense,Hotel accommodation - 620603 - إقامة فندقية,620603,0.0
8025030 - تقديم 3000 ساعة عمل تطوعية لموظفين شركة الكهرباء,Operating Expense,Hotel accommodation - 620603 - إقامة فندقية,620603,0.0
8025040 - مصنع الابتكار - اشوكا,Operating Expense,Hotel accommodation - 620603 - إقامة فندقية,620603,0.0
8025050 - حصر الاحتياج التدريبي في منظومة الصحة,Operating Expense,Hotel accommodation - 620603 - إقامة فندقية,620603,0.0
8025060 - مجموعات عمل التطوع التكافلي,Operating Expense,Hotel accommodation - 620603 - إقامة فندقية,620603,0.0
8025070 - سفر الإفطار في الحرم المكي,Operating Expense,Hotel accommodation - 620603 - إقامة فندقية,620603,0.0
8025080 - سوق الدار,Operating Expense,Hotel accommodation - 620603 - إقامة فندقية,620603,0.0
8025090 - هاكاثون الوعي المعرفي,Operating Expense,Hotel accommodation - 620603 - إقامة فندقية,620603,0.0
8025100 - مشروع منظومة عمل إدارة دراسات الحالة,Operating Expense,Hotel accommodation - 620603 - إقامة فندقية,620603,0.0
8025110 - مشروع خارطة الاستثمار الاجتماعي في قطاع الشباب,Operating Expense,Hotel accommodation - 620603 - إقامة فندقية,620603,0.0
8025120 - مشروع تقديم خدمات استشارية لأكاديمية الفوزان,Operating Expense,Hotel accommodation - 620603 - إقامة فندقية,620603,0.0
8026010 - تأسيس وحدة الاستثمار الاجتماعي مع جمعية متلازمة النجاح,Operating Expense,Hotel accommodation - 620603 - إقامة فندقية,620603,0.0
8026020 - التأهيل للتوظيف,Operating Expense,Hotel accommodation - 620603 - إقامة فندقية,620603,0.0
8026030 - حاضنة أثر الطاقة الاجتماعية,Operating Expense,Hotel accommodation - 620603 - إقامة فندقية,620603,0.0
Untagged,Operating Expense,Hotel accommodation - 620603 - إقامة فندقية,620603,0.0
Overall,Operating Expense,Identity Design - 721004 - تصميم هويات,721004,6720.0
8000010 - تسوية مراكز التكلفة تكامل,Operating Expense,Identity Design - 721004 - تصميم هويات,721004,0.0
8000011 - المصاريف العمومية والادارية تكامل,Operating Expense,Identity Design - 721004 - تصميم هويات,721004,0.0
8000020 - مصاريف بيعية وتسويقية تكامل,Operating Expense,Identity Design - 721004 - تصميم هويات,721004,6720.0
8000030 - تدريب وتطوير تكامل,Operating Expense,Identity Design - 721004 - تصميم هويات,721004,0.0
8000040 - مكتب ادارة المشاريع تكامل,Operating Expense,Identity Design - 721004 - تصميم هويات,721004,0.0
8000050 - الاتصال المؤسسي تكامل,Operating Expense,Identity Design - 721004 - تصميم هويات,721004,0.0
8000060 - منصة قياس الأثر,Operating Expense,Identity Design - 721004 - تصميم هويات,721004,0.0
8023010 - إنشاء مقار إدارة العمل التطوعي لخدمة ضيوف الرحمن,Operating Expense,Identity Design - 721004 - تصميم هويات,721004,0.0
8023020 - منهجية عمل تعزز البنية المؤسسية للمنظمات غير الربحية,Operating Expense,Identity Design - 721004 - تصميم هويات,721004,0.0
8023030 - رفع الوعي الفني لدى منظمات القطاع غير الربحي,Operating Expense,Identity Design - 721004 - تصميم هويات,721004,0.0
8024010 - مشروع تقديم خدمات تأسيس وتفعيل وحدات ومراكز العمل التطوعي,Operating Expense,Identity Design - 721004 - تصميم هويات,721004,0.0
8024020 - مشروع الخدمات اللوجستية للعاملين في القطاع غير الربحي,Operating Expense,Identity Design - 721004 - تصميم هويات,721004,0.0
8024030 - تمكين الجمعيات المتخصصة العاملة في القطاع غير الربحي,Operating Expense,Identity Design - 721004 - تصميم هويات,721004,0.0
8024040 - تقديم الخدمات اللوجستية للتدريب في برنامج رائد,Operating Expense,Identity Design - 721004 - تصميم هويات,721004,0.0
8025010 - مشروع العربة,Operating Expense,Identity Design - 721004 - تصميم هويات,721004,0.0
8025020 - مشروع وزارة الرياضة,Operating Expense,Identity Design - 721004 - تصميم هويات,721004,0.0
8025030 - تقديم 3000 ساعة عمل تطوعية لموظفين شركة الكهرباء,Operating Expense,Identity Design - 721004 - تصميم هويات,721004,0.0
8025040 - مصنع الابتكار - اشوكا,Operating Expense,Identity Design - 721004 - تصميم هويات,721004,0.0
8025050 - حصر الاحتياج التدريبي في منظومة الصحة,Operating Expense,Identity Design - 721004 - تصميم هويات,721004,0.0
8025060 - مجموعات عمل التطوع التكافلي,Operating Expense,Identity Design - 721004 - تصميم هويات,721004,0.0
8025070 - سفر الإفطار في الحرم المكي,Operating Expense,Identity Design - 721004 - تصميم هويات,721004,0.0
8025080 - سوق الدار,Operating Expense,Identity Design - 721004 - تصميم هويات,721004,0.0
8025090 - هاكاثون الوعي المعرفي,Operating Expense,Identity Design - 721004 - تصميم هويات,721004,0.0
8025100 - مشروع منظومة عمل إدارة دراسات الحالة,Operating Expense,Identity Design - 721004 - تصميم هويات,721004,0.0
8025110 - مشروع خارطة الاستثمار الاجتماعي في قطاع الشباب,Operating Expense,Identity Design - 721004 - تصميم هويات,721004,0.0
8025120 - مشروع تقديم خدمات استشارية لأكاديمية الفوزان,Operating Expense,Identity Design - 721004 - تصميم هويات,721004,0.0
8026010 - تأسيس وحدة الاستثمار الاجتماعي مع جمعية متلازمة النجاح,Operating Expense,Identity Design - 721004 - تصميم هويات,721004,0.0
8026020 - التأهيل للتوظيف,Operating Expense,Identity Design - 721004 - تصميم هويات,721004,0.0
8026030 - حاضنة أثر الطاقة الاجتماعية,Operating Expense,Identity Design - 721004 - تصميم هويات,721004,0.0
Untagged,Operating Expense,Identity Design - 721004 - تصميم هويات,721004,0.0
Overall,Operating Expense,Internet - 621303 - انترنت,621303,12546.61
8000010 - تسوية مراكز التكلفة تكامل,Operating Expense,Internet - 621303 - انترنت,621303,0.0
8000011 - المصاريف العمومية والادارية تكامل,Operating Expense,Internet - 621303 - انترنت,621303,12546.61
8000020 - مصاريف بيعية وتسويقية تكامل,Operating Expense,Internet - 621303 - انترنت,621303,0.0
8000030 - تدريب وتطوير تكامل,Operating Expense,Internet - 621303 - انترنت,621303,0.0
8000040 - مكتب ادارة المشاريع تكامل,Operating Expense,Internet - 621303 - انترنت,621303,0.0
8000050 - الاتصال المؤسسي تكامل,Operating Expense,Internet - 621303 - انترنت,621303,0.0
8000060 - منصة قياس الأثر,Operating Expense,Internet - 621303 - انترنت,621303,0.0
8023010 - إنشاء مقار إدارة العمل التطوعي لخدمة ضيوف الرحمن,Operating Expense,Internet - 621303 - انترنت,621303,0.0
8023020 - منهجية عمل تعزز البنية المؤسسية للمنظمات غير الربحية,Operating Expense,Internet - 621303 - انترنت,621303,0.0
8023030 - رفع الوعي الفني لدى منظمات القطاع غير الربحي,Operating Expense,Internet - 621303 - انترنت,621303,0.0
8024010 - مشروع تقديم خدمات تأسيس وتفعيل وحدات ومراكز العمل التطوعي,Operating Expense,Internet - 621303 - انترنت,621303,0.0
8024020 - مشروع الخدمات اللوجستية للعاملين في القطاع غير الربحي,Operating Expense,Internet - 621303 - انترنت,621303,0.0
8024030 - تمكين الجمعيات المتخصصة العاملة في القطاع غير الربحي,Operating Expense,Internet - 621303 - انترنت,621303,0.0
8024040 - تقديم الخدمات اللوجستية للتدريب في برنامج رائد,Operating Expense,Internet - 621303 - انترنت,621303,0.0
8025010 - مشروع العربة,Operating Expense,Internet - 621303 - انترنت,621303,0.0
8025020 - مشروع وزارة الرياضة,Operating Expense,Internet - 621303 - انترنت,621303,0.0
8025030 - تقديم 3000 ساعة عمل تطوعية لموظفين شركة الكهرباء,Operating Expense,Internet - 621303 - انترنت,621303,0.0
8025040 - مصنع الابتكار - اشوكا,Operating Expense,Internet - 621303 - انترنت,621303,0.0
8025050 - حصر الاحتياج التدريبي في منظومة الصحة,Operating Expense,Internet - 621303 - انترنت,621303,0.0
8025060 - مجموعات عمل التطوع التكافلي,Operating Expense,Internet - 621303 - انترنت,621303,0.0
8025070 - سفر الإفطار في الحرم المكي,Operating Expense,Internet - 621303 - انترنت,621303,0.0
8025080 - سوق الدار,Operating Expense,Internet - 621303 - انترنت,621303,0.0
8025090 - هاكاثون الوعي المعرفي,Operating Expense,Internet - 621303 - انترنت,621303,0.0
8025100 - مشروع منظومة عمل إدارة دراسات الحالة,Operating Expense,Internet - 621303 - انترنت,621303,0.0
8025110 - مشروع خارطة الاستثمار الاجتماعي في قطاع الشباب,Operating Expense,Internet - 621303 - انترنت,621303,0.0
8025120 - مشروع تقديم خدمات استشارية لأكاديمية الفوزان,Operating Expense,Internet - 621303 - انترنت,621303,0.0
8026010 - تأسيس وحدة الاستثمار الاجتماعي مع جمعية متلازمة النجاح,Operating Expense,Internet - 621303 - انترنت,621303,0.0
8026020 - التأهيل للتوظيف,Operating Expense,Internet - 621303 - انترنت,621303,0.0
8026030 - حاضنة أثر الطاقة الاجتماعية,Operating Expense,Internet - 621303 - انترنت,621303,0.0
Untagged,Operating Expense,Internet - 621303 - انترنت,621303,0.0
Overall,Operating Expense,Iqama renewal - 610202 - تجديد اقامات,610202,975.02
8000010 - تسوية مراكز التكلفة تكامل,Operating Expense,Iqama renewal - 610202 - تجديد اقامات,610202,0.0
8000011 - المصاريف العمومية والادارية تكامل,Operating Expense,Iqama renewal - 610202 - تجديد اقامات,610202,650.0
8000020 - مصاريف بيعية وتسويقية تكامل,Operating Expense,Iqama renewal - 610202 - تجديد اقامات,610202,0.0
8000030 - تدريب وتطوير تكامل,Operating Expense,Iqama renewal - 610202 - تجديد اقامات,610202,0.0
8000040 - مكتب ادارة المشاريع تكامل,Operating Expense,Iqama renewal - 610202 - تجديد اقامات,610202,325.02
8000050 - الاتصال المؤسسي تكامل,Operating Expense,Iqama renewal - 610202 - تجديد اقامات,610202,0.0
8000060 - منصة قياس الأثر,Operating Expense,Iqama renewal - 610202 - تجديد اقامات,610202,0.0
8023010 - إنشاء مقار إدارة العمل التطوعي لخدمة ضيوف الرحمن,Operating Expense,Iqama renewal - 610202 - تجديد اقامات,610202,0.0
8023020 - منهجية عمل تعزز البنية المؤسسية للمنظمات غير الربحية,Operating Expense,Iqama renewal - 610202 - تجديد اقامات,610202,0.0
8023030 - رفع الوعي الفني لدى منظمات القطاع غير الربحي,Operating Expense,Iqama renewal - 610202 - تجديد اقامات,610202,0.0
8024010 - مشروع تقديم خدمات تأسيس وتفعيل وحدات ومراكز العمل التطوعي,Operating Expense,Iqama renewal - 610202 - تجديد اقامات,610202,0.0
8024020 - مشروع الخدمات اللوجستية للعاملين في القطاع غير الربحي,Operating Expense,Iqama renewal - 610202 - تجديد اقامات,610202,0.0
8024030 - تمكين الجمعيات المتخصصة العاملة في القطاع غير الربحي,Operating Expense,Iqama renewal - 610202 - تجديد اقامات,610202,0.0
8024040 - تقديم الخدمات اللوجستية للتدريب في برنامج رائد,Operating Expense,Iqama renewal - 610202 - تجديد اقامات,610202,0.0
8025010 - مشروع العربة,Operating Expense,Iqama renewal - 610202 - تجديد اقامات,610202,0.0
8025020 - مشروع وزارة الرياضة,Operating Expense,Iqama renewal - 610202 - تجديد اقامات,610202,0.0
8025030 - تقديم 3000 ساعة عمل تطوعية لموظفين شركة الكهرباء,Operating Expense,Iqama renewal - 610202 - تجديد اقامات,610202,0.0
8025040 - مصنع الابتكار - اشوكا,Operating Expense,Iqama renewal - 610202 - تجديد اقامات,610202,0.0
8025050 - حصر الاحتياج التدريبي في منظومة الصحة,Operating Expense,Iqama renewal - 610202 - تجديد اقامات,610202,0.0
8025060 - مجموعات عمل التطوع التكافلي,Operating Expense,Iqama renewal - 610202 - تجديد اقامات,610202,0.0
8025070 - سفر الإفطار في الحرم المكي,Operating Expense,Iqama renewal - 610202 - تجديد اقامات,610202,0.0
8025080 - سوق الدار,Operating Expense,Iqama renewal - 610202 - تجديد اقامات,610202,0.0
8025090 - هاكاثون الوعي المعرفي,Operating Expense,Iqama renewal - 610202 - تجديد اقامات,610202,0.0
8025100 - مشروع منظومة عمل إدارة دراسات الحالة,Operating Expense,Iqama renewal - 610202 - تجديد اقامات,610202,0.0
8025110 - مشروع خارطة الاستثمار الاجتماعي في قطاع الشباب,Operating Expense,Iqama renewal - 610202 - تجديد اقامات,610202,0.0
8025120 - مشروع تقديم خدمات استشارية لأكاديمية الفوزان,Operating Expense,Iqama renewal - 610202 - تجديد اقامات,610202,0.0
8026010 - تأسيس وحدة الاستثمار الاجتماعي مع جمعية متلازمة النجاح,Operating Expense,Iqama renewal - 610202 - تجديد اقامات,610202,0.0
8026020 - التأهيل للتوظيف,Operating Expense,Iqama renewal - 610202 - تجديد اقامات,610202,0.0
8026030 - حاضنة أثر الطاقة الاجتماعية,Operating Expense,Iqama renewal - 610202 - تجديد اقامات,610202,0.0
Untagged,Operating Expense,Iqama renewal - 610202 - تجديد اقامات,610202,0.0
Overall,Operating Expense,Labor office fees - 610203 - رسوم مكتب العمل والمقابل المالي,610203,8550.04
8000010 - تسوية مراكز التكلفة تكامل,Operating Expense,Labor office fees - 610203 - رسوم مكتب العمل والمقابل المالي,610203,0.0
8000011 - المصاريف العمومية والادارية تكامل,Operating Expense,Labor office fees - 610203 - رسوم مكتب العمل والمقابل المالي,610203,4300.0
8000020 - مصاريف بيعية وتسويقية تكامل,Operating Expense,Labor office fees - 610203 - رسوم مكتب العمل والمقابل المالي,610203,0.0
8000030 - تدريب وتطوير تكامل,Operating Expense,Labor office fees - 610203 - رسوم مكتب العمل والمقابل المالي,610203,0.0
8000040 - مكتب ادارة المشاريع تكامل,Operating Expense,Labor office fees - 610203 - رسوم مكتب العمل والمقابل المالي,610203,4250.04
8000050 - الاتصال المؤسسي تكامل,Operating Expense,Labor office fees - 610203 - رسوم مكتب العمل والمقابل المالي,610203,0.0
8000060 - منصة قياس الأثر,Operating Expense,Labor office fees - 610203 - رسوم مكتب العمل والمقابل المالي,610203,0.0
8023010 - إنشاء مقار إدارة العمل التطوعي لخدمة ضيوف الرحمن,Operating Expense,Labor office fees - 610203 - رسوم مكتب العمل والمقابل المالي,610203,0.0
8023020 - منهجية عمل تعزز البنية المؤسسية للمنظمات غير الربحية,Operating Expense,Labor office fees - 610203 - رسوم مكتب العمل والمقابل المالي,610203,0.0
8023030 - رفع الوعي الفني لدى منظمات القطاع غير الربحي,Operating Expense,Labor office fees - 610203 - رسوم مكتب العمل والمقابل المالي,610203,0.0
8024010 - مشروع تقديم خدمات تأسيس وتفعيل وحدات ومراكز العمل التطوعي,Operating Expense,Labor office fees - 610203 - رسوم مكتب العمل والمقابل المالي,610203,0.0
8024020 - مشروع الخدمات اللوجستية للعاملين في القطاع غير الربحي,Operating Expense,Labor office fees - 610203 - رسوم مكتب العمل والمقابل المالي,610203,0.0
8024030 - تمكين الجمعيات المتخصصة العاملة في القطاع غير الربحي,Operating Expense,Labor office fees - 610203 - رسوم مكتب العمل والمقابل المالي,610203,0.0
8024040 - تقديم الخدمات اللوجستية للتدريب في برنامج رائد,Operating Expense,Labor office fees - 610203 - رسوم مكتب العمل والمقابل المالي,610203,0.0
8025010 - مشروع العربة,Operating Expense,Labor office fees - 610203 - رسوم مكتب العمل والمقابل المالي,610203,0.0
8025020 - مشروع وزارة الرياضة,Operating Expense,Labor office fees - 610203 - رسوم مكتب العمل والمقابل المالي,610203,0.0
8025030 - تقديم 3000 ساعة عمل تطوعية لموظفين شركة الكهرباء,Operating Expense,Labor office fees - 610203 - رسوم مكتب العمل والمقابل المالي,610203,0.0
8025040 - مصنع الابتكار - اشوكا,Operating Expense,Labor office fees - 610203 - رسوم مكتب العمل والمقابل المالي,610203,0.0
8025050 - حصر الاحتياج التدريبي في منظومة الصحة,Operating Expense,Labor office fees - 610203 - رسوم مكتب العمل والمقابل المالي,610203,0.0
8025060 - مجموعات عمل التطوع التكافلي,Operating Expense,Labor office fees - 610203 - رسوم مكتب العمل والمقابل المالي,610203,0.0
8025070 - سفر الإفطار في الحرم المكي,Operating Expense,Labor office fees - 610203 - رسوم مكتب العمل والمقابل المالي,610203,0.0
8025080 - سوق الدار,Operating Expense,Labor office fees - 610203 - رسوم مكتب العمل والمقابل المالي,610203,0.0
8025090 - هاكاثون الوعي المعرفي,Operating Expense,Labor office fees - 610203 - رسوم مكتب العمل والمقابل المالي,610203,0.0
8025100 - مشروع منظومة عمل إدارة دراسات الحالة,Operating Expense,Labor office fees - 610203 - رسوم مكتب العمل والمقابل المالي,610203,0.0
8025110 - مشروع خارطة الاستثمار الاجتماعي في قطاع الشباب,Operating Expense,Labor office fees - 610203 - رسوم مكتب العمل والمقابل المالي,610203,0.0
8025120 - مشروع تقديم خدمات استشارية لأكاديمية الفوزان,Operating Expense,Labor office fees - 610203 - رسوم مكتب العمل والمقابل المالي,610203,0.0
8026010 - تأسيس وحدة الاستثمار الاجتماعي مع جمعية متلازمة النجاح,Operating Expense,Labor office fees - 610203 - رسوم مكتب العمل والمقابل المالي,610203,0.0
8026020 - التأهيل للتوظيف,Operating Expense,Labor office fees - 610203 - رسوم مكتب العمل والمقابل المالي,610203,0.0
8026030 - حاضنة أثر الطاقة الاجتماعية,Operating Expense,Labor office fees - 610203 - رسوم مكتب العمل والمقابل المالي,610203,0.0
Untagged,Operating Expense,Labor office fees - 610203 - رسوم مكتب العمل والمقابل المالي,610203,0.0
Overall,Operating Expense,Licence fees - 610301 - رسوم سجلات ورخص,610301,5986.71
8000010 - تسوية مراكز التكلفة تكامل,Operating Expense,Licence fees - 610301 - رسوم سجلات ورخص,610301,0.0
8000011 - المصاريف العمومية والادارية تكامل,Operating Expense,Licence fees - 610301 - رسوم سجلات ورخص,610301,5986.71
8000020 - مصاريف بيعية وتسويقية تكامل,Operating Expense,Licence fees - 610301 - رسوم سجلات ورخص,610301,0.0
8000030 - تدريب وتطوير تكامل,Operating Expense,Licence fees - 610301 - رسوم سجلات ورخص,610301,0.0
8000040 - مكتب ادارة المشاريع تكامل,Operating Expense,Licence fees - 610301 - رسوم سجلات ورخص,610301,0.0
8000050 - الاتصال المؤسسي تكامل,Operating Expense,Licence fees - 610301 - رسوم سجلات ورخص,610301,0.0
8000060 - منصة قياس الأثر,Operating Expense,Licence fees - 610301 - رسوم سجلات ورخص,610301,0.0
8023010 - إنشاء مقار إدارة العمل التطوعي لخدمة ضيوف الرحمن,Operating Expense,Licence fees - 610301 - رسوم سجلات ورخص,610301,0.0
8023020 - منهجية عمل تعزز البنية المؤسسية للمنظمات غير الربحية,Operating Expense,Licence fees - 610301 - رسوم سجلات ورخص,610301,0.0
8023030 - رفع الوعي الفني لدى منظمات القطاع غير الربحي,Operating Expense,Licence fees - 610301 - رسوم سجلات ورخص,610301,0.0
8024010 - مشروع تقديم خدمات تأسيس وتفعيل وحدات ومراكز العمل التطوعي,Operating Expense,Licence fees - 610301 - رسوم سجلات ورخص,610301,0.0
8024020 - مشروع الخدمات اللوجستية للعاملين في القطاع غير الربحي,Operating Expense,Licence fees - 610301 - رسوم سجلات ورخص,610301,0.0
8024030 - تمكين الجمعيات المتخصصة العاملة في القطاع غير الربحي,Operating Expense,Licence fees - 610301 - رسوم سجلات ورخص,610301,0.0
8024040 - تقديم الخدمات اللوجستية للتدريب في برنامج رائد,Operating Expense,Licence fees - 610301 - رسوم سجلات ورخص,610301,0.0
8025010 - مشروع العربة,Operating Expense,Licence fees - 610301 - رسوم سجلات ورخص,610301,0.0
8025020 - مشروع وزارة الرياضة,Operating Expense,Licence fees - 610301 - رسوم سجلات ورخص,610301,0.0
8025030 - تقديم 3000 ساعة عمل تطوعية لموظفين شركة الكهرباء,Operating Expense,Licence fees - 610301 - رسوم سجلات ورخص,610301,0.0
8025040 - مصنع الابتكار - اشوكا,Operating Expense,Licence fees - 610301 - رسوم سجلات ورخص,610301,0.0
8025050 - حصر الاحتياج التدريبي في منظومة الصحة,Operating Expense,Licence fees - 610301 - رسوم سجلات ورخص,610301,0.0
8025060 - مجموعات عمل التطوع التكافلي,Operating Expense,Licence fees - 610301 - رسوم سجلات ورخص,610301,0.0
8025070 - سفر الإفطار في الحرم المكي,Operating Expense,Licence fees - 610301 - رسوم سجلات ورخص,610301,0.0
8025080 - سوق الدار,Operating Expense,Licence fees - 610301 - رسوم سجلات ورخص,610301,0.0
8025090 - هاكاثون الوعي المعرفي,Operating Expense,Licence fees - 610301 - رسوم سجلات ورخص,610301,0.0
8025100 - مشروع منظومة عمل إدارة دراسات الحالة,Operating Expense,Licence fees - 610301 - رسوم سجلات ورخص,610301,0.0
8025110 - مشروع خارطة الاستثمار الاجتماعي في قطاع الشباب,Operating Expense,Licence fees - 610301 - رسوم سجلات ورخص,610301,0.0
8025120 - مشروع تقديم خدمات استشارية لأكاديمية الفوزان,Operating Expense,Licence fees - 610301 - رسوم سجلات ورخص,610301,0.0
8026010 - تأسيس وحدة الاستثمار الاجتماعي مع جمعية متلازمة النجاح,Operating Expense,Licence fees - 610301 - رسوم سجلات ورخص,610301,0.0
8026020 - التأهيل للتوظيف,Operating Expense,Licence fees - 610301 - رسوم سجلات ورخص,610301,0.0
8026030 - حاضنة أثر الطاقة الاجتماعية,Operating Expense,Licence fees - 610301 - رسوم سجلات ورخص,610301,0.0
Untagged,Operating Expense,Licence fees - 610301 - رسوم سجلات ورخص,610301,0.0
Overall,Operating Expense,Logistic & transportation fees - 620105 - اتعاب لوجستية ونقل,620105,5589.84
8000010 - تسوية مراكز التكلفة تكامل,Operating Expense,Logistic & transportation fees - 620105 - اتعاب لوجستية ونقل,620105,0.0
8000011 - المصاريف العمومية والادارية تكامل,Operating Expense,Logistic & transportation fees - 620105 - اتعاب لوجستية ونقل,620105,5589.84
8000020 - مصاريف بيعية وتسويقية تكامل,Operating Expense,Logistic & transportation fees - 620105 - اتعاب لوجستية ونقل,620105,0.0
8000030 - تدريب وتطوير تكامل,Operating Expense,Logistic & transportation fees - 620105 - اتعاب لوجستية ونقل,620105,0.0
8000040 - مكتب ادارة المشاريع تكامل,Operating Expense,Logistic & transportation fees - 620105 - اتعاب لوجستية ونقل,620105,0.0
8000050 - الاتصال المؤسسي تكامل,Operating Expense,Logistic & transportation fees - 620105 - اتعاب لوجستية ونقل,620105,0.0
8000060 - منصة قياس الأثر,Operating Expense,Logistic & transportation fees - 620105 - اتعاب لوجستية ونقل,620105,0.0
8023010 - إنشاء مقار إدارة العمل التطوعي لخدمة ضيوف الرحمن,Operating Expense,Logistic & transportation fees - 620105 - اتعاب لوجستية ونقل,620105,0.0
8023020 - منهجية عمل تعزز البنية المؤسسية للمنظمات غير الربحية,Operating Expense,Logistic & transportation fees - 620105 - اتعاب لوجستية ونقل,620105,0.0
8023030 - رفع الوعي الفني لدى منظمات القطاع غير الربحي,Operating Expense,Logistic & transportation fees - 620105 - اتعاب لوجستية ونقل,620105,0.0
8024010 - مشروع تقديم خدمات تأسيس وتفعيل وحدات ومراكز العمل التطوعي,Operating Expense,Logistic & transportation fees - 620105 - اتعاب لوجستية ونقل,620105,0.0
8024020 - مشروع الخدمات اللوجستية للعاملين في القطاع غير الربحي,Operating Expense,Logistic & transportation fees - 620105 - اتعاب لوجستية ونقل,620105,0.0
8024030 - تمكين الجمعيات المتخصصة العاملة في القطاع غير الربحي,Operating Expense,Logistic & transportation fees - 620105 - اتعاب لوجستية ونقل,620105,0.0
8024040 - تقديم الخدمات اللوجستية للتدريب في برنامج رائد,Operating Expense,Logistic & transportation fees - 620105 - اتعاب لوجستية ونقل,620105,0.0
8025010 - مشروع العربة,Operating Expense,Logistic & transportation fees - 620105 - اتعاب لوجستية ونقل,620105,0.0
8025020 - مشروع وزارة الرياضة,Operating Expense,Logistic & transportation fees - 620105 - اتعاب لوجستية ونقل,620105,0.0
8025030 - تقديم 3000 ساعة عمل تطوعية لموظفين شركة الكهرباء,Operating Expense,Logistic & transportation fees - 620105 - اتعاب لوجستية ونقل,620105,0.0
8025040 - مصنع الابتكار - اشوكا,Operating Expense,Logistic & transportation fees - 620105 - اتعاب لوجستية ونقل,620105,0.0
8025050 - حصر الاحتياج التدريبي في منظومة الصحة,Operating Expense,Logistic & transportation fees - 620105 - اتعاب لوجستية ونقل,620105,0.0
8025060 - مجموعات عمل التطوع التكافلي,Operating Expense,Logistic & transportation fees - 620105 - اتعاب لوجستية ونقل,620105,0.0
8025070 - سفر الإفطار في الحرم المكي,Operating Expense,Logistic & transportation fees - 620105 - اتعاب لوجستية ونقل,620105,0.0
8025080 - سوق الدار,Operating Expense,Logistic & transportation fees - 620105 - اتعاب لوجستية ونقل,620105,0.0
8025090 - هاكاثون الوعي المعرفي,Operating Expense,Logistic & transportation fees - 620105 - اتعاب لوجستية ونقل,620105,0.0
8025100 - مشروع منظومة عمل إدارة دراسات الحالة,Operating Expense,Logistic & transportation fees - 620105 - اتعاب لوجستية ونقل,620105,0.0
8025110 - مشروع خارطة الاستثمار الاجتماعي في قطاع الشباب,Operating Expense,Logistic & transportation fees - 620105 - اتعاب لوجستية ونقل,620105,0.0
8025120 - مشروع تقديم خدمات استشارية لأكاديمية الفوزان,Operating Expense,Logistic & transportation fees - 620105 - اتعاب لوجستية ونقل,620105,0.0
8026010 - تأسيس وحدة الاستثمار الاجتماعي مع جمعية متلازمة النجاح,Operating Expense,Logistic & transportation fees - 620105 - اتعاب لوجستية ونقل,620105,0.0
8026020 - التأهيل للتوظيف,Operating Expense,Logistic & transportation fees - 620105 - اتعاب لوجستية ونقل,620105,0.0
8026030 - حاضنة أثر الطاقة الاجتماعية,Operating Expense,Logistic & transportation fees - 620105 - اتعاب لوجستية ونقل,620105,0.0
Untagged,Operating Expense,Logistic & transportation fees - 620105 - اتعاب لوجستية ونقل,620105,0.0
Overall,Operating Expense,Logistic & transportation fees - 720105 - اتعاب لوجستية ونقل,720105,24.63
8000010 - تسوية مراكز التكلفة تكامل,Operating Expense,Logistic & transportation fees - 720105 - اتعاب لوجستية ونقل,720105,0.0
8000011 - المصاريف العمومية والادارية تكامل,Operating Expense,Logistic & transportation fees - 720105 - اتعاب لوجستية ونقل,720105,0.0
8000020 - مصاريف بيعية وتسويقية تكامل,Operating Expense,Logistic & transportation fees - 720105 - اتعاب لوجستية ونقل,720105,24.63
8000030 - تدريب وتطوير تكامل,Operating Expense,Logistic & transportation fees - 720105 - اتعاب لوجستية ونقل,720105,0.0
8000040 - مكتب ادارة المشاريع تكامل,Operating Expense,Logistic & transportation fees - 720105 - اتعاب لوجستية ونقل,720105,0.0
8000050 - الاتصال المؤسسي تكامل,Operating Expense,Logistic & transportation fees - 720105 - اتعاب لوجستية ونقل,720105,0.0
8000060 - منصة قياس الأثر,Operating Expense,Logistic & transportation fees - 720105 - اتعاب لوجستية ونقل,720105,0.0
8023010 - إنشاء مقار إدارة العمل التطوعي لخدمة ضيوف الرحمن,Operating Expense,Logistic & transportation fees - 720105 - اتعاب لوجستية ونقل,720105,0.0
8023020 - منهجية عمل تعزز البنية المؤسسية للمنظمات غير الربحية,Operating Expense,Logistic & transportation fees - 720105 - اتعاب لوجستية ونقل,720105,0.0
8023030 - رفع الوعي الفني لدى منظمات القطاع غير الربحي,Operating Expense,Logistic & transportation fees - 720105 - اتعاب لوجستية ونقل,720105,0.0
8024010 - مشروع تقديم خدمات تأسيس وتفعيل وحدات ومراكز العمل التطوعي,Operating Expense,Logistic & transportation fees - 720105 - اتعاب لوجستية ونقل,720105,0.0
8024020 - مشروع الخدمات اللوجستية للعاملين في القطاع غير الربحي,Operating Expense,Logistic & transportation fees - 720105 - اتعاب لوجستية ونقل,720105,0.0
8024030 - تمكين الجمعيات المتخصصة العاملة في القطاع غير الربحي,Operating Expense,Logistic & transportation fees - 720105 - اتعاب لوجستية ونقل,720105,0.0
8024040 - تقديم الخدمات اللوجستية للتدريب في برنامج رائد,Operating Expense,Logistic & transportation fees - 720105 - اتعاب لوجستية ونقل,720105,0.0
8025010 - مشروع العربة,Operating Expense,Logistic & transportation fees - 720105 - اتعاب لوجستية ونقل,720105,0.0
8025020 - مشروع وزارة الرياضة,Operating Expense,Logistic & transportation fees - 720105 - اتعاب لوجستية ونقل,720105,0.0
8025030 - تقديم 3000 ساعة عمل تطوعية لموظفين شركة الكهرباء,Operating Expense,Logistic & transportation fees - 720105 - اتعاب لوجستية ونقل,720105,0.0
8025040 - مصنع الابتكار - اشوكا,Operating Expense,Logistic & transportation fees - 720105 - اتعاب لوجستية ونقل,720105,0.0
8025050 - حصر الاحتياج التدريبي في منظومة الصحة,Operating Expense,Logistic & transportation fees - 720105 - اتعاب لوجستية ونقل,720105,0.0
8025060 - مجموعات عمل التطوع التكافلي,Operating Expense,Logistic & transportation fees - 720105 - اتعاب لوجستية ونقل,720105,0.0
8025070 - سفر الإفطار في الحرم المكي,Operating Expense,Logistic & transportation fees - 720105 - اتعاب لوجستية ونقل,720105,0.0
8025080 - سوق الدار,Operating Expense,Logistic & transportation fees - 720105 - اتعاب لوجستية ونقل,720105,0.0
8025090 - هاكاثون الوعي المعرفي,Operating Expense,Logistic & transportation fees - 720105 - اتعاب لوجستية ونقل,720105,0.0
8025100 - مشروع منظومة عمل إدارة دراسات الحالة,Operating Expense,Logistic & transportation fees - 720105 - اتعاب لوجستية ونقل,720105,0.0
8025110 - مشروع خارطة الاستثمار الاجتماعي في قطاع الشباب,Operating Expense,Logistic & transportation fees - 720105 - اتعاب لوجستية ونقل,720105,0.0
8025120 - مشروع تقديم خدمات استشارية لأكاديمية الفوزان,Operating Expense,Logistic & transportation fees - 720105 - اتعاب لوجستية ونقل,720105,0.0
8026010 - تأسيس وحدة الاستثمار الاجتماعي مع جمعية متلازمة النجاح,Operating Expense,Logistic & transportation fees - 720105 - اتعاب لوجستية ونقل,720105,0.0
8026020 - التأهيل للتوظيف,Operating Expense,Logistic & transportation fees - 720105 - اتعاب لوجستية ونقل,720105,0.0
8026030 - حاضنة أثر الطاقة الاجتماعية,Operating Expense,Logistic & transportation fees - 720105 - اتعاب لوجستية ونقل,720105,0.0
Untagged,Operating Expense,Logistic & transportation fees - 720105 - اتعاب لوجستية ونقل,720105,0.0
Overall,Operating Expense,Marketing commission - 730107 - عمولات تسويق,730107,34149.05
8000010 - تسوية مراكز التكلفة تكامل,Operating Expense,Marketing commission - 730107 - عمولات تسويق,730107,0.0
8000011 - المصاريف العمومية والادارية تكامل,Operating Expense,Marketing commission - 730107 - عمولات تسويق,730107,0.0
8000020 - مصاريف بيعية وتسويقية تكامل,Operating Expense,Marketing commission - 730107 - عمولات تسويق,730107,0.0
8000030 - تدريب وتطوير تكامل,Operating Expense,Marketing commission - 730107 - عمولات تسويق,730107,0.0
8000040 - مكتب ادارة المشاريع تكامل,Operating Expense,Marketing commission - 730107 - عمولات تسويق,730107,0.0
8000050 - الاتصال المؤسسي تكامل,Operating Expense,Marketing commission - 730107 - عمولات تسويق,730107,0.0
8000060 - منصة قياس الأثر,Operating Expense,Marketing commission - 730107 - عمولات تسويق,730107,0.0
8023010 - إنشاء مقار إدارة العمل التطوعي لخدمة ضيوف الرحمن,Operating Expense,Marketing commission - 730107 - عمولات تسويق,730107,0.0
8023020 - منهجية عمل تعزز البنية المؤسسية للمنظمات غير الربحية,Operating Expense,Marketing commission - 730107 - عمولات تسويق,730107,0.0
8023030 - رفع الوعي الفني لدى منظمات القطاع غير الربحي,Operating Expense,Marketing commission - 730107 - عمولات تسويق,730107,0.0
8024010 - مشروع تقديم خدمات تأسيس وتفعيل وحدات ومراكز العمل التطوعي,Operating Expense,Marketing commission - 730107 - عمولات تسويق,730107,0.0
8024020 - مشروع الخدمات اللوجستية للعاملين في القطاع غير الربحي,Operating Expense,Marketing commission - 730107 - عمولات تسويق,730107,0.0
8024030 - تمكين الجمعيات المتخصصة العاملة في القطاع غير الربحي,Operating Expense,Marketing commission - 730107 - عمولات تسويق,730107,0.0
8024040 - تقديم الخدمات اللوجستية للتدريب في برنامج رائد,Operating Expense,Marketing commission - 730107 - عمولات تسويق,730107,33000.0
8025010 - مشروع العربة,Operating Expense,Marketing commission - 730107 - عمولات تسويق,730107,0.0
8025020 - مشروع وزارة الرياضة,Operating Expense,Marketing commission - 730107 - عمولات تسويق,730107,0.0
8025030 - تقديم 3000 ساعة عمل تطوعية لموظفين شركة الكهرباء,Operating Expense,Marketing commission - 730107 - عمولات تسويق,730107,0.0
8025040 - مصنع الابتكار - اشوكا,Operating Expense,Marketing commission - 730107 - عمولات تسويق,730107,1149.05
8025050 - حصر الاحتياج التدريبي في منظومة الصحة,Operating Expense,Marketing commission - 730107 - عمولات تسويق,730107,0.0
8025060 - مجموعات عمل التطوع التكافلي,Operating Expense,Marketing commission - 730107 - عمولات تسويق,730107,0.0
8025070 - سفر الإفطار في الحرم المكي,Operating Expense,Marketing commission - 730107 - عمولات تسويق,730107,0.0
8025080 - سوق الدار,Operating Expense,Marketing commission - 730107 - عمولات تسويق,730107,0.0
8025090 - هاكاثون الوعي المعرفي,Operating Expense,Marketing commission - 730107 - عمولات تسويق,730107,0.0
8025100 - مشروع منظومة عمل إدارة دراسات الحالة,Operating Expense,Marketing commission - 730107 - عمولات تسويق,730107,0.0
8025110 - مشروع خارطة الاستثمار الاجتماعي في قطاع الشباب,Operating Expense,Marketing commission - 730107 - عمولات تسويق,730107,0.0
8025120 - مشروع تقديم خدمات استشارية لأكاديمية الفوزان,Operating Expense,Marketing commission - 730107 - عمولات تسويق,730107,0.0
8026010 - تأسيس وحدة الاستثمار الاجتماعي مع جمعية متلازمة النجاح,Operating Expense,Marketing commission - 730107 - عمولات تسويق,730107,0.0
8026020 - التأهيل للتوظيف,Operating Expense,Marketing commission - 730107 - عمولات تسويق,730107,0.0
8026030 - حاضنة أثر الطاقة الاجتماعية,Operating Expense,Marketing commission - 730107 - عمولات تسويق,730107,0.0
Untagged,Operating Expense,Marketing commission - 730107 - عمولات تسويق,730107,0.0
Overall,Operating Expense,Medical expenses - 630117 - مصاريف علاج طبي,630117,1374.71
8000010 - تسوية مراكز التكلفة تكامل,Operating Expense,Medical expenses - 630117 - مصاريف علاج طبي,630117,0.0
8000011 - المصاريف العمومية والادارية تكامل,Operating Expense,Medical expenses - 630117 - مصاريف علاج طبي,630117,1374.71
8000020 - مصاريف بيعية وتسويقية تكامل,Operating Expense,Medical expenses - 630117 - مصاريف علاج طبي,630117,0.0
8000030 - تدريب وتطوير تكامل,Operating Expense,Medical expenses - 630117 - مصاريف علاج طبي,630117,0.0
8000040 - مكتب ادارة المشاريع تكامل,Operating Expense,Medical expenses - 630117 - مصاريف علاج طبي,630117,0.0
8000050 - الاتصال المؤسسي تكامل,Operating Expense,Medical expenses - 630117 - مصاريف علاج طبي,630117,0.0
8000060 - منصة قياس الأثر,Operating Expense,Medical expenses - 630117 - مصاريف علاج طبي,630117,0.0
8023010 - إنشاء مقار إدارة العمل التطوعي لخدمة ضيوف الرحمن,Operating Expense,Medical expenses - 630117 - مصاريف علاج طبي,630117,0.0
8023020 - منهجية عمل تعزز البنية المؤسسية للمنظمات غير الربحية,Operating Expense,Medical expenses - 630117 - مصاريف علاج طبي,630117,0.0
8023030 - رفع الوعي الفني لدى منظمات القطاع غير الربحي,Operating Expense,Medical expenses - 630117 - مصاريف علاج طبي,630117,0.0
8024010 - مشروع تقديم خدمات تأسيس وتفعيل وحدات ومراكز العمل التطوعي,Operating Expense,Medical expenses - 630117 - مصاريف علاج طبي,630117,0.0
8024020 - مشروع الخدمات اللوجستية للعاملين في القطاع غير الربحي,Operating Expense,Medical expenses - 630117 - مصاريف علاج طبي,630117,0.0
8024030 - تمكين الجمعيات المتخصصة العاملة في القطاع غير الربحي,Operating Expense,Medical expenses - 630117 - مصاريف علاج طبي,630117,0.0
8024040 - تقديم الخدمات اللوجستية للتدريب في برنامج رائد,Operating Expense,Medical expenses - 630117 - مصاريف علاج طبي,630117,0.0
8025010 - مشروع العربة,Operating Expense,Medical expenses - 630117 - مصاريف علاج طبي,630117,0.0
8025020 - مشروع وزارة الرياضة,Operating Expense,Medical expenses - 630117 - مصاريف علاج طبي,630117,0.0
8025030 - تقديم 3000 ساعة عمل تطوعية لموظفين شركة الكهرباء,Operating Expense,Medical expenses - 630117 - مصاريف علاج طبي,630117,0.0
8025040 - مصنع الابتكار - اشوكا,Operating Expense,Medical expenses - 630117 - مصاريف علاج طبي,630117,0.0
8025050 - حصر الاحتياج التدريبي في منظومة الصحة,Operating Expense,Medical expenses - 630117 - مصاريف علاج طبي,630117,0.0
8025060 - مجموعات عمل التطوع التكافلي,Operating Expense,Medical expenses - 630117 - مصاريف علاج طبي,630117,0.0
8025070 - سفر الإفطار في الحرم المكي,Operating Expense,Medical expenses - 630117 - مصاريف علاج طبي,630117,0.0
8025080 - سوق الدار,Operating Expense,Medical expenses - 630117 - مصاريف علاج طبي,630117,0.0
8025090 - هاكاثون الوعي المعرفي,Operating Expense,Medical expenses - 630117 - مصاريف علاج طبي,630117,0.0
8025100 - مشروع منظومة عمل إدارة دراسات الحالة,Operating Expense,Medical expenses - 630117 - مصاريف علاج طبي,630117,0.0
8025110 - مشروع خارطة الاستثمار الاجتماعي في قطاع الشباب,Operating Expense,Medical expenses - 630117 - مصاريف علاج طبي,630117,0.0
8025120 - مشروع تقديم خدمات استشارية لأكاديمية الفوزان,Operating Expense,Medical expenses - 630117 - مصاريف علاج طبي,630117,0.0
8026010 - تأسيس وحدة الاستثمار الاجتماعي مع جمعية متلازمة النجاح,Operating Expense,Medical expenses - 630117 - مصاريف علاج طبي,630117,0.0
8026020 - التأهيل للتوظيف,Operating Expense,Medical expenses - 630117 - مصاريف علاج طبي,630117,0.0
8026030 - حاضنة أثر الطاقة الاجتماعية,Operating Expense,Medical expenses - 630117 - مصاريف علاج طبي,630117,0.0
Untagged,Operating Expense,Medical expenses - 630117 - مصاريف علاج طبي,630117,0.0
Overall,Operating Expense,Medical insurance - 610104 - تامين طبي,610104,65527.47
8000010 - تسوية مراكز التكلفة تكامل,Operating Expense,Medical insurance - 610104 - تامين طبي,610104,0.0
8000011 - المصاريف العمومية والادارية تكامل,Operating Expense,Medical insurance - 610104 - تامين طبي,610104,59564.24
8000020 - مصاريف بيعية وتسويقية تكامل,Operating Expense,Medical insurance - 610104 - تامين طبي,610104,0.0
8000030 - تدريب وتطوير تكامل,Operating Expense,Medical insurance - 610104 - تامين طبي,610104,0.0
8000040 - مكتب ادارة المشاريع تكامل,Operating Expense,Medical insurance - 610104 - تامين طبي,610104,5963.23
8000050 - الاتصال المؤسسي تكامل,Operating Expense,Medical insurance - 610104 - تامين طبي,610104,0.0
8000060 - منصة قياس الأثر,Operating Expense,Medical insurance - 610104 - تامين طبي,610104,0.0
8023010 - إنشاء مقار إدارة العمل التطوعي لخدمة ضيوف الرحمن,Operating Expense,Medical insurance - 610104 - تامين طبي,610104,0.0
8023020 - منهجية عمل تعزز البنية المؤسسية للمنظمات غير الربحية,Operating Expense,Medical insurance - 610104 - تامين طبي,610104,0.0
8023030 - رفع الوعي الفني لدى منظمات القطاع غير الربحي,Operating Expense,Medical insurance - 610104 - تامين طبي,610104,0.0
8024010 - مشروع تقديم خدمات تأسيس وتفعيل وحدات ومراكز العمل التطوعي,Operating Expense,Medical insurance - 610104 - تامين طبي,610104,0.0
8024020 - مشروع الخدمات اللوجستية للعاملين في القطاع غير الربحي,Operating Expense,Medical insurance - 610104 - تامين طبي,610104,0.0
8024030 - تمكين الجمعيات المتخصصة العاملة في القطاع غير الربحي,Operating Expense,Medical insurance - 610104 - تامين طبي,610104,0.0
8024040 - تقديم الخدمات اللوجستية للتدريب في برنامج رائد,Operating Expense,Medical insurance - 610104 - تامين طبي,610104,0.0
8025010 - مشروع العربة,Operating Expense,Medical insurance - 610104 - تامين طبي,610104,0.0
8025020 - مشروع وزارة الرياضة,Operating Expense,Medical insurance - 610104 - تامين طبي,610104,0.0
8025030 - تقديم 3000 ساعة عمل تطوعية لموظفين شركة الكهرباء,Operating Expense,Medical insurance - 610104 - تامين طبي,610104,0.0
8025040 - مصنع الابتكار - اشوكا,Operating Expense,Medical insurance - 610104 - تامين طبي,610104,0.0
8025050 - حصر الاحتياج التدريبي في منظومة الصحة,Operating Expense,Medical insurance - 610104 - تامين طبي,610104,0.0
8025060 - مجموعات عمل التطوع التكافلي,Operating Expense,Medical insurance - 610104 - تامين طبي,610104,0.0
8025070 - سفر الإفطار في الحرم المكي,Operating Expense,Medical insurance - 610104 - تامين طبي,610104,0.0
8025080 - سوق الدار,Operating Expense,Medical insurance - 610104 - تامين طبي,610104,0.0
8025090 - هاكاثون الوعي المعرفي,Operating Expense,Medical insurance - 610104 - تامين طبي,610104,0.0
8025100 - مشروع منظومة عمل إدارة دراسات الحالة,Operating Expense,Medical insurance - 610104 - تامين طبي,610104,0.0
8025110 - مشروع خارطة الاستثمار الاجتماعي في قطاع الشباب,Operating Expense,Medical insurance - 610104 - تامين طبي,610104,0.0
8025120 - مشروع تقديم خدمات استشارية لأكاديمية الفوزان,Operating Expense,Medical insurance - 610104 - تامين طبي,610104,0.0
8026010 - تأسيس وحدة الاستثمار الاجتماعي مع جمعية متلازمة النجاح,Operating Expense,Medical insurance - 610104 - تامين طبي,610104,0.0
8026020 - التأهيل للتوظيف,Operating Expense,Medical insurance - 610104 - تامين طبي,610104,0.0
8026030 - حاضنة أثر الطاقة الاجتماعية,Operating Expense,Medical insurance - 610104 - تامين طبي,610104,0.0
Untagged,Operating Expense,Medical insurance - 610104 - تامين طبي,610104,0.0
Overall,Operating Expense,Miscellaneous - 630106 - نثريات,630106,2262.91
8000010 - تسوية مراكز التكلفة تكامل,Operating Expense,Miscellaneous - 630106 - نثريات,630106,0.0
8000011 - المصاريف العمومية والادارية تكامل,Operating Expense,Miscellaneous - 630106 - نثريات,630106,2262.92
8000020 - مصاريف بيعية وتسويقية تكامل,Operating Expense,Miscellaneous - 630106 - نثريات,630106,0.0
8000030 - تدريب وتطوير تكامل,Operating Expense,Miscellaneous - 630106 - نثريات,630106,0.0
8000040 - مكتب ادارة المشاريع تكامل,Operating Expense,Miscellaneous - 630106 - نثريات,630106,0.0
8000050 - الاتصال المؤسسي تكامل,Operating Expense,Miscellaneous - 630106 - نثريات,630106,0.0
8000060 - منصة قياس الأثر,Operating Expense,Miscellaneous - 630106 - نثريات,630106,0.0
8023010 - إنشاء مقار إدارة العمل التطوعي لخدمة ضيوف الرحمن,Operating Expense,Miscellaneous - 630106 - نثريات,630106,0.0
8023020 - منهجية عمل تعزز البنية المؤسسية للمنظمات غير الربحية,Operating Expense,Miscellaneous - 630106 - نثريات,630106,0.0
8023030 - رفع الوعي الفني لدى منظمات القطاع غير الربحي,Operating Expense,Miscellaneous - 630106 - نثريات,630106,0.0
8024010 - مشروع تقديم خدمات تأسيس وتفعيل وحدات ومراكز العمل التطوعي,Operating Expense,Miscellaneous - 630106 - نثريات,630106,0.0
8024020 - مشروع الخدمات اللوجستية للعاملين في القطاع غير الربحي,Operating Expense,Miscellaneous - 630106 - نثريات,630106,0.0
8024030 - تمكين الجمعيات المتخصصة العاملة في القطاع غير الربحي,Operating Expense,Miscellaneous - 630106 - نثريات,630106,0.0
8024040 - تقديم الخدمات اللوجستية للتدريب في برنامج رائد,Operating Expense,Miscellaneous - 630106 - نثريات,630106,0.0
8025010 - مشروع العربة,Operating Expense,Miscellaneous - 630106 - نثريات,630106,0.0
8025020 - مشروع وزارة الرياضة,Operating Expense,Miscellaneous - 630106 - نثريات,630106,0.0
8025030 - تقديم 3000 ساعة عمل تطوعية لموظفين شركة الكهرباء,Operating Expense,Miscellaneous - 630106 - نثريات,630106,0.0
8025040 - مصنع الابتكار - اشوكا,Operating Expense,Miscellaneous - 630106 - نثريات,630106,0.0
8025050 - حصر الاحتياج التدريبي في منظومة الصحة,Operating Expense,Miscellaneous - 630106 - نثريات,630106,0.0
8025060 - مجموعات عمل التطوع التكافلي,Operating Expense,Miscellaneous - 630106 - نثريات,630106,0.0
8025070 - سفر الإفطار في الحرم المكي,Operating Expense,Miscellaneous - 630106 - نثريات,630106,0.0
8025080 - سوق الدار,Operating Expense,Miscellaneous - 630106 - نثريات,630106,0.0
8025090 - هاكاثون الوعي المعرفي,Operating Expense,Miscellaneous - 630106 - نثريات,630106,0.0
8025100 - مشروع منظومة عمل إدارة دراسات الحالة,Operating Expense,Miscellaneous - 630106 - نثريات,630106,0.0
8025110 - مشروع خارطة الاستثمار الاجتماعي في قطاع الشباب,Operating Expense,Miscellaneous - 630106 - نثريات,630106,0.0
8025120 - مشروع تقديم خدمات استشارية لأكاديمية الفوزان,Operating Expense,Miscellaneous - 630106 - نثريات,630106,0.0
8026010 - تأسيس وحدة الاستثمار الاجتماعي مع جمعية متلازمة النجاح,Operating Expense,Miscellaneous - 630106 - نثريات,630106,0.0
8026020 - التأهيل للتوظيف,Operating Expense,Miscellaneous - 630106 - نثريات,630106,0.0
8026030 - حاضنة أثر الطاقة الاجتماعية,Operating Expense,Miscellaneous - 630106 - نثريات,630106,0.0
Untagged,Operating Expense,Miscellaneous - 630106 - نثريات,630106,-0.01
Overall,Operating Expense,Mobile  - 621302 - شحن جوال,621302,575.44
8000010 - تسوية مراكز التكلفة تكامل,Operating Expense,Mobile  - 621302 - شحن جوال,621302,0.0
8000011 - المصاريف العمومية والادارية تكامل,Operating Expense,Mobile  - 621302 - شحن جوال,621302,575.44
8000020 - مصاريف بيعية وتسويقية تكامل,Operating Expense,Mobile  - 621302 - شحن جوال,621302,0.0
8000030 - تدريب وتطوير تكامل,Operating Expense,Mobile  - 621302 - شحن جوال,621302,0.0
8000040 - مكتب ادارة المشاريع تكامل,Operating Expense,Mobile  - 621302 - شحن جوال,621302,0.0
8000050 - الاتصال المؤسسي تكامل,Operating Expense,Mobile  - 621302 - شحن جوال,621302,0.0
8000060 - منصة قياس الأثر,Operating Expense,Mobile  - 621302 - شحن جوال,621302,0.0
8023010 - إنشاء مقار إدارة العمل التطوعي لخدمة ضيوف الرحمن,Operating Expense,Mobile  - 621302 - شحن جوال,621302,0.0
8023020 - منهجية عمل تعزز البنية المؤسسية للمنظمات غير الربحية,Operating Expense,Mobile  - 621302 - شحن جوال,621302,0.0
8023030 - رفع الوعي الفني لدى منظمات القطاع غير الربحي,Operating Expense,Mobile  - 621302 - شحن جوال,621302,0.0
8024010 - مشروع تقديم خدمات تأسيس وتفعيل وحدات ومراكز العمل التطوعي,Operating Expense,Mobile  - 621302 - شحن جوال,621302,0.0
8024020 - مشروع الخدمات اللوجستية للعاملين في القطاع غير الربحي,Operating Expense,Mobile  - 621302 - شحن جوال,621302,0.0
8024030 - تمكين الجمعيات المتخصصة العاملة في القطاع غير الربحي,Operating Expense,Mobile  - 621302 - شحن جوال,621302,0.0
8024040 - تقديم الخدمات اللوجستية للتدريب في برنامج رائد,Operating Expense,Mobile  - 621302 - شحن جوال,621302,0.0
8025010 - مشروع العربة,Operating Expense,Mobile  - 621302 - شحن جوال,621302,0.0
8025020 - مشروع وزارة الرياضة,Operating Expense,Mobile  - 621302 - شحن جوال,621302,0.0
8025030 - تقديم 3000 ساعة عمل تطوعية لموظفين شركة الكهرباء,Operating Expense,Mobile  - 621302 - شحن جوال,621302,0.0
8025040 - مصنع الابتكار - اشوكا,Operating Expense,Mobile  - 621302 - شحن جوال,621302,0.0
8025050 - حصر الاحتياج التدريبي في منظومة الصحة,Operating Expense,Mobile  - 621302 - شحن جوال,621302,0.0
8025060 - مجموعات عمل التطوع التكافلي,Operating Expense,Mobile  - 621302 - شحن جوال,621302,0.0
8025070 - سفر الإفطار في الحرم المكي,Operating Expense,Mobile  - 621302 - شحن جوال,621302,0.0
8025080 - سوق الدار,Operating Expense,Mobile  - 621302 - شحن جوال,621302,0.0
8025090 - هاكاثون الوعي المعرفي,Operating Expense,Mobile  - 621302 - شحن جوال,621302,0.0
8025100 - مشروع منظومة عمل إدارة دراسات الحالة,Operating Expense,Mobile  - 621302 - شحن جوال,621302,0.0
8025110 - مشروع خارطة الاستثمار الاجتماعي في قطاع الشباب,Operating Expense,Mobile  - 621302 - شحن جوال,621302,0.0
8025120 - مشروع تقديم خدمات استشارية لأكاديمية الفوزان,Operating Expense,Mobile  - 621302 - شحن جوال,621302,0.0
8026010 - تأسيس وحدة الاستثمار الاجتماعي مع جمعية متلازمة النجاح,Operating Expense,Mobile  - 621302 - شحن جوال,621302,0.0
8026020 - التأهيل للتوظيف,Operating Expense,Mobile  - 621302 - شحن جوال,621302,0.0
8026030 - حاضنة أثر الطاقة الاجتماعية,Operating Expense,Mobile  - 621302 - شحن جوال,621302,0.0
Untagged,Operating Expense,Mobile  - 621302 - شحن جوال,621302,0.0
Overall,Operating Expense,montage fee - 720903 - اتعاب مونتاج,720903,800.0
8000010 - تسوية مراكز التكلفة تكامل,Operating Expense,montage fee - 720903 - اتعاب مونتاج,720903,0.0
8000011 - المصاريف العمومية والادارية تكامل,Operating Expense,montage fee - 720903 - اتعاب مونتاج,720903,0.0
8000020 - مصاريف بيعية وتسويقية تكامل,Operating Expense,montage fee - 720903 - اتعاب مونتاج,720903,800.0
8000030 - تدريب وتطوير تكامل,Operating Expense,montage fee - 720903 - اتعاب مونتاج,720903,0.0
8000040 - مكتب ادارة المشاريع تكامل,Operating Expense,montage fee - 720903 - اتعاب مونتاج,720903,0.0
8000050 - الاتصال المؤسسي تكامل,Operating Expense,montage fee - 720903 - اتعاب مونتاج,720903,0.0
8000060 - منصة قياس الأثر,Operating Expense,montage fee - 720903 - اتعاب مونتاج,720903,0.0
8023010 - إنشاء مقار إدارة العمل التطوعي لخدمة ضيوف الرحمن,Operating Expense,montage fee - 720903 - اتعاب مونتاج,720903,0.0
8023020 - منهجية عمل تعزز البنية المؤسسية للمنظمات غير الربحية,Operating Expense,montage fee - 720903 - اتعاب مونتاج,720903,0.0
8023030 - رفع الوعي الفني لدى منظمات القطاع غير الربحي,Operating Expense,montage fee - 720903 - اتعاب مونتاج,720903,0.0
8024010 - مشروع تقديم خدمات تأسيس وتفعيل وحدات ومراكز العمل التطوعي,Operating Expense,montage fee - 720903 - اتعاب مونتاج,720903,0.0
8024020 - مشروع الخدمات اللوجستية للعاملين في القطاع غير الربحي,Operating Expense,montage fee - 720903 - اتعاب مونتاج,720903,0.0
8024030 - تمكين الجمعيات المتخصصة العاملة في القطاع غير الربحي,Operating Expense,montage fee - 720903 - اتعاب مونتاج,720903,0.0
8024040 - تقديم الخدمات اللوجستية للتدريب في برنامج رائد,Operating Expense,montage fee - 720903 - اتعاب مونتاج,720903,0.0
8025010 - مشروع العربة,Operating Expense,montage fee - 720903 - اتعاب مونتاج,720903,0.0
8025020 - مشروع وزارة الرياضة,Operating Expense,montage fee - 720903 - اتعاب مونتاج,720903,0.0
8025030 - تقديم 3000 ساعة عمل تطوعية لموظفين شركة الكهرباء,Operating Expense,montage fee - 720903 - اتعاب مونتاج,720903,0.0
8025040 - مصنع الابتكار - اشوكا,Operating Expense,montage fee - 720903 - اتعاب مونتاج,720903,0.0
8025050 - حصر الاحتياج التدريبي في منظومة الصحة,Operating Expense,montage fee - 720903 - اتعاب مونتاج,720903,0.0
8025060 - مجموعات عمل التطوع التكافلي,Operating Expense,montage fee - 720903 - اتعاب مونتاج,720903,0.0
8025070 - سفر الإفطار في الحرم المكي,Operating Expense,montage fee - 720903 - اتعاب مونتاج,720903,0.0
8025080 - سوق الدار,Operating Expense,montage fee - 720903 - اتعاب مونتاج,720903,0.0
8025090 - هاكاثون الوعي المعرفي,Operating Expense,montage fee - 720903 - اتعاب مونتاج,720903,0.0
8025100 - مشروع منظومة عمل إدارة دراسات الحالة,Operating Expense,montage fee - 720903 - اتعاب مونتاج,720903,0.0
8025110 - مشروع خارطة الاستثمار الاجتماعي في قطاع الشباب,Operating Expense,montage fee - 720903 - اتعاب مونتاج,720903,0.0
8025120 - مشروع تقديم خدمات استشارية لأكاديمية الفوزان,Operating Expense,montage fee - 720903 - اتعاب مونتاج,720903,0.0
8026010 - تأسيس وحدة الاستثمار الاجتماعي مع جمعية متلازمة النجاح,Operating Expense,montage fee - 720903 - اتعاب مونتاج,720903,0.0
8026020 - التأهيل للتوظيف,Operating Expense,montage fee - 720903 - اتعاب مونتاج,720903,0.0
8026030 - حاضنة أثر الطاقة الاجتماعية,Operating Expense,montage fee - 720903 - اتعاب مونتاج,720903,0.0
Untagged,Operating Expense,montage fee - 720903 - اتعاب مونتاج,720903,0.0
Overall,Operating Expense,Office subscription - 621401 - اشتراك موقع Office,621401,550.0
8000010 - تسوية مراكز التكلفة تكامل,Operating Expense,Office subscription - 621401 - اشتراك موقع Office,621401,0.0
8000011 - المصاريف العمومية والادارية تكامل,Operating Expense,Office subscription - 621401 - اشتراك موقع Office,621401,550.0
8000020 - مصاريف بيعية وتسويقية تكامل,Operating Expense,Office subscription - 621401 - اشتراك موقع Office,621401,0.0
8000030 - تدريب وتطوير تكامل,Operating Expense,Office subscription - 621401 - اشتراك موقع Office,621401,0.0
8000040 - مكتب ادارة المشاريع تكامل,Operating Expense,Office subscription - 621401 - اشتراك موقع Office,621401,0.0
8000050 - الاتصال المؤسسي تكامل,Operating Expense,Office subscription - 621401 - اشتراك موقع Office,621401,0.0
8000060 - منصة قياس الأثر,Operating Expense,Office subscription - 621401 - اشتراك موقع Office,621401,0.0
8023010 - إنشاء مقار إدارة العمل التطوعي لخدمة ضيوف الرحمن,Operating Expense,Office subscription - 621401 - اشتراك موقع Office,621401,0.0
8023020 - منهجية عمل تعزز البنية المؤسسية للمنظمات غير الربحية,Operating Expense,Office subscription - 621401 - اشتراك موقع Office,621401,0.0
8023030 - رفع الوعي الفني لدى منظمات القطاع غير الربحي,Operating Expense,Office subscription - 621401 - اشتراك موقع Office,621401,0.0
8024010 - مشروع تقديم خدمات تأسيس وتفعيل وحدات ومراكز العمل التطوعي,Operating Expense,Office subscription - 621401 - اشتراك موقع Office,621401,0.0
8024020 - مشروع الخدمات اللوجستية للعاملين في القطاع غير الربحي,Operating Expense,Office subscription - 621401 - اشتراك موقع Office,621401,0.0
8024030 - تمكين الجمعيات المتخصصة العاملة في القطاع غير الربحي,Operating Expense,Office subscription - 621401 - اشتراك موقع Office,621401,0.0
8024040 - تقديم الخدمات اللوجستية للتدريب في برنامج رائد,Operating Expense,Office subscription - 621401 - اشتراك موقع Office,621401,0.0
8025010 - مشروع العربة,Operating Expense,Office subscription - 621401 - اشتراك موقع Office,621401,0.0
8025020 - مشروع وزارة الرياضة,Operating Expense,Office subscription - 621401 - اشتراك موقع Office,621401,0.0
8025030 - تقديم 3000 ساعة عمل تطوعية لموظفين شركة الكهرباء,Operating Expense,Office subscription - 621401 - اشتراك موقع Office,621401,0.0
8025040 - مصنع الابتكار - اشوكا,Operating Expense,Office subscription - 621401 - اشتراك موقع Office,621401,0.0
8025050 - حصر الاحتياج التدريبي في منظومة الصحة,Operating Expense,Office subscription - 621401 - اشتراك موقع Office,621401,0.0
8025060 - مجموعات عمل التطوع التكافلي,Operating Expense,Office subscription - 621401 - اشتراك موقع Office,621401,0.0
8025070 - سفر الإفطار في الحرم المكي,Operating Expense,Office subscription - 621401 - اشتراك موقع Office,621401,0.0
8025080 - سوق الدار,Operating Expense,Office subscription - 621401 - اشتراك موقع Office,621401,0.0
8025090 - هاكاثون الوعي المعرفي,Operating Expense,Office subscription - 621401 - اشتراك موقع Office,621401,0.0
8025100 - مشروع منظومة عمل إدارة دراسات الحالة,Operating Expense,Office subscription - 621401 - اشتراك موقع Office,621401,0.0
8025110 - مشروع خارطة الاستثمار الاجتماعي في قطاع الشباب,Operating Expense,Office subscription - 621401 - اشتراك موقع Office,621401,0.0
8025120 - مشروع تقديم خدمات استشارية لأكاديمية الفوزان,Operating Expense,Office subscription - 621401 - اشتراك موقع Office,621401,0.0
8026010 - تأسيس وحدة الاستثمار الاجتماعي مع جمعية متلازمة النجاح,Operating Expense,Office subscription - 621401 - اشتراك موقع Office,621401,0.0
8026020 - التأهيل للتوظيف,Operating Expense,Office subscription - 621401 - اشتراك موقع Office,621401,0.0
8026030 - حاضنة أثر الطاقة الاجتماعية,Operating Expense,Office subscription - 621401 - اشتراك موقع Office,621401,0.0
Untagged,Operating Expense,Office subscription - 621401 - اشتراك موقع Office,621401,0.0
Overall,Operating Expense,Other government fees - 610306 - رسوم حكومية أخرى,610306,6746.1
8000010 - تسوية مراكز التكلفة تكامل,Operating Expense,Other government fees - 610306 - رسوم حكومية أخرى,610306,0.0
8000011 - المصاريف العمومية والادارية تكامل,Operating Expense,Other government fees - 610306 - رسوم حكومية أخرى,610306,6746.1
8000020 - مصاريف بيعية وتسويقية تكامل,Operating Expense,Other government fees - 610306 - رسوم حكومية أخرى,610306,0.0
8000030 - تدريب وتطوير تكامل,Operating Expense,Other government fees - 610306 - رسوم حكومية أخرى,610306,0.0
8000040 - مكتب ادارة المشاريع تكامل,Operating Expense,Other government fees - 610306 - رسوم حكومية أخرى,610306,0.0
8000050 - الاتصال المؤسسي تكامل,Operating Expense,Other government fees - 610306 - رسوم حكومية أخرى,610306,0.0
8000060 - منصة قياس الأثر,Operating Expense,Other government fees - 610306 - رسوم حكومية أخرى,610306,0.0
8023010 - إنشاء مقار إدارة العمل التطوعي لخدمة ضيوف الرحمن,Operating Expense,Other government fees - 610306 - رسوم حكومية أخرى,610306,0.0
8023020 - منهجية عمل تعزز البنية المؤسسية للمنظمات غير الربحية,Operating Expense,Other government fees - 610306 - رسوم حكومية أخرى,610306,0.0
8023030 - رفع الوعي الفني لدى منظمات القطاع غير الربحي,Operating Expense,Other government fees - 610306 - رسوم حكومية أخرى,610306,0.0
8024010 - مشروع تقديم خدمات تأسيس وتفعيل وحدات ومراكز العمل التطوعي,Operating Expense,Other government fees - 610306 - رسوم حكومية أخرى,610306,0.0
8024020 - مشروع الخدمات اللوجستية للعاملين في القطاع غير الربحي,Operating Expense,Other government fees - 610306 - رسوم حكومية أخرى,610306,0.0
8024030 - تمكين الجمعيات المتخصصة العاملة في القطاع غير الربحي,Operating Expense,Other government fees - 610306 - رسوم حكومية أخرى,610306,0.0
8024040 - تقديم الخدمات اللوجستية للتدريب في برنامج رائد,Operating Expense,Other government fees - 610306 - رسوم حكومية أخرى,610306,0.0
8025010 - مشروع العربة,Operating Expense,Other government fees - 610306 - رسوم حكومية أخرى,610306,0.0
8025020 - مشروع وزارة الرياضة,Operating Expense,Other government fees - 610306 - رسوم حكومية أخرى,610306,0.0
8025030 - تقديم 3000 ساعة عمل تطوعية لموظفين شركة الكهرباء,Operating Expense,Other government fees - 610306 - رسوم حكومية أخرى,610306,0.0
8025040 - مصنع الابتكار - اشوكا,Operating Expense,Other government fees - 610306 - رسوم حكومية أخرى,610306,0.0
8025050 - حصر الاحتياج التدريبي في منظومة الصحة,Operating Expense,Other government fees - 610306 - رسوم حكومية أخرى,610306,0.0
8025060 - مجموعات عمل التطوع التكافلي,Operating Expense,Other government fees - 610306 - رسوم حكومية أخرى,610306,0.0
8025070 - سفر الإفطار في الحرم المكي,Operating Expense,Other government fees - 610306 - رسوم حكومية أخرى,610306,0.0
8025080 - سوق الدار,Operating Expense,Other government fees - 610306 - رسوم حكومية أخرى,610306,0.0
8025090 - هاكاثون الوعي المعرفي,Operating Expense,Other government fees - 610306 - رسوم حكومية أخرى,610306,0.0
8025100 - مشروع منظومة عمل إدارة دراسات الحالة,Operating Expense,Other government fees - 610306 - رسوم حكومية أخرى,610306,0.0
8025110 - مشروع خارطة الاستثمار الاجتماعي في قطاع الشباب,Operating Expense,Other government fees - 610306 - رسوم حكومية أخرى,610306,0.0
8025120 - مشروع تقديم خدمات استشارية لأكاديمية الفوزان,Operating Expense,Other government fees - 610306 - رسوم حكومية أخرى,610306,0.0
8026010 - تأسيس وحدة الاستثمار الاجتماعي مع جمعية متلازمة النجاح,Operating Expense,Other government fees - 610306 - رسوم حكومية أخرى,610306,0.0
8026020 - التأهيل للتوظيف,Operating Expense,Other government fees - 610306 - رسوم حكومية أخرى,610306,0.0
8026030 - حاضنة أثر الطاقة الاجتماعية,Operating Expense,Other government fees - 610306 - رسوم حكومية أخرى,610306,0.0
Untagged,Operating Expense,Other government fees - 610306 - رسوم حكومية أخرى,610306,0.0
Overall,Operating Expense,Other government fees - 710306 - رسوم حكومية اخرى,710306,24950.0
8000010 - تسوية مراكز التكلفة تكامل,Operating Expense,Other government fees - 710306 - رسوم حكومية اخرى,710306,0.0
8000011 - المصاريف العمومية والادارية تكامل,Operating Expense,Other government fees - 710306 - رسوم حكومية اخرى,710306,0.0
8000020 - مصاريف بيعية وتسويقية تكامل,Operating Expense,Other government fees - 710306 - رسوم حكومية اخرى,710306,24950.0
8000030 - تدريب وتطوير تكامل,Operating Expense,Other government fees - 710306 - رسوم حكومية اخرى,710306,0.0
8000040 - مكتب ادارة المشاريع تكامل,Operating Expense,Other government fees - 710306 - رسوم حكومية اخرى,710306,0.0
8000050 - الاتصال المؤسسي تكامل,Operating Expense,Other government fees - 710306 - رسوم حكومية اخرى,710306,0.0
8000060 - منصة قياس الأثر,Operating Expense,Other government fees - 710306 - رسوم حكومية اخرى,710306,0.0
8023010 - إنشاء مقار إدارة العمل التطوعي لخدمة ضيوف الرحمن,Operating Expense,Other government fees - 710306 - رسوم حكومية اخرى,710306,0.0
8023020 - منهجية عمل تعزز البنية المؤسسية للمنظمات غير الربحية,Operating Expense,Other government fees - 710306 - رسوم حكومية اخرى,710306,0.0
8023030 - رفع الوعي الفني لدى منظمات القطاع غير الربحي,Operating Expense,Other government fees - 710306 - رسوم حكومية اخرى,710306,0.0
8024010 - مشروع تقديم خدمات تأسيس وتفعيل وحدات ومراكز العمل التطوعي,Operating Expense,Other government fees - 710306 - رسوم حكومية اخرى,710306,0.0
8024020 - مشروع الخدمات اللوجستية للعاملين في القطاع غير الربحي,Operating Expense,Other government fees - 710306 - رسوم حكومية اخرى,710306,0.0
8024030 - تمكين الجمعيات المتخصصة العاملة في القطاع غير الربحي,Operating Expense,Other government fees - 710306 - رسوم حكومية اخرى,710306,0.0
8024040 - تقديم الخدمات اللوجستية للتدريب في برنامج رائد,Operating Expense,Other government fees - 710306 - رسوم حكومية اخرى,710306,0.0
8025010 - مشروع العربة,Operating Expense,Other government fees - 710306 - رسوم حكومية اخرى,710306,0.0
8025020 - مشروع وزارة الرياضة,Operating Expense,Other government fees - 710306 - رسوم حكومية اخرى,710306,0.0
8025030 - تقديم 3000 ساعة عمل تطوعية لموظفين شركة الكهرباء,Operating Expense,Other government fees - 710306 - رسوم حكومية اخرى,710306,0.0
8025040 - مصنع الابتكار - اشوكا,Operating Expense,Other government fees - 710306 - رسوم حكومية اخرى,710306,0.0
8025050 - حصر الاحتياج التدريبي في منظومة الصحة,Operating Expense,Other government fees - 710306 - رسوم حكومية اخرى,710306,0.0
8025060 - مجموعات عمل التطوع التكافلي,Operating Expense,Other government fees - 710306 - رسوم حكومية اخرى,710306,0.0
8025070 - سفر الإفطار في الحرم المكي,Operating Expense,Other government fees - 710306 - رسوم حكومية اخرى,710306,0.0
8025080 - سوق الدار,Operating Expense,Other government fees - 710306 - رسوم حكومية اخرى,710306,0.0
8025090 - هاكاثون الوعي المعرفي,Operating Expense,Other government fees - 710306 - رسوم حكومية اخرى,710306,0.0
8025100 - مشروع منظومة عمل إدارة دراسات الحالة,Operating Expense,Other government fees - 710306 - رسوم حكومية اخرى,710306,0.0
8025110 - مشروع خارطة الاستثمار الاجتماعي في قطاع الشباب,Operating Expense,Other government fees - 710306 - رسوم حكومية اخرى,710306,0.0
8025120 - مشروع تقديم خدمات استشارية لأكاديمية الفوزان,Operating Expense,Other government fees - 710306 - رسوم حكومية اخرى,710306,0.0
8026010 - تأسيس وحدة الاستثمار الاجتماعي مع جمعية متلازمة النجاح,Operating Expense,Other government fees - 710306 - رسوم حكومية اخرى,710306,0.0
8026020 - التأهيل للتوظيف,Operating Expense,Other government fees - 710306 - رسوم حكومية اخرى,710306,0.0
8026030 - حاضنة أثر الطاقة الاجتماعية,Operating Expense,Other government fees - 710306 - رسوم حكومية اخرى,710306,0.0
Untagged,Operating Expense,Other government fees - 710306 - رسوم حكومية اخرى,710306,0.0
Overall,Operating Expense,Paper printing - 621101 - طباعة ورقية,621101,376.31
8000010 - تسوية مراكز التكلفة تكامل,Operating Expense,Paper printing - 621101 - طباعة ورقية,621101,0.0
8000011 - المصاريف العمومية والادارية تكامل,Operating Expense,Paper printing - 621101 - طباعة ورقية,621101,376.31
8000020 - مصاريف بيعية وتسويقية تكامل,Operating Expense,Paper printing - 621101 - طباعة ورقية,621101,0.0
8000030 - تدريب وتطوير تكامل,Operating Expense,Paper printing - 621101 - طباعة ورقية,621101,0.0
8000040 - مكتب ادارة المشاريع تكامل,Operating Expense,Paper printing - 621101 - طباعة ورقية,621101,0.0
8000050 - الاتصال المؤسسي تكامل,Operating Expense,Paper printing - 621101 - طباعة ورقية,621101,0.0
8000060 - منصة قياس الأثر,Operating Expense,Paper printing - 621101 - طباعة ورقية,621101,0.0
8023010 - إنشاء مقار إدارة العمل التطوعي لخدمة ضيوف الرحمن,Operating Expense,Paper printing - 621101 - طباعة ورقية,621101,0.0
8023020 - منهجية عمل تعزز البنية المؤسسية للمنظمات غير الربحية,Operating Expense,Paper printing - 621101 - طباعة ورقية,621101,0.0
8023030 - رفع الوعي الفني لدى منظمات القطاع غير الربحي,Operating Expense,Paper printing - 621101 - طباعة ورقية,621101,0.0
8024010 - مشروع تقديم خدمات تأسيس وتفعيل وحدات ومراكز العمل التطوعي,Operating Expense,Paper printing - 621101 - طباعة ورقية,621101,0.0
8024020 - مشروع الخدمات اللوجستية للعاملين في القطاع غير الربحي,Operating Expense,Paper printing - 621101 - طباعة ورقية,621101,0.0
8024030 - تمكين الجمعيات المتخصصة العاملة في القطاع غير الربحي,Operating Expense,Paper printing - 621101 - طباعة ورقية,621101,0.0
8024040 - تقديم الخدمات اللوجستية للتدريب في برنامج رائد,Operating Expense,Paper printing - 621101 - طباعة ورقية,621101,0.0
8025010 - مشروع العربة,Operating Expense,Paper printing - 621101 - طباعة ورقية,621101,0.0
8025020 - مشروع وزارة الرياضة,Operating Expense,Paper printing - 621101 - طباعة ورقية,621101,0.0
8025030 - تقديم 3000 ساعة عمل تطوعية لموظفين شركة الكهرباء,Operating Expense,Paper printing - 621101 - طباعة ورقية,621101,0.0
8025040 - مصنع الابتكار - اشوكا,Operating Expense,Paper printing - 621101 - طباعة ورقية,621101,0.0
8025050 - حصر الاحتياج التدريبي في منظومة الصحة,Operating Expense,Paper printing - 621101 - طباعة ورقية,621101,0.0
8025060 - مجموعات عمل التطوع التكافلي,Operating Expense,Paper printing - 621101 - طباعة ورقية,621101,0.0
8025070 - سفر الإفطار في الحرم المكي,Operating Expense,Paper printing - 621101 - طباعة ورقية,621101,0.0
8025080 - سوق الدار,Operating Expense,Paper printing - 621101 - طباعة ورقية,621101,0.0
8025090 - هاكاثون الوعي المعرفي,Operating Expense,Paper printing - 621101 - طباعة ورقية,621101,0.0
8025100 - مشروع منظومة عمل إدارة دراسات الحالة,Operating Expense,Paper printing - 621101 - طباعة ورقية,621101,0.0
8025110 - مشروع خارطة الاستثمار الاجتماعي في قطاع الشباب,Operating Expense,Paper printing - 621101 - طباعة ورقية,621101,0.0
8025120 - مشروع تقديم خدمات استشارية لأكاديمية الفوزان,Operating Expense,Paper printing - 621101 - طباعة ورقية,621101,0.0
8026010 - تأسيس وحدة الاستثمار الاجتماعي مع جمعية متلازمة النجاح,Operating Expense,Paper printing - 621101 - طباعة ورقية,621101,0.0
8026020 - التأهيل للتوظيف,Operating Expense,Paper printing - 621101 - طباعة ورقية,621101,0.0
8026030 - حاضنة أثر الطاقة الاجتماعية,Operating Expense,Paper printing - 621101 - طباعة ورقية,621101,0.0
Untagged,Operating Expense,Paper printing - 621101 - طباعة ورقية,621101,0.0
Overall,Operating Expense,Paper printing - 721101 - طباعة ورقية,721101,139.13
8000010 - تسوية مراكز التكلفة تكامل,Operating Expense,Paper printing - 721101 - طباعة ورقية,721101,0.0
8000011 - المصاريف العمومية والادارية تكامل,Operating Expense,Paper printing - 721101 - طباعة ورقية,721101,0.0
8000020 - مصاريف بيعية وتسويقية تكامل,Operating Expense,Paper printing - 721101 - طباعة ورقية,721101,139.13
8000030 - تدريب وتطوير تكامل,Operating Expense,Paper printing - 721101 - طباعة ورقية,721101,0.0
8000040 - مكتب ادارة المشاريع تكامل,Operating Expense,Paper printing - 721101 - طباعة ورقية,721101,0.0
8000050 - الاتصال المؤسسي تكامل,Operating Expense,Paper printing - 721101 - طباعة ورقية,721101,0.0
8000060 - منصة قياس الأثر,Operating Expense,Paper printing - 721101 - طباعة ورقية,721101,0.0
8023010 - إنشاء مقار إدارة العمل التطوعي لخدمة ضيوف الرحمن,Operating Expense,Paper printing - 721101 - طباعة ورقية,721101,0.0
8023020 - منهجية عمل تعزز البنية المؤسسية للمنظمات غير الربحية,Operating Expense,Paper printing - 721101 - طباعة ورقية,721101,0.0
8023030 - رفع الوعي الفني لدى منظمات القطاع غير الربحي,Operating Expense,Paper printing - 721101 - طباعة ورقية,721101,0.0
8024010 - مشروع تقديم خدمات تأسيس وتفعيل وحدات ومراكز العمل التطوعي,Operating Expense,Paper printing - 721101 - طباعة ورقية,721101,0.0
8024020 - مشروع الخدمات اللوجستية للعاملين في القطاع غير الربحي,Operating Expense,Paper printing - 721101 - طباعة ورقية,721101,0.0
8024030 - تمكين الجمعيات المتخصصة العاملة في القطاع غير الربحي,Operating Expense,Paper printing - 721101 - طباعة ورقية,721101,0.0
8024040 - تقديم الخدمات اللوجستية للتدريب في برنامج رائد,Operating Expense,Paper printing - 721101 - طباعة ورقية,721101,0.0
8025010 - مشروع العربة,Operating Expense,Paper printing - 721101 - طباعة ورقية,721101,0.0
8025020 - مشروع وزارة الرياضة,Operating Expense,Paper printing - 721101 - طباعة ورقية,721101,0.0
8025030 - تقديم 3000 ساعة عمل تطوعية لموظفين شركة الكهرباء,Operating Expense,Paper printing - 721101 - طباعة ورقية,721101,0.0
8025040 - مصنع الابتكار - اشوكا,Operating Expense,Paper printing - 721101 - طباعة ورقية,721101,0.0
8025050 - حصر الاحتياج التدريبي في منظومة الصحة,Operating Expense,Paper printing - 721101 - طباعة ورقية,721101,0.0
8025060 - مجموعات عمل التطوع التكافلي,Operating Expense,Paper printing - 721101 - طباعة ورقية,721101,0.0
8025070 - سفر الإفطار في الحرم المكي,Operating Expense,Paper printing - 721101 - طباعة ورقية,721101,0.0
8025080 - سوق الدار,Operating Expense,Paper printing - 721101 - طباعة ورقية,721101,0.0
8025090 - هاكاثون الوعي المعرفي,Operating Expense,Paper printing - 721101 - طباعة ورقية,721101,0.0
8025100 - مشروع منظومة عمل إدارة دراسات الحالة,Operating Expense,Paper printing - 721101 - طباعة ورقية,721101,0.0
8025110 - مشروع خارطة الاستثمار الاجتماعي في قطاع الشباب,Operating Expense,Paper printing - 721101 - طباعة ورقية,721101,0.0
8025120 - مشروع تقديم خدمات استشارية لأكاديمية الفوزان,Operating Expense,Paper printing - 721101 - طباعة ورقية,721101,0.0
8026010 - تأسيس وحدة الاستثمار الاجتماعي مع جمعية متلازمة النجاح,Operating Expense,Paper printing - 721101 - طباعة ورقية,721101,0.0
8026020 - التأهيل للتوظيف,Operating Expense,Paper printing - 721101 - طباعة ورقية,721101,0.0
8026030 - حاضنة أثر الطاقة الاجتماعية,Operating Expense,Paper printing - 721101 - طباعة ورقية,721101,0.0
Untagged,Operating Expense,Paper printing - 721101 - طباعة ورقية,721101,0.0
Overall,Operating Expense,payroll - 610101 - الرواتب وما في حكمها,610101,629762.0
8000010 - تسوية مراكز التكلفة تكامل,Operating Expense,payroll - 610101 - الرواتب وما في حكمها,610101,0.0
8000011 - المصاريف العمومية والادارية تكامل,Operating Expense,payroll - 610101 - الرواتب وما في حكمها,610101,540000.0
8000020 - مصاريف بيعية وتسويقية تكامل,Operating Expense,payroll - 610101 - الرواتب وما في حكمها,610101,0.0
8000030 - تدريب وتطوير تكامل,Operating Expense,payroll - 610101 - الرواتب وما في حكمها,610101,32409.0
8000040 - مكتب ادارة المشاريع تكامل,Operating Expense,payroll - 610101 - الرواتب وما في حكمها,610101,0.0
8000050 - الاتصال المؤسسي تكامل,Operating Expense,payroll - 610101 - الرواتب وما في حكمها,610101,0.0
8000060 - منصة قياس الأثر,Operating Expense,payroll - 610101 - الرواتب وما في حكمها,610101,57353.0
8023010 - إنشاء مقار إدارة العمل التطوعي لخدمة ضيوف الرحمن,Operating Expense,payroll - 610101 - الرواتب وما في حكمها,610101,0.0
8023020 - منهجية عمل تعزز البنية المؤسسية للمنظمات غير الربحية,Operating Expense,payroll - 610101 - الرواتب وما في حكمها,610101,0.0
8023030 - رفع الوعي الفني لدى منظمات القطاع غير الربحي,Operating Expense,payroll - 610101 - الرواتب وما في حكمها,610101,0.0
8024010 - مشروع تقديم خدمات تأسيس وتفعيل وحدات ومراكز العمل التطوعي,Operating Expense,payroll - 610101 - الرواتب وما في حكمها,610101,0.0
8024020 - مشروع الخدمات اللوجستية للعاملين في القطاع غير الربحي,Operating Expense,payroll - 610101 - الرواتب وما في حكمها,610101,0.0
8024030 - تمكين الجمعيات المتخصصة العاملة في القطاع غير الربحي,Operating Expense,payroll - 610101 - الرواتب وما في حكمها,610101,0.0
8024040 - تقديم الخدمات اللوجستية للتدريب في برنامج رائد,Operating Expense,payroll - 610101 - الرواتب وما في حكمها,610101,0.0
8025010 - مشروع العربة,Operating Expense,payroll - 610101 - الرواتب وما في حكمها,610101,0.0
8025020 - مشروع وزارة الرياضة,Operating Expense,payroll - 610101 - الرواتب وما في حكمها,610101,0.0
8025030 - تقديم 3000 ساعة عمل تطوعية لموظفين شركة الكهرباء,Operating Expense,payroll - 610101 - الرواتب وما في حكمها,610101,0.0
8025040 - مصنع الابتكار - اشوكا,Operating Expense,payroll - 610101 - الرواتب وما في حكمها,610101,0.0
8025050 - حصر الاحتياج التدريبي في منظومة الصحة,Operating Expense,payroll - 610101 - الرواتب وما في حكمها,610101,0.0
8025060 - مجموعات عمل التطوع التكافلي,Operating Expense,payroll - 610101 - الرواتب وما في حكمها,610101,0.0
8025070 - سفر الإفطار في الحرم المكي,Operating Expense,payroll - 610101 - الرواتب وما في حكمها,610101,0.0
8025080 - سوق الدار,Operating Expense,payroll - 610101 - الرواتب وما في حكمها,610101,0.0
8025090 - هاكاثون الوعي المعرفي,Operating Expense,payroll - 610101 - الرواتب وما في حكمها,610101,0.0
8025100 - مشروع منظومة عمل إدارة دراسات الحالة,Operating Expense,payroll - 610101 - الرواتب وما في حكمها,610101,0.0
8025110 - مشروع خارطة الاستثمار الاجتماعي في قطاع الشباب,Operating Expense,payroll - 610101 - الرواتب وما في حكمها,610101,0.0
8025120 - مشروع تقديم خدمات استشارية لأكاديمية الفوزان,Operating Expense,payroll - 610101 - الرواتب وما في حكمها,610101,0.0
8026010 - تأسيس وحدة الاستثمار الاجتماعي مع جمعية متلازمة النجاح,Operating Expense,payroll - 610101 - الرواتب وما في حكمها,610101,0.0
8026020 - التأهيل للتوظيف,Operating Expense,payroll - 610101 - الرواتب وما في حكمها,610101,0.0
8026030 - حاضنة أثر الطاقة الاجتماعية,Operating Expense,payroll - 610101 - الرواتب وما في حكمها,610101,0.0
Untagged,Operating Expense,payroll - 610101 - الرواتب وما في حكمها,610101,0.0
Overall,Operating Expense,payroll - 710101 - الرواتب وما في حكمها,710101,24930.03
8000010 - تسوية مراكز التكلفة تكامل,Operating Expense,payroll - 710101 - الرواتب وما في حكمها,710101,0.0
8000011 - المصاريف العمومية والادارية تكامل,Operating Expense,payroll - 710101 - الرواتب وما في حكمها,710101,0.0
8000020 - مصاريف بيعية وتسويقية تكامل,Operating Expense,payroll - 710101 - الرواتب وما في حكمها,710101,24930.03
8000030 - تدريب وتطوير تكامل,Operating Expense,payroll - 710101 - الرواتب وما في حكمها,710101,0.0
8000040 - مكتب ادارة المشاريع تكامل,Operating Expense,payroll - 710101 - الرواتب وما في حكمها,710101,0.0
8000050 - الاتصال المؤسسي تكامل,Operating Expense,payroll - 710101 - الرواتب وما في حكمها,710101,0.0
8000060 - منصة قياس الأثر,Operating Expense,payroll - 710101 - الرواتب وما في حكمها,710101,0.0
8023010 - إنشاء مقار إدارة العمل التطوعي لخدمة ضيوف الرحمن,Operating Expense,payroll - 710101 - الرواتب وما في حكمها,710101,0.0
8023020 - منهجية عمل تعزز البنية المؤسسية للمنظمات غير الربحية,Operating Expense,payroll - 710101 - الرواتب وما في حكمها,710101,0.0
8023030 - رفع الوعي الفني لدى منظمات القطاع غير الربحي,Operating Expense,payroll - 710101 - الرواتب وما في حكمها,710101,0.0
8024010 - مشروع تقديم خدمات تأسيس وتفعيل وحدات ومراكز العمل التطوعي,Operating Expense,payroll - 710101 - الرواتب وما في حكمها,710101,0.0
8024020 - مشروع الخدمات اللوجستية للعاملين في القطاع غير الربحي,Operating Expense,payroll - 710101 - الرواتب وما في حكمها,710101,0.0
8024030 - تمكين الجمعيات المتخصصة العاملة في القطاع غير الربحي,Operating Expense,payroll - 710101 - الرواتب وما في حكمها,710101,0.0
8024040 - تقديم الخدمات اللوجستية للتدريب في برنامج رائد,Operating Expense,payroll - 710101 - الرواتب وما في حكمها,710101,0.0
8025010 - مشروع العربة,Operating Expense,payroll - 710101 - الرواتب وما في حكمها,710101,0.0
8025020 - مشروع وزارة الرياضة,Operating Expense,payroll - 710101 - الرواتب وما في حكمها,710101,0.0
8025030 - تقديم 3000 ساعة عمل تطوعية لموظفين شركة الكهرباء,Operating Expense,payroll - 710101 - الرواتب وما في حكمها,710101,0.0
8025040 - مصنع الابتكار - اشوكا,Operating Expense,payroll - 710101 - الرواتب وما في حكمها,710101,0.0
8025050 - حصر الاحتياج التدريبي في منظومة الصحة,Operating Expense,payroll - 710101 - الرواتب وما في حكمها,710101,0.0
8025060 - مجموعات عمل التطوع التكافلي,Operating Expense,payroll - 710101 - الرواتب وما في حكمها,710101,0.0
8025070 - سفر الإفطار في الحرم المكي,Operating Expense,payroll - 710101 - الرواتب وما في حكمها,710101,0.0
8025080 - سوق الدار,Operating Expense,payroll - 710101 - الرواتب وما في حكمها,710101,0.0
8025090 - هاكاثون الوعي المعرفي,Operating Expense,payroll - 710101 - الرواتب وما في حكمها,710101,0.0
8025100 - مشروع منظومة عمل إدارة دراسات الحالة,Operating Expense,payroll - 710101 - الرواتب وما في حكمها,710101,0.0
8025110 - مشروع خارطة الاستثمار الاجتماعي في قطاع الشباب,Operating Expense,payroll - 710101 - الرواتب وما في حكمها,710101,0.0
8025120 - مشروع تقديم خدمات استشارية لأكاديمية الفوزان,Operating Expense,payroll - 710101 - الرواتب وما في حكمها,710101,0.0
8026010 - تأسيس وحدة الاستثمار الاجتماعي مع جمعية متلازمة النجاح,Operating Expense,payroll - 710101 - الرواتب وما في حكمها,710101,0.0
8026020 - التأهيل للتوظيف,Operating Expense,payroll - 710101 - الرواتب وما في حكمها,710101,0.0
8026030 - حاضنة أثر الطاقة الاجتماعية,Operating Expense,payroll - 710101 - الرواتب وما في حكمها,710101,0.0
Untagged,Operating Expense,payroll - 710101 - الرواتب وما في حكمها,710101,0.0
Overall,Operating Expense,Penalities - 630114 - غرامات ومخالفات,630114,187.61
8000010 - تسوية مراكز التكلفة تكامل,Operating Expense,Penalities - 630114 - غرامات ومخالفات,630114,0.0
8000011 - المصاريف العمومية والادارية تكامل,Operating Expense,Penalities - 630114 - غرامات ومخالفات,630114,187.61
8000020 - مصاريف بيعية وتسويقية تكامل,Operating Expense,Penalities - 630114 - غرامات ومخالفات,630114,0.0
8000030 - تدريب وتطوير تكامل,Operating Expense,Penalities - 630114 - غرامات ومخالفات,630114,0.0
8000040 - مكتب ادارة المشاريع تكامل,Operating Expense,Penalities - 630114 - غرامات ومخالفات,630114,0.0
8000050 - الاتصال المؤسسي تكامل,Operating Expense,Penalities - 630114 - غرامات ومخالفات,630114,0.0
8000060 - منصة قياس الأثر,Operating Expense,Penalities - 630114 - غرامات ومخالفات,630114,0.0
8023010 - إنشاء مقار إدارة العمل التطوعي لخدمة ضيوف الرحمن,Operating Expense,Penalities - 630114 - غرامات ومخالفات,630114,0.0
8023020 - منهجية عمل تعزز البنية المؤسسية للمنظمات غير الربحية,Operating Expense,Penalities - 630114 - غرامات ومخالفات,630114,0.0
8023030 - رفع الوعي الفني لدى منظمات القطاع غير الربحي,Operating Expense,Penalities - 630114 - غرامات ومخالفات,630114,0.0
8024010 - مشروع تقديم خدمات تأسيس وتفعيل وحدات ومراكز العمل التطوعي,Operating Expense,Penalities - 630114 - غرامات ومخالفات,630114,0.0
8024020 - مشروع الخدمات اللوجستية للعاملين في القطاع غير الربحي,Operating Expense,Penalities - 630114 - غرامات ومخالفات,630114,0.0
8024030 - تمكين الجمعيات المتخصصة العاملة في القطاع غير الربحي,Operating Expense,Penalities - 630114 - غرامات ومخالفات,630114,0.0
8024040 - تقديم الخدمات اللوجستية للتدريب في برنامج رائد,Operating Expense,Penalities - 630114 - غرامات ومخالفات,630114,0.0
8025010 - مشروع العربة,Operating Expense,Penalities - 630114 - غرامات ومخالفات,630114,0.0
8025020 - مشروع وزارة الرياضة,Operating Expense,Penalities - 630114 - غرامات ومخالفات,630114,0.0
8025030 - تقديم 3000 ساعة عمل تطوعية لموظفين شركة الكهرباء,Operating Expense,Penalities - 630114 - غرامات ومخالفات,630114,0.0
8025040 - مصنع الابتكار - اشوكا,Operating Expense,Penalities - 630114 - غرامات ومخالفات,630114,0.0
8025050 - حصر الاحتياج التدريبي في منظومة الصحة,Operating Expense,Penalities - 630114 - غرامات ومخالفات,630114,0.0
8025060 - مجموعات عمل التطوع التكافلي,Operating Expense,Penalities - 630114 - غرامات ومخالفات,630114,0.0
8025070 - سفر الإفطار في الحرم المكي,Operating Expense,Penalities - 630114 - غرامات ومخالفات,630114,0.0
8025080 - سوق الدار,Operating Expense,Penalities - 630114 - غرامات ومخالفات,630114,0.0
8025090 - هاكاثون الوعي المعرفي,Operating Expense,Penalities - 630114 - غرامات ومخالفات,630114,0.0
8025100 - مشروع منظومة عمل إدارة دراسات الحالة,Operating Expense,Penalities - 630114 - غرامات ومخالفات,630114,0.0
8025110 - مشروع خارطة الاستثمار الاجتماعي في قطاع الشباب,Operating Expense,Penalities - 630114 - غرامات ومخالفات,630114,0.0
8025120 - مشروع تقديم خدمات استشارية لأكاديمية الفوزان,Operating Expense,Penalities - 630114 - غرامات ومخالفات,630114,0.0
8026010 - تأسيس وحدة الاستثمار الاجتماعي مع جمعية متلازمة النجاح,Operating Expense,Penalities - 630114 - غرامات ومخالفات,630114,0.0
8026020 - التأهيل للتوظيف,Operating Expense,Penalities - 630114 - غرامات ومخالفات,630114,0.0
8026030 - حاضنة أثر الطاقة الاجتماعية,Operating Expense,Penalities - 630114 - غرامات ومخالفات,630114,0.0
Untagged,Operating Expense,Penalities - 630114 - غرامات ومخالفات,630114,0.0
Overall,Operating Expense,Photography fee - 620901 - اتعاب تصوير فوتوغرافي,620901,29.76
8000010 - تسوية مراكز التكلفة تكامل,Operating Expense,Photography fee - 620901 - اتعاب تصوير فوتوغرافي,620901,0.0
8000011 - المصاريف العمومية والادارية تكامل,Operating Expense,Photography fee - 620901 - اتعاب تصوير فوتوغرافي,620901,29.76
8000020 - مصاريف بيعية وتسويقية تكامل,Operating Expense,Photography fee - 620901 - اتعاب تصوير فوتوغرافي,620901,0.0
8000030 - تدريب وتطوير تكامل,Operating Expense,Photography fee - 620901 - اتعاب تصوير فوتوغرافي,620901,0.0
8000040 - مكتب ادارة المشاريع تكامل,Operating Expense,Photography fee - 620901 - اتعاب تصوير فوتوغرافي,620901,0.0
8000050 - الاتصال المؤسسي تكامل,Operating Expense,Photography fee - 620901 - اتعاب تصوير فوتوغرافي,620901,0.0
8000060 - منصة قياس الأثر,Operating Expense,Photography fee - 620901 - اتعاب تصوير فوتوغرافي,620901,0.0
8023010 - إنشاء مقار إدارة العمل التطوعي لخدمة ضيوف الرحمن,Operating Expense,Photography fee - 620901 - اتعاب تصوير فوتوغرافي,620901,0.0
8023020 - منهجية عمل تعزز البنية المؤسسية للمنظمات غير الربحية,Operating Expense,Photography fee - 620901 - اتعاب تصوير فوتوغرافي,620901,0.0
8023030 - رفع الوعي الفني لدى منظمات القطاع غير الربحي,Operating Expense,Photography fee - 620901 - اتعاب تصوير فوتوغرافي,620901,0.0
8024010 - مشروع تقديم خدمات تأسيس وتفعيل وحدات ومراكز العمل التطوعي,Operating Expense,Photography fee - 620901 - اتعاب تصوير فوتوغرافي,620901,0.0
8024020 - مشروع الخدمات اللوجستية للعاملين في القطاع غير الربحي,Operating Expense,Photography fee - 620901 - اتعاب تصوير فوتوغرافي,620901,0.0
8024030 - تمكين الجمعيات المتخصصة العاملة في القطاع غير الربحي,Operating Expense,Photography fee - 620901 - اتعاب تصوير فوتوغرافي,620901,0.0
8024040 - تقديم الخدمات اللوجستية للتدريب في برنامج رائد,Operating Expense,Photography fee - 620901 - اتعاب تصوير فوتوغرافي,620901,0.0
8025010 - مشروع العربة,Operating Expense,Photography fee - 620901 - اتعاب تصوير فوتوغرافي,620901,0.0
8025020 - مشروع وزارة الرياضة,Operating Expense,Photography fee - 620901 - اتعاب تصوير فوتوغرافي,620901,0.0
8025030 - تقديم 3000 ساعة عمل تطوعية لموظفين شركة الكهرباء,Operating Expense,Photography fee - 620901 - اتعاب تصوير فوتوغرافي,620901,0.0
8025040 - مصنع الابتكار - اشوكا,Operating Expense,Photography fee - 620901 - اتعاب تصوير فوتوغرافي,620901,0.0
8025050 - حصر الاحتياج التدريبي في منظومة الصحة,Operating Expense,Photography fee - 620901 - اتعاب تصوير فوتوغرافي,620901,0.0
8025060 - مجموعات عمل التطوع التكافلي,Operating Expense,Photography fee - 620901 - اتعاب تصوير فوتوغرافي,620901,0.0
8025070 - سفر الإفطار في الحرم المكي,Operating Expense,Photography fee - 620901 - اتعاب تصوير فوتوغرافي,620901,0.0
8025080 - سوق الدار,Operating Expense,Photography fee - 620901 - اتعاب تصوير فوتوغرافي,620901,0.0
8025090 - هاكاثون الوعي المعرفي,Operating Expense,Photography fee - 620901 - اتعاب تصوير فوتوغرافي,620901,0.0
8025100 - مشروع منظومة عمل إدارة دراسات الحالة,Operating Expense,Photography fee - 620901 - اتعاب تصوير فوتوغرافي,620901,0.0
8025110 - مشروع خارطة الاستثمار الاجتماعي في قطاع الشباب,Operating Expense,Photography fee - 620901 - اتعاب تصوير فوتوغرافي,620901,0.0
8025120 - مشروع تقديم خدمات استشارية لأكاديمية الفوزان,Operating Expense,Photography fee - 620901 - اتعاب تصوير فوتوغرافي,620901,0.0
8026010 - تأسيس وحدة الاستثمار الاجتماعي مع جمعية متلازمة النجاح,Operating Expense,Photography fee - 620901 - اتعاب تصوير فوتوغرافي,620901,0.0
8026020 - التأهيل للتوظيف,Operating Expense,Photography fee - 620901 - اتعاب تصوير فوتوغرافي,620901,0.0
8026030 - حاضنة أثر الطاقة الاجتماعية,Operating Expense,Photography fee - 620901 - اتعاب تصوير فوتوغرافي,620901,0.0
Untagged,Operating Expense,Photography fee - 620901 - اتعاب تصوير فوتوغرافي,620901,0.0
Overall,Operating Expense,Production fees - 620110 - اتعاب انتاج,620110,5500.0
8000010 - تسوية مراكز التكلفة تكامل,Operating Expense,Production fees - 620110 - اتعاب انتاج,620110,0.0
8000011 - المصاريف العمومية والادارية تكامل,Operating Expense,Production fees - 620110 - اتعاب انتاج,620110,5500.0
8000020 - مصاريف بيعية وتسويقية تكامل,Operating Expense,Production fees - 620110 - اتعاب انتاج,620110,0.0
8000030 - تدريب وتطوير تكامل,Operating Expense,Production fees - 620110 - اتعاب انتاج,620110,0.0
8000040 - مكتب ادارة المشاريع تكامل,Operating Expense,Production fees - 620110 - اتعاب انتاج,620110,0.0
8000050 - الاتصال المؤسسي تكامل,Operating Expense,Production fees - 620110 - اتعاب انتاج,620110,0.0
8000060 - منصة قياس الأثر,Operating Expense,Production fees - 620110 - اتعاب انتاج,620110,0.0
8023010 - إنشاء مقار إدارة العمل التطوعي لخدمة ضيوف الرحمن,Operating Expense,Production fees - 620110 - اتعاب انتاج,620110,0.0
8023020 - منهجية عمل تعزز البنية المؤسسية للمنظمات غير الربحية,Operating Expense,Production fees - 620110 - اتعاب انتاج,620110,0.0
8023030 - رفع الوعي الفني لدى منظمات القطاع غير الربحي,Operating Expense,Production fees - 620110 - اتعاب انتاج,620110,0.0
8024010 - مشروع تقديم خدمات تأسيس وتفعيل وحدات ومراكز العمل التطوعي,Operating Expense,Production fees - 620110 - اتعاب انتاج,620110,0.0
8024020 - مشروع الخدمات اللوجستية للعاملين في القطاع غير الربحي,Operating Expense,Production fees - 620110 - اتعاب انتاج,620110,0.0
8024030 - تمكين الجمعيات المتخصصة العاملة في القطاع غير الربحي,Operating Expense,Production fees - 620110 - اتعاب انتاج,620110,0.0
8024040 - تقديم الخدمات اللوجستية للتدريب في برنامج رائد,Operating Expense,Production fees - 620110 - اتعاب انتاج,620110,0.0
8025010 - مشروع العربة,Operating Expense,Production fees - 620110 - اتعاب انتاج,620110,0.0
8025020 - مشروع وزارة الرياضة,Operating Expense,Production fees - 620110 - اتعاب انتاج,620110,0.0
8025030 - تقديم 3000 ساعة عمل تطوعية لموظفين شركة الكهرباء,Operating Expense,Production fees - 620110 - اتعاب انتاج,620110,0.0
8025040 - مصنع الابتكار - اشوكا,Operating Expense,Production fees - 620110 - اتعاب انتاج,620110,0.0
8025050 - حصر الاحتياج التدريبي في منظومة الصحة,Operating Expense,Production fees - 620110 - اتعاب انتاج,620110,0.0
8025060 - مجموعات عمل التطوع التكافلي,Operating Expense,Production fees - 620110 - اتعاب انتاج,620110,0.0
8025070 - سفر الإفطار في الحرم المكي,Operating Expense,Production fees - 620110 - اتعاب انتاج,620110,0.0
8025080 - سوق الدار,Operating Expense,Production fees - 620110 - اتعاب انتاج,620110,0.0
8025090 - هاكاثون الوعي المعرفي,Operating Expense,Production fees - 620110 - اتعاب انتاج,620110,0.0
8025100 - مشروع منظومة عمل إدارة دراسات الحالة,Operating Expense,Production fees - 620110 - اتعاب انتاج,620110,0.0
8025110 - مشروع خارطة الاستثمار الاجتماعي في قطاع الشباب,Operating Expense,Production fees - 620110 - اتعاب انتاج,620110,0.0
8025120 - مشروع تقديم خدمات استشارية لأكاديمية الفوزان,Operating Expense,Production fees - 620110 - اتعاب انتاج,620110,0.0
8026010 - تأسيس وحدة الاستثمار الاجتماعي مع جمعية متلازمة النجاح,Operating Expense,Production fees - 620110 - اتعاب انتاج,620110,0.0
8026020 - التأهيل للتوظيف,Operating Expense,Production fees - 620110 - اتعاب انتاج,620110,0.0
8026030 - حاضنة أثر الطاقة الاجتماعية,Operating Expense,Production fees - 620110 - اتعاب انتاج,620110,0.0
Untagged,Operating Expense,Production fees - 620110 - اتعاب انتاج,620110,0.0
Overall,Operating Expense,Professiomal fees - 630111 - اتعاب مهنية ومحاماة,630111,10000.0
8000010 - تسوية مراكز التكلفة تكامل,Operating Expense,Professiomal fees - 630111 - اتعاب مهنية ومحاماة,630111,0.0
8000011 - المصاريف العمومية والادارية تكامل,Operating Expense,Professiomal fees - 630111 - اتعاب مهنية ومحاماة,630111,10000.0
8000020 - مصاريف بيعية وتسويقية تكامل,Operating Expense,Professiomal fees - 630111 - اتعاب مهنية ومحاماة,630111,0.0
8000030 - تدريب وتطوير تكامل,Operating Expense,Professiomal fees - 630111 - اتعاب مهنية ومحاماة,630111,0.0
8000040 - مكتب ادارة المشاريع تكامل,Operating Expense,Professiomal fees - 630111 - اتعاب مهنية ومحاماة,630111,0.0
8000050 - الاتصال المؤسسي تكامل,Operating Expense,Professiomal fees - 630111 - اتعاب مهنية ومحاماة,630111,0.0
8000060 - منصة قياس الأثر,Operating Expense,Professiomal fees - 630111 - اتعاب مهنية ومحاماة,630111,0.0
8023010 - إنشاء مقار إدارة العمل التطوعي لخدمة ضيوف الرحمن,Operating Expense,Professiomal fees - 630111 - اتعاب مهنية ومحاماة,630111,0.0
8023020 - منهجية عمل تعزز البنية المؤسسية للمنظمات غير الربحية,Operating Expense,Professiomal fees - 630111 - اتعاب مهنية ومحاماة,630111,0.0
8023030 - رفع الوعي الفني لدى منظمات القطاع غير الربحي,Operating Expense,Professiomal fees - 630111 - اتعاب مهنية ومحاماة,630111,0.0
8024010 - مشروع تقديم خدمات تأسيس وتفعيل وحدات ومراكز العمل التطوعي,Operating Expense,Professiomal fees - 630111 - اتعاب مهنية ومحاماة,630111,0.0
8024020 - مشروع الخدمات اللوجستية للعاملين في القطاع غير الربحي,Operating Expense,Professiomal fees - 630111 - اتعاب مهنية ومحاماة,630111,0.0
8024030 - تمكين الجمعيات المتخصصة العاملة في القطاع غير الربحي,Operating Expense,Professiomal fees - 630111 - اتعاب مهنية ومحاماة,630111,0.0
8024040 - تقديم الخدمات اللوجستية للتدريب في برنامج رائد,Operating Expense,Professiomal fees - 630111 - اتعاب مهنية ومحاماة,630111,0.0
8025010 - مشروع العربة,Operating Expense,Professiomal fees - 630111 - اتعاب مهنية ومحاماة,630111,0.0
8025020 - مشروع وزارة الرياضة,Operating Expense,Professiomal fees - 630111 - اتعاب مهنية ومحاماة,630111,0.0
8025030 - تقديم 3000 ساعة عمل تطوعية لموظفين شركة الكهرباء,Operating Expense,Professiomal fees - 630111 - اتعاب مهنية ومحاماة,630111,0.0
8025040 - مصنع الابتكار - اشوكا,Operating Expense,Professiomal fees - 630111 - اتعاب مهنية ومحاماة,630111,0.0
8025050 - حصر الاحتياج التدريبي في منظومة الصحة,Operating Expense,Professiomal fees - 630111 - اتعاب مهنية ومحاماة,630111,0.0
8025060 - مجموعات عمل التطوع التكافلي,Operating Expense,Professiomal fees - 630111 - اتعاب مهنية ومحاماة,630111,0.0
8025070 - سفر الإفطار في الحرم المكي,Operating Expense,Professiomal fees - 630111 - اتعاب مهنية ومحاماة,630111,0.0
8025080 - سوق الدار,Operating Expense,Professiomal fees - 630111 - اتعاب مهنية ومحاماة,630111,0.0
8025090 - هاكاثون الوعي المعرفي,Operating Expense,Professiomal fees - 630111 - اتعاب مهنية ومحاماة,630111,0.0
8025100 - مشروع منظومة عمل إدارة دراسات الحالة,Operating Expense,Professiomal fees - 630111 - اتعاب مهنية ومحاماة,630111,0.0
8025110 - مشروع خارطة الاستثمار الاجتماعي في قطاع الشباب,Operating Expense,Professiomal fees - 630111 - اتعاب مهنية ومحاماة,630111,0.0
8025120 - مشروع تقديم خدمات استشارية لأكاديمية الفوزان,Operating Expense,Professiomal fees - 630111 - اتعاب مهنية ومحاماة,630111,0.0
8026010 - تأسيس وحدة الاستثمار الاجتماعي مع جمعية متلازمة النجاح,Operating Expense,Professiomal fees - 630111 - اتعاب مهنية ومحاماة,630111,0.0
8026020 - التأهيل للتوظيف,Operating Expense,Professiomal fees - 630111 - اتعاب مهنية ومحاماة,630111,0.0
8026030 - حاضنة أثر الطاقة الاجتماعية,Operating Expense,Professiomal fees - 630111 - اتعاب مهنية ومحاماة,630111,0.0
Untagged,Operating Expense,Professiomal fees - 630111 - اتعاب مهنية ومحاماة,630111,0.0
Overall,Operating Expense,Purchase Discounts,,-274.5
8000010 - تسوية مراكز التكلفة تكامل,Operating Expense,Purchase Discounts,,0.0
8000011 - المصاريف العمومية والادارية تكامل,Operating Expense,Purchase Discounts,,0.0
8000020 - مصاريف بيعية وتسويقية تكامل,Operating Expense,Purchase Discounts,,0.0
8000030 - تدريب وتطوير تكامل,Operating Expense,Purchase Discounts,,0.0
8000040 - مكتب ادارة المشاريع تكامل,Operating Expense,Purchase Discounts,,0.0
8000050 - الاتصال المؤسسي تكامل,Operating Expense,Purchase Discounts,,0.0
8000060 - منصة قياس الأثر,Operating Expense,Purchase Discounts,,0.0
8023010 - إنشاء مقار إدارة العمل التطوعي لخدمة ضيوف الرحمن,Operating Expense,Purchase Discounts,,0.0
8023020 - منهجية عمل تعزز البنية المؤسسية للمنظمات غير الربحية,Operating Expense,Purchase Discounts,,0.0
8023030 - رفع الوعي الفني لدى منظمات القطاع غير الربحي,Operating Expense,Purchase Discounts,,0.0
8024010 - مشروع تقديم خدمات تأسيس وتفعيل وحدات ومراكز العمل التطوعي,Operating Expense,Purchase Discounts,,0.0
8024020 - مشروع الخدمات اللوجستية للعاملين في القطاع غير الربحي,Operating Expense,Purchase Discounts,,0.0
8024030 - تمكين الجمعيات المتخصصة العاملة في القطاع غير الربحي,Operating Expense,Purchase Discounts,,0.0
8024040 - تقديم الخدمات اللوجستية للتدريب في برنامج رائد,Operating Expense,Purchase Discounts,,0.0
8025010 - مشروع العربة,Operating Expense,Purchase Discounts,,0.0
8025020 - مشروع وزارة الرياضة,Operating Expense,Purchase Discounts,,0.0
8025030 - تقديم 3000 ساعة عمل تطوعية لموظفين شركة الكهرباء,Operating Expense,Purchase Discounts,,0.0
8025040 - مصنع الابتكار - اشوكا,Operating Expense,Purchase Discounts,,0.0
8025050 - حصر الاحتياج التدريبي في منظومة الصحة,Operating Expense,Purchase Discounts,,0.0
8025060 - مجموعات عمل التطوع التكافلي,Operating Expense,Purchase Discounts,,0.0
8025070 - سفر الإفطار في الحرم المكي,Operating Expense,Purchase Discounts,,0.0
8025080 - سوق الدار,Operating Expense,Purchase Discounts,,0.0
8025090 - هاكاثون الوعي المعرفي,Operating Expense,Purchase Discounts,,0.0
8025100 - مشروع منظومة عمل إدارة دراسات الحالة,Operating Expense,Purchase Discounts,,0.0
8025110 - مشروع خارطة الاستثمار الاجتماعي في قطاع الشباب,Operating Expense,Purchase Discounts,,0.0
8025120 - مشروع تقديم خدمات استشارية لأكاديمية الفوزان,Operating Expense,Purchase Discounts,,0.0
8026010 - تأسيس وحدة الاستثمار الاجتماعي مع جمعية متلازمة النجاح,Operating Expense,Purchase Discounts,,0.0
8026020 - التأهيل للتوظيف,Operating Expense,Purchase Discounts,,0.0
8026030 - حاضنة أثر الطاقة الاجتماعية,Operating Expense,Purchase Discounts,,0.0
Untagged,Operating Expense,Purchase Discounts,,-274.5
Overall,Operating Expense,Re-exit visa - 610204 - رسوم تأشيرة خروج وعودة,610204,200.0
8000010 - تسوية مراكز التكلفة تكامل,Operating Expense,Re-exit visa - 610204 - رسوم تأشيرة خروج وعودة,610204,0.0
8000011 - المصاريف العمومية والادارية تكامل,Operating Expense,Re-exit visa - 610204 - رسوم تأشيرة خروج وعودة,610204,200.0
8000020 - مصاريف بيعية وتسويقية تكامل,Operating Expense,Re-exit visa - 610204 - رسوم تأشيرة خروج وعودة,610204,0.0
8000030 - تدريب وتطوير تكامل,Operating Expense,Re-exit visa - 610204 - رسوم تأشيرة خروج وعودة,610204,0.0
8000040 - مكتب ادارة المشاريع تكامل,Operating Expense,Re-exit visa - 610204 - رسوم تأشيرة خروج وعودة,610204,0.0
8000050 - الاتصال المؤسسي تكامل,Operating Expense,Re-exit visa - 610204 - رسوم تأشيرة خروج وعودة,610204,0.0
8000060 - منصة قياس الأثر,Operating Expense,Re-exit visa - 610204 - رسوم تأشيرة خروج وعودة,610204,0.0
8023010 - إنشاء مقار إدارة العمل التطوعي لخدمة ضيوف الرحمن,Operating Expense,Re-exit visa - 610204 - رسوم تأشيرة خروج وعودة,610204,0.0
8023020 - منهجية عمل تعزز البنية المؤسسية للمنظمات غير الربحية,Operating Expense,Re-exit visa - 610204 - رسوم تأشيرة خروج وعودة,610204,0.0
8023030 - رفع الوعي الفني لدى منظمات القطاع غير الربحي,Operating Expense,Re-exit visa - 610204 - رسوم تأشيرة خروج وعودة,610204,0.0
8024010 - مشروع تقديم خدمات تأسيس وتفعيل وحدات ومراكز العمل التطوعي,Operating Expense,Re-exit visa - 610204 - رسوم تأشيرة خروج وعودة,610204,0.0
8024020 - مشروع الخدمات اللوجستية للعاملين في القطاع غير الربحي,Operating Expense,Re-exit visa - 610204 - رسوم تأشيرة خروج وعودة,610204,0.0
8024030 - تمكين الجمعيات المتخصصة العاملة في القطاع غير الربحي,Operating Expense,Re-exit visa - 610204 - رسوم تأشيرة خروج وعودة,610204,0.0
8024040 - تقديم الخدمات اللوجستية للتدريب في برنامج رائد,Operating Expense,Re-exit visa - 610204 - رسوم تأشيرة خروج وعودة,610204,0.0
8025010 - مشروع العربة,Operating Expense,Re-exit visa - 610204 - رسوم تأشيرة خروج وعودة,610204,0.0
8025020 - مشروع وزارة الرياضة,Operating Expense,Re-exit visa - 610204 - رسوم تأشيرة خروج وعودة,610204,0.0
8025030 - تقديم 3000 ساعة عمل تطوعية لموظفين شركة الكهرباء,Operating Expense,Re-exit visa - 610204 - رسوم تأشيرة خروج وعودة,610204,0.0
8025040 - مصنع الابتكار - اشوكا,Operating Expense,Re-exit visa - 610204 - رسوم تأشيرة خروج وعودة,610204,0.0
8025050 - حصر الاحتياج التدريبي في منظومة الصحة,Operating Expense,Re-exit visa - 610204 - رسوم تأشيرة خروج وعودة,610204,0.0
8025060 - مجموعات عمل التطوع التكافلي,Operating Expense,Re-exit visa - 610204 - رسوم تأشيرة خروج وعودة,610204,0.0
8025070 - سفر الإفطار في الحرم المكي,Operating Expense,Re-exit visa - 610204 - رسوم تأشيرة خروج وعودة,610204,0.0
8025080 - سوق الدار,Operating Expense,Re-exit visa - 610204 - رسوم تأشيرة خروج وعودة,610204,0.0
8025090 - هاكاثون الوعي المعرفي,Operating Expense,Re-exit visa - 610204 - رسوم تأشيرة خروج وعودة,610204,0.0
8025100 - مشروع منظومة عمل إدارة دراسات الحالة,Operating Expense,Re-exit visa - 610204 - رسوم تأشيرة خروج وعودة,610204,0.0
8025110 - مشروع خارطة الاستثمار الاجتماعي في قطاع الشباب,Operating Expense,Re-exit visa - 610204 - رسوم تأشيرة خروج وعودة,610204,0.0
8025120 - مشروع تقديم خدمات استشارية لأكاديمية الفوزان,Operating Expense,Re-exit visa - 610204 - رسوم تأشيرة خروج وعودة,610204,0.0
8026010 - تأسيس وحدة الاستثمار الاجتماعي مع جمعية متلازمة النجاح,Operating Expense,Re-exit visa - 610204 - رسوم تأشيرة خروج وعودة,610204,0.0
8026020 - التأهيل للتوظيف,Operating Expense,Re-exit visa - 610204 - رسوم تأشيرة خروج وعودة,610204,0.0
8026030 - حاضنة أثر الطاقة الاجتماعية,Operating Expense,Re-exit visa - 610204 - رسوم تأشيرة خروج وعودة,610204,0.0
Untagged,Operating Expense,Re-exit visa - 610204 - رسوم تأشيرة خروج وعودة,610204,0.0
Overall,Operating Expense,rent - 630101 - ايجارات,630101,140433.34
8000010 - تسوية مراكز التكلفة تكامل,Operating Expense,rent - 630101 - ايجارات,630101,0.0
8000011 - المصاريف العمومية والادارية تكامل,Operating Expense,rent - 630101 - ايجارات,630101,140433.34
8000020 - مصاريف بيعية وتسويقية تكامل,Operating Expense,rent - 630101 - ايجارات,630101,0.0
8000030 - تدريب وتطوير تكامل,Operating Expense,rent - 630101 - ايجارات,630101,0.0
8000040 - مكتب ادارة المشاريع تكامل,Operating Expense,rent - 630101 - ايجارات,630101,0.0
8000050 - الاتصال المؤسسي تكامل,Operating Expense,rent - 630101 - ايجارات,630101,0.0
8000060 - منصة قياس الأثر,Operating Expense,rent - 630101 - ايجارات,630101,0.0
8023010 - إنشاء مقار إدارة العمل التطوعي لخدمة ضيوف الرحمن,Operating Expense,rent - 630101 - ايجارات,630101,0.0
8023020 - منهجية عمل تعزز البنية المؤسسية للمنظمات غير الربحية,Operating Expense,rent - 630101 - ايجارات,630101,0.0
8023030 - رفع الوعي الفني لدى منظمات القطاع غير الربحي,Operating Expense,rent - 630101 - ايجارات,630101,0.0
8024010 - مشروع تقديم خدمات تأسيس وتفعيل وحدات ومراكز العمل التطوعي,Operating Expense,rent - 630101 - ايجارات,630101,0.0
8024020 - مشروع الخدمات اللوجستية للعاملين في القطاع غير الربحي,Operating Expense,rent - 630101 - ايجارات,630101,0.0
8024030 - تمكين الجمعيات المتخصصة العاملة في القطاع غير الربحي,Operating Expense,rent - 630101 - ايجارات,630101,0.0
8024040 - تقديم الخدمات اللوجستية للتدريب في برنامج رائد,Operating Expense,rent - 630101 - ايجارات,630101,0.0
8025010 - مشروع العربة,Operating Expense,rent - 630101 - ايجارات,630101,0.0
8025020 - مشروع وزارة الرياضة,Operating Expense,rent - 630101 - ايجارات,630101,0.0
8025030 - تقديم 3000 ساعة عمل تطوعية لموظفين شركة الكهرباء,Operating Expense,rent - 630101 - ايجارات,630101,0.0
8025040 - مصنع الابتكار - اشوكا,Operating Expense,rent - 630101 - ايجارات,630101,0.0
8025050 - حصر الاحتياج التدريبي في منظومة الصحة,Operating Expense,rent - 630101 - ايجارات,630101,0.0
8025060 - مجموعات عمل التطوع التكافلي,Operating Expense,rent - 630101 - ايجارات,630101,0.0
8025070 - سفر الإفطار في الحرم المكي,Operating Expense,rent - 630101 - ايجارات,630101,0.0
8025080 - سوق الدار,Operating Expense,rent - 630101 - ايجارات,630101,0.0
8025090 - هاكاثون الوعي المعرفي,Operating Expense,rent - 630101 - ايجارات,630101,0.0
8025100 - مشروع منظومة عمل إدارة دراسات الحالة,Operating Expense,rent - 630101 - ايجارات,630101,0.0
8025110 - مشروع خارطة الاستثمار الاجتماعي في قطاع الشباب,Operating Expense,rent - 630101 - ايجارات,630101,0.0
8025120 - مشروع تقديم خدمات استشارية لأكاديمية الفوزان,Operating Expense,rent - 630101 - ايجارات,630101,0.0
8026010 - تأسيس وحدة الاستثمار الاجتماعي مع جمعية متلازمة النجاح,Operating Expense,rent - 630101 - ايجارات,630101,0.0
8026020 - التأهيل للتوظيف,Operating Expense,rent - 630101 - ايجارات,630101,0.0
8026030 - حاضنة أثر الطاقة الاجتماعية,Operating Expense,rent - 630101 - ايجارات,630101,0.0
Untagged,Operating Expense,rent - 630101 - ايجارات,630101,0.0
Overall,Operating Expense,Shipping and delivery fees - 721305 - ارساليات و رسوم توصيل,721305,101.0
8000010 - تسوية مراكز التكلفة تكامل,Operating Expense,Shipping and delivery fees - 721305 - ارساليات و رسوم توصيل,721305,0.0
8000011 - المصاريف العمومية والادارية تكامل,Operating Expense,Shipping and delivery fees - 721305 - ارساليات و رسوم توصيل,721305,0.0
8000020 - مصاريف بيعية وتسويقية تكامل,Operating Expense,Shipping and delivery fees - 721305 - ارساليات و رسوم توصيل,721305,101.0
8000030 - تدريب وتطوير تكامل,Operating Expense,Shipping and delivery fees - 721305 - ارساليات و رسوم توصيل,721305,0.0
8000040 - مكتب ادارة المشاريع تكامل,Operating Expense,Shipping and delivery fees - 721305 - ارساليات و رسوم توصيل,721305,0.0
8000050 - الاتصال المؤسسي تكامل,Operating Expense,Shipping and delivery fees - 721305 - ارساليات و رسوم توصيل,721305,0.0
8000060 - منصة قياس الأثر,Operating Expense,Shipping and delivery fees - 721305 - ارساليات و رسوم توصيل,721305,0.0
8023010 - إنشاء مقار إدارة العمل التطوعي لخدمة ضيوف الرحمن,Operating Expense,Shipping and delivery fees - 721305 - ارساليات و رسوم توصيل,721305,0.0
8023020 - منهجية عمل تعزز البنية المؤسسية للمنظمات غير الربحية,Operating Expense,Shipping and delivery fees - 721305 - ارساليات و رسوم توصيل,721305,0.0
8023030 - رفع الوعي الفني لدى منظمات القطاع غير الربحي,Operating Expense,Shipping and delivery fees - 721305 - ارساليات و رسوم توصيل,721305,0.0
8024010 - مشروع تقديم خدمات تأسيس وتفعيل وحدات ومراكز العمل التطوعي,Operating Expense,Shipping and delivery fees - 721305 - ارساليات و رسوم توصيل,721305,0.0
8024020 - مشروع الخدمات اللوجستية للعاملين في القطاع غير الربحي,Operating Expense,Shipping and delivery fees - 721305 - ارساليات و رسوم توصيل,721305,0.0
8024030 - تمكين الجمعيات المتخصصة العاملة في القطاع غير الربحي,Operating Expense,Shipping and delivery fees - 721305 - ارساليات و رسوم توصيل,721305,0.0
8024040 - تقديم الخدمات اللوجستية للتدريب في برنامج رائد,Operating Expense,Shipping and delivery fees - 721305 - ارساليات و رسوم توصيل,721305,0.0
8025010 - مشروع العربة,Operating Expense,Shipping and delivery fees - 721305 - ارساليات و رسوم توصيل,721305,0.0
8025020 - مشروع وزارة الرياضة,Operating Expense,Shipping and delivery fees - 721305 - ارساليات و رسوم توصيل,721305,0.0
8025030 - تقديم 3000 ساعة عمل تطوعية لموظفين شركة الكهرباء,Operating Expense,Shipping and delivery fees - 721305 - ارساليات و رسوم توصيل,721305,0.0
8025040 - مصنع الابتكار - اشوكا,Operating Expense,Shipping and delivery fees - 721305 - ارساليات و رسوم توصيل,721305,0.0
8025050 - حصر الاحتياج التدريبي في منظومة الصحة,Operating Expense,Shipping and delivery fees - 721305 - ارساليات و رسوم توصيل,721305,0.0
8025060 - مجموعات عمل التطوع التكافلي,Operating Expense,Shipping and delivery fees - 721305 - ارساليات و رسوم توصيل,721305,0.0
8025070 - سفر الإفطار في الحرم المكي,Operating Expense,Shipping and delivery fees - 721305 - ارساليات و رسوم توصيل,721305,0.0
8025080 - سوق الدار,Operating Expense,Shipping and delivery fees - 721305 - ارساليات و رسوم توصيل,721305,0.0
8025090 - هاكاثون الوعي المعرفي,Operating Expense,Shipping and delivery fees - 721305 - ارساليات و رسوم توصيل,721305,0.0
8025100 - مشروع منظومة عمل إدارة دراسات الحالة,Operating Expense,Shipping and delivery fees - 721305 - ارساليات و رسوم توصيل,721305,0.0
8025110 - مشروع خارطة الاستثمار الاجتماعي في قطاع الشباب,Operating Expense,Shipping and delivery fees - 721305 - ارساليات و رسوم توصيل,721305,0.0
8025120 - مشروع تقديم خدمات استشارية لأكاديمية الفوزان,Operating Expense,Shipping and delivery fees - 721305 - ارساليات و رسوم توصيل,721305,0.0
8026010 - تأسيس وحدة الاستثمار الاجتماعي مع جمعية متلازمة النجاح,Operating Expense,Shipping and delivery fees - 721305 - ارساليات و رسوم توصيل,721305,0.0
8026020 - التأهيل للتوظيف,Operating Expense,Shipping and delivery fees - 721305 - ارساليات و رسوم توصيل,721305,0.0
8026030 - حاضنة أثر الطاقة الاجتماعية,Operating Expense,Shipping and delivery fees - 721305 - ارساليات و رسوم توصيل,721305,0.0
Untagged,Operating Expense,Shipping and delivery fees - 721305 - ارساليات و رسوم توصيل,721305,0.0
Overall,Operating Expense,SMS fees - 621306 - شحن رسائل SMS,621306,200.0
8000010 - تسوية مراكز التكلفة تكامل,Operating Expense,SMS fees - 621306 - شحن رسائل SMS,621306,0.0
8000011 - المصاريف العمومية والادارية تكامل,Operating Expense,SMS fees - 621306 - شحن رسائل SMS,621306,200.0
8000020 - مصاريف بيعية وتسويقية تكامل,Operating Expense,SMS fees - 621306 - شحن رسائل SMS,621306,0.0
8000030 - تدريب وتطوير تكامل,Operating Expense,SMS fees - 621306 - شحن رسائل SMS,621306,0.0
8000040 - مكتب ادارة المشاريع تكامل,Operating Expense,SMS fees - 621306 - شحن رسائل SMS,621306,0.0
8000050 - الاتصال المؤسسي تكامل,Operating Expense,SMS fees - 621306 - شحن رسائل SMS,621306,0.0
8000060 - منصة قياس الأثر,Operating Expense,SMS fees - 621306 - شحن رسائل SMS,621306,0.0
8023010 - إنشاء مقار إدارة العمل التطوعي لخدمة ضيوف الرحمن,Operating Expense,SMS fees - 621306 - شحن رسائل SMS,621306,0.0
8023020 - منهجية عمل تعزز البنية المؤسسية للمنظمات غير الربحية,Operating Expense,SMS fees - 621306 - شحن رسائل SMS,621306,0.0
8023030 - رفع الوعي الفني لدى منظمات القطاع غير الربحي,Operating Expense,SMS fees - 621306 - شحن رسائل SMS,621306,0.0
8024010 - مشروع تقديم خدمات تأسيس وتفعيل وحدات ومراكز العمل التطوعي,Operating Expense,SMS fees - 621306 - شحن رسائل SMS,621306,0.0
8024020 - مشروع الخدمات اللوجستية للعاملين في القطاع غير الربحي,Operating Expense,SMS fees - 621306 - شحن رسائل SMS,621306,0.0
8024030 - تمكين الجمعيات المتخصصة العاملة في القطاع غير الربحي,Operating Expense,SMS fees - 621306 - شحن رسائل SMS,621306,0.0
8024040 - تقديم الخدمات اللوجستية للتدريب في برنامج رائد,Operating Expense,SMS fees - 621306 - شحن رسائل SMS,621306,0.0
8025010 - مشروع العربة,Operating Expense,SMS fees - 621306 - شحن رسائل SMS,621306,0.0
8025020 - مشروع وزارة الرياضة,Operating Expense,SMS fees - 621306 - شحن رسائل SMS,621306,0.0
8025030 - تقديم 3000 ساعة عمل تطوعية لموظفين شركة الكهرباء,Operating Expense,SMS fees - 621306 - شحن رسائل SMS,621306,0.0
8025040 - مصنع الابتكار - اشوكا,Operating Expense,SMS fees - 621306 - شحن رسائل SMS,621306,0.0
8025050 - حصر الاحتياج التدريبي في منظومة الصحة,Operating Expense,SMS fees - 621306 - شحن رسائل SMS,621306,0.0
8025060 - مجموعات عمل التطوع التكافلي,Operating Expense,SMS fees - 621306 - شحن رسائل SMS,621306,0.0
8025070 - سفر الإفطار في الحرم المكي,Operating Expense,SMS fees - 621306 - شحن رسائل SMS,621306,0.0
8025080 - سوق الدار,Operating Expense,SMS fees - 621306 - شحن رسائل SMS,621306,0.0
8025090 - هاكاثون الوعي المعرفي,Operating Expense,SMS fees - 621306 - شحن رسائل SMS,621306,0.0
8025100 - مشروع منظومة عمل إدارة دراسات الحالة,Operating Expense,SMS fees - 621306 - شحن رسائل SMS,621306,0.0
8025110 - مشروع خارطة الاستثمار الاجتماعي في قطاع الشباب,Operating Expense,SMS fees - 621306 - شحن رسائل SMS,621306,0.0
8025120 - مشروع تقديم خدمات استشارية لأكاديمية الفوزان,Operating Expense,SMS fees - 621306 - شحن رسائل SMS,621306,0.0
8026010 - تأسيس وحدة الاستثمار الاجتماعي مع جمعية متلازمة النجاح,Operating Expense,SMS fees - 621306 - شحن رسائل SMS,621306,0.0
8026020 - التأهيل للتوظيف,Operating Expense,SMS fees - 621306 - شحن رسائل SMS,621306,0.0
8026030 - حاضنة أثر الطاقة الاجتماعية,Operating Expense,SMS fees - 621306 - شحن رسائل SMS,621306,0.0
Untagged,Operating Expense,SMS fees - 621306 - شحن رسائل SMS,621306,0.0
Overall,Operating Expense,Software and application subscription - 621409 - اشتراكات برامج وتطبيقات,621409,8086.06
8000010 - تسوية مراكز التكلفة تكامل,Operating Expense,Software and application subscription - 621409 - اشتراكات برامج وتطبيقات,621409,0.0
8000011 - المصاريف العمومية والادارية تكامل,Operating Expense,Software and application subscription - 621409 - اشتراكات برامج وتطبيقات,621409,5243.28
8000020 - مصاريف بيعية وتسويقية تكامل,Operating Expense,Software and application subscription - 621409 - اشتراكات برامج وتطبيقات,621409,0.0
8000030 - تدريب وتطوير تكامل,Operating Expense,Software and application subscription - 621409 - اشتراكات برامج وتطبيقات,621409,0.0
8000040 - مكتب ادارة المشاريع تكامل,Operating Expense,Software and application subscription - 621409 - اشتراكات برامج وتطبيقات,621409,855.06
8000050 - الاتصال المؤسسي تكامل,Operating Expense,Software and application subscription - 621409 - اشتراكات برامج وتطبيقات,621409,0.0
8000060 - منصة قياس الأثر,Operating Expense,Software and application subscription - 621409 - اشتراكات برامج وتطبيقات,621409,1987.72
8023010 - إنشاء مقار إدارة العمل التطوعي لخدمة ضيوف الرحمن,Operating Expense,Software and application subscription - 621409 - اشتراكات برامج وتطبيقات,621409,0.0
8023020 - منهجية عمل تعزز البنية المؤسسية للمنظمات غير الربحية,Operating Expense,Software and application subscription - 621409 - اشتراكات برامج وتطبيقات,621409,0.0
8023030 - رفع الوعي الفني لدى منظمات القطاع غير الربحي,Operating Expense,Software and application subscription - 621409 - اشتراكات برامج وتطبيقات,621409,0.0
8024010 - مشروع تقديم خدمات تأسيس وتفعيل وحدات ومراكز العمل التطوعي,Operating Expense,Software and application subscription - 621409 - اشتراكات برامج وتطبيقات,621409,0.0
8024020 - مشروع الخدمات اللوجستية للعاملين في القطاع غير الربحي,Operating Expense,Software and application subscription - 621409 - اشتراكات برامج وتطبيقات,621409,0.0
8024030 - تمكين الجمعيات المتخصصة العاملة في القطاع غير الربحي,Operating Expense,Software and application subscription - 621409 - اشتراكات برامج وتطبيقات,621409,0.0
8024040 - تقديم الخدمات اللوجستية للتدريب في برنامج رائد,Operating Expense,Software and application subscription - 621409 - اشتراكات برامج وتطبيقات,621409,0.0
8025010 - مشروع العربة,Operating Expense,Software and application subscription - 621409 - اشتراكات برامج وتطبيقات,621409,0.0
8025020 - مشروع وزارة الرياضة,Operating Expense,Software and application subscription - 621409 - اشتراكات برامج وتطبيقات,621409,0.0
8025030 - تقديم 3000 ساعة عمل تطوعية لموظفين شركة الكهرباء,Operating Expense,Software and application subscription - 621409 - اشتراكات برامج وتطبيقات,621409,0.0
8025040 - مصنع الابتكار - اشوكا,Operating Expense,Software and application subscription - 621409 - اشتراكات برامج وتطبيقات,621409,0.0
8025050 - حصر الاحتياج التدريبي في منظومة الصحة,Operating Expense,Software and application subscription - 621409 - اشتراكات برامج وتطبيقات,621409,0.0
8025060 - مجموعات عمل التطوع التكافلي,Operating Expense,Software and application subscription - 621409 - اشتراكات برامج وتطبيقات,621409,0.0
8025070 - سفر الإفطار في الحرم المكي,Operating Expense,Software and application subscription - 621409 - اشتراكات برامج وتطبيقات,621409,0.0
8025080 - سوق الدار,Operating Expense,Software and application subscription - 621409 - اشتراكات برامج وتطبيقات,621409,0.0
8025090 - هاكاثون الوعي المعرفي,Operating Expense,Software and application subscription - 621409 - اشتراكات برامج وتطبيقات,621409,0.0
8025100 - مشروع منظومة عمل إدارة دراسات الحالة,Operating Expense,Software and application subscription - 621409 - اشتراكات برامج وتطبيقات,621409,0.0
8025110 - مشروع خارطة الاستثمار الاجتماعي في قطاع الشباب,Operating Expense,Software and application subscription - 621409 - اشتراكات برامج وتطبيقات,621409,0.0
8025120 - مشروع تقديم خدمات استشارية لأكاديمية الفوزان,Operating Expense,Software and application subscription - 621409 - اشتراكات برامج وتطبيقات,621409,0.0
8026010 - تأسيس وحدة الاستثمار الاجتماعي مع جمعية متلازمة النجاح,Operating Expense,Software and application subscription - 621409 - اشتراكات برامج وتطبيقات,621409,0.0
8026020 - التأهيل للتوظيف,Operating Expense,Software and application subscription - 621409 - اشتراكات برامج وتطبيقات,621409,0.0
8026030 - حاضنة أثر الطاقة الاجتماعية,Operating Expense,Software and application subscription - 621409 - اشتراكات برامج وتطبيقات,621409,0.0
Untagged,Operating Expense,Software and application subscription - 621409 - اشتراكات برامج وتطبيقات,621409,0.0
Overall,Operating Expense,Software and application subscription - 721409 - اشتراكات برامج وتطبيقات,721409,28557.56
8000010 - تسوية مراكز التكلفة تكامل,Operating Expense,Software and application subscription - 721409 - اشتراكات برامج وتطبيقات,721409,0.0
8000011 - المصاريف العمومية والادارية تكامل,Operating Expense,Software and application subscription - 721409 - اشتراكات برامج وتطبيقات,721409,0.0
8000020 - مصاريف بيعية وتسويقية تكامل,Operating Expense,Software and application subscription - 721409 - اشتراكات برامج وتطبيقات,721409,22774.19
8000030 - تدريب وتطوير تكامل,Operating Expense,Software and application subscription - 721409 - اشتراكات برامج وتطبيقات,721409,0.0
8000040 - مكتب ادارة المشاريع تكامل,Operating Expense,Software and application subscription - 721409 - اشتراكات برامج وتطبيقات,721409,0.0
8000050 - الاتصال المؤسسي تكامل,Operating Expense,Software and application subscription - 721409 - اشتراكات برامج وتطبيقات,721409,0.0
8000060 - منصة قياس الأثر,Operating Expense,Software and application subscription - 721409 - اشتراكات برامج وتطبيقات,721409,5783.37
8023010 - إنشاء مقار إدارة العمل التطوعي لخدمة ضيوف الرحمن,Operating Expense,Software and application subscription - 721409 - اشتراكات برامج وتطبيقات,721409,0.0
8023020 - منهجية عمل تعزز البنية المؤسسية للمنظمات غير الربحية,Operating Expense,Software and application subscription - 721409 - اشتراكات برامج وتطبيقات,721409,0.0
8023030 - رفع الوعي الفني لدى منظمات القطاع غير الربحي,Operating Expense,Software and application subscription - 721409 - اشتراكات برامج وتطبيقات,721409,0.0
8024010 - مشروع تقديم خدمات تأسيس وتفعيل وحدات ومراكز العمل التطوعي,Operating Expense,Software and application subscription - 721409 - اشتراكات برامج وتطبيقات,721409,0.0
8024020 - مشروع الخدمات اللوجستية للعاملين في القطاع غير الربحي,Operating Expense,Software and application subscription - 721409 - اشتراكات برامج وتطبيقات,721409,0.0
8024030 - تمكين الجمعيات المتخصصة العاملة في القطاع غير الربحي,Operating Expense,Software and application subscription - 721409 - اشتراكات برامج وتطبيقات,721409,0.0
8024040 - تقديم الخدمات اللوجستية للتدريب في برنامج رائد,Operating Expense,Software and application subscription - 721409 - اشتراكات برامج وتطبيقات,721409,0.0
8025010 - مشروع العربة,Operating Expense,Software and application subscription - 721409 - اشتراكات برامج وتطبيقات,721409,0.0
8025020 - مشروع وزارة الرياضة,Operating Expense,Software and application subscription - 721409 - اشتراكات برامج وتطبيقات,721409,0.0
8025030 - تقديم 3000 ساعة عمل تطوعية لموظفين شركة الكهرباء,Operating Expense,Software and application subscription - 721409 - اشتراكات برامج وتطبيقات,721409,0.0
8025040 - مصنع الابتكار - اشوكا,Operating Expense,Software and application subscription - 721409 - اشتراكات برامج وتطبيقات,721409,0.0
8025050 - حصر الاحتياج التدريبي في منظومة الصحة,Operating Expense,Software and application subscription - 721409 - اشتراكات برامج وتطبيقات,721409,0.0
8025060 - مجموعات عمل التطوع التكافلي,Operating Expense,Software and application subscription - 721409 - اشتراكات برامج وتطبيقات,721409,0.0
8025070 - سفر الإفطار في الحرم المكي,Operating Expense,Software and application subscription - 721409 - اشتراكات برامج وتطبيقات,721409,0.0
8025080 - سوق الدار,Operating Expense,Software and application subscription - 721409 - اشتراكات برامج وتطبيقات,721409,0.0
8025090 - هاكاثون الوعي المعرفي,Operating Expense,Software and application subscription - 721409 - اشتراكات برامج وتطبيقات,721409,0.0
8025100 - مشروع منظومة عمل إدارة دراسات الحالة,Operating Expense,Software and application subscription - 721409 - اشتراكات برامج وتطبيقات,721409,0.0
8025110 - مشروع خارطة الاستثمار الاجتماعي في قطاع الشباب,Operating Expense,Software and application subscription - 721409 - اشتراكات برامج وتطبيقات,721409,0.0
8025120 - مشروع تقديم خدمات استشارية لأكاديمية الفوزان,Operating Expense,Software and application subscription - 721409 - اشتراكات برامج وتطبيقات,721409,0.0
8026010 - تأسيس وحدة الاستثمار الاجتماعي مع جمعية متلازمة النجاح,Operating Expense,Software and application subscription - 721409 - اشتراكات برامج وتطبيقات,721409,0.0
8026020 - التأهيل للتوظيف,Operating Expense,Software and application subscription - 721409 - اشتراكات برامج وتطبيقات,721409,0.0
8026030 - حاضنة أثر الطاقة الاجتماعية,Operating Expense,Software and application subscription - 721409 - اشتراكات برامج وتطبيقات,721409,0.0
Untagged,Operating Expense,Software and application subscription - 721409 - اشتراكات برامج وتطبيقات,721409,0.0
Overall,Operating Expense,Sponosrship transfer - 610201 - نقل كفالات,610201,8000.0
8000010 - تسوية مراكز التكلفة تكامل,Operating Expense,Sponosrship transfer - 610201 - نقل كفالات,610201,0.0
8000011 - المصاريف العمومية والادارية تكامل,Operating Expense,Sponosrship transfer - 610201 - نقل كفالات,610201,8000.0
8000020 - مصاريف بيعية وتسويقية تكامل,Operating Expense,Sponosrship transfer - 610201 - نقل كفالات,610201,0.0
8000030 - تدريب وتطوير تكامل,Operating Expense,Sponosrship transfer - 610201 - نقل كفالات,610201,0.0
8000040 - مكتب ادارة المشاريع تكامل,Operating Expense,Sponosrship transfer - 610201 - نقل كفالات,610201,0.0
8000050 - الاتصال المؤسسي تكامل,Operating Expense,Sponosrship transfer - 610201 - نقل كفالات,610201,0.0
8000060 - منصة قياس الأثر,Operating Expense,Sponosrship transfer - 610201 - نقل كفالات,610201,0.0
8023010 - إنشاء مقار إدارة العمل التطوعي لخدمة ضيوف الرحمن,Operating Expense,Sponosrship transfer - 610201 - نقل كفالات,610201,0.0
8023020 - منهجية عمل تعزز البنية المؤسسية للمنظمات غير الربحية,Operating Expense,Sponosrship transfer - 610201 - نقل كفالات,610201,0.0
8023030 - رفع الوعي الفني لدى منظمات القطاع غير الربحي,Operating Expense,Sponosrship transfer - 610201 - نقل كفالات,610201,0.0
8024010 - مشروع تقديم خدمات تأسيس وتفعيل وحدات ومراكز العمل التطوعي,Operating Expense,Sponosrship transfer - 610201 - نقل كفالات,610201,0.0
8024020 - مشروع الخدمات اللوجستية للعاملين في القطاع غير الربحي,Operating Expense,Sponosrship transfer - 610201 - نقل كفالات,610201,0.0
8024030 - تمكين الجمعيات المتخصصة العاملة في القطاع غير الربحي,Operating Expense,Sponosrship transfer - 610201 - نقل كفالات,610201,0.0
8024040 - تقديم الخدمات اللوجستية للتدريب في برنامج رائد,Operating Expense,Sponosrship transfer - 610201 - نقل كفالات,610201,0.0
8025010 - مشروع العربة,Operating Expense,Sponosrship transfer - 610201 - نقل كفالات,610201,0.0
8025020 - مشروع وزارة الرياضة,Operating Expense,Sponosrship transfer - 610201 - نقل كفالات,610201,0.0
8025030 - تقديم 3000 ساعة عمل تطوعية لموظفين شركة الكهرباء,Operating Expense,Sponosrship transfer - 610201 - نقل كفالات,610201,0.0
8025040 - مصنع الابتكار - اشوكا,Operating Expense,Sponosrship transfer - 610201 - نقل كفالات,610201,0.0
8025050 - حصر الاحتياج التدريبي في منظومة الصحة,Operating Expense,Sponosrship transfer - 610201 - نقل كفالات,610201,0.0
8025060 - مجموعات عمل التطوع التكافلي,Operating Expense,Sponosrship transfer - 610201 - نقل كفالات,610201,0.0
8025070 - سفر الإفطار في الحرم المكي,Operating Expense,Sponosrship transfer - 610201 - نقل كفالات,610201,0.0
8025080 - سوق الدار,Operating Expense,Sponosrship transfer - 610201 - نقل كفالات,610201,0.0
8025090 - هاكاثون الوعي المعرفي,Operating Expense,Sponosrship transfer - 610201 - نقل كفالات,610201,0.0
8025100 - مشروع منظومة عمل إدارة دراسات الحالة,Operating Expense,Sponosrship transfer - 610201 - نقل كفالات,610201,0.0
8025110 - مشروع خارطة الاستثمار الاجتماعي في قطاع الشباب,Operating Expense,Sponosrship transfer - 610201 - نقل كفالات,610201,0.0
8025120 - مشروع تقديم خدمات استشارية لأكاديمية الفوزان,Operating Expense,Sponosrship transfer - 610201 - نقل كفالات,610201,0.0
8026010 - تأسيس وحدة الاستثمار الاجتماعي مع جمعية متلازمة النجاح,Operating Expense,Sponosrship transfer - 610201 - نقل كفالات,610201,0.0
8026020 - التأهيل للتوظيف,Operating Expense,Sponosrship transfer - 610201 - نقل كفالات,610201,0.0
8026030 - حاضنة أثر الطاقة الاجتماعية,Operating Expense,Sponosrship transfer - 610201 - نقل كفالات,610201,0.0
Untagged,Operating Expense,Sponosrship transfer - 610201 - نقل كفالات,610201,0.0
Overall,Operating Expense,Stationery - 620801 - قرطاسية,620801,2121.58
8000010 - تسوية مراكز التكلفة تكامل,Operating Expense,Stationery - 620801 - قرطاسية,620801,0.0
8000011 - المصاريف العمومية والادارية تكامل,Operating Expense,Stationery - 620801 - قرطاسية,620801,2121.58
8000020 - مصاريف بيعية وتسويقية تكامل,Operating Expense,Stationery - 620801 - قرطاسية,620801,0.0
8000030 - تدريب وتطوير تكامل,Operating Expense,Stationery - 620801 - قرطاسية,620801,0.0
8000040 - مكتب ادارة المشاريع تكامل,Operating Expense,Stationery - 620801 - قرطاسية,620801,0.0
8000050 - الاتصال المؤسسي تكامل,Operating Expense,Stationery - 620801 - قرطاسية,620801,0.0
8000060 - منصة قياس الأثر,Operating Expense,Stationery - 620801 - قرطاسية,620801,0.0
8023010 - إنشاء مقار إدارة العمل التطوعي لخدمة ضيوف الرحمن,Operating Expense,Stationery - 620801 - قرطاسية,620801,0.0
8023020 - منهجية عمل تعزز البنية المؤسسية للمنظمات غير الربحية,Operating Expense,Stationery - 620801 - قرطاسية,620801,0.0
8023030 - رفع الوعي الفني لدى منظمات القطاع غير الربحي,Operating Expense,Stationery - 620801 - قرطاسية,620801,0.0
8024010 - مشروع تقديم خدمات تأسيس وتفعيل وحدات ومراكز العمل التطوعي,Operating Expense,Stationery - 620801 - قرطاسية,620801,0.0
8024020 - مشروع الخدمات اللوجستية للعاملين في القطاع غير الربحي,Operating Expense,Stationery - 620801 - قرطاسية,620801,0.0
8024030 - تمكين الجمعيات المتخصصة العاملة في القطاع غير الربحي,Operating Expense,Stationery - 620801 - قرطاسية,620801,0.0
8024040 - تقديم الخدمات اللوجستية للتدريب في برنامج رائد,Operating Expense,Stationery - 620801 - قرطاسية,620801,0.0
8025010 - مشروع العربة,Operating Expense,Stationery - 620801 - قرطاسية,620801,0.0
8025020 - مشروع وزارة الرياضة,Operating Expense,Stationery - 620801 - قرطاسية,620801,0.0
8025030 - تقديم 3000 ساعة عمل تطوعية لموظفين شركة الكهرباء,Operating Expense,Stationery - 620801 - قرطاسية,620801,0.0
8025040 - مصنع الابتكار - اشوكا,Operating Expense,Stationery - 620801 - قرطاسية,620801,0.0
8025050 - حصر الاحتياج التدريبي في منظومة الصحة,Operating Expense,Stationery - 620801 - قرطاسية,620801,0.0
8025060 - مجموعات عمل التطوع التكافلي,Operating Expense,Stationery - 620801 - قرطاسية,620801,0.0
8025070 - سفر الإفطار في الحرم المكي,Operating Expense,Stationery - 620801 - قرطاسية,620801,0.0
8025080 - سوق الدار,Operating Expense,Stationery - 620801 - قرطاسية,620801,0.0
8025090 - هاكاثون الوعي المعرفي,Operating Expense,Stationery - 620801 - قرطاسية,620801,0.0
8025100 - مشروع منظومة عمل إدارة دراسات الحالة,Operating Expense,Stationery - 620801 - قرطاسية,620801,0.0
8025110 - مشروع خارطة الاستثمار الاجتماعي في قطاع الشباب,Operating Expense,Stationery - 620801 - قرطاسية,620801,0.0
8025120 - مشروع تقديم خدمات استشارية لأكاديمية الفوزان,Operating Expense,Stationery - 620801 - قرطاسية,620801,0.0
8026010 - تأسيس وحدة الاستثمار الاجتماعي مع جمعية متلازمة النجاح,Operating Expense,Stationery - 620801 - قرطاسية,620801,0.0
8026020 - التأهيل للتوظيف,Operating Expense,Stationery - 620801 - قرطاسية,620801,0.0
8026030 - حاضنة أثر الطاقة الاجتماعية,Operating Expense,Stationery - 620801 - قرطاسية,620801,0.0
Untagged,Operating Expense,Stationery - 620801 - قرطاسية,620801,0.0
Overall,Operating Expense,Technical and electronic tools - 630116 - ادوات تقنية والكترونية وعدد,630116,20421.25
8000010 - تسوية مراكز التكلفة تكامل,Operating Expense,Technical and electronic tools - 630116 - ادوات تقنية والكترونية وعدد,630116,0.0
8000011 - المصاريف العمومية والادارية تكامل,Operating Expense,Technical and electronic tools - 630116 - ادوات تقنية والكترونية وعدد,630116,20421.25
8000020 - مصاريف بيعية وتسويقية تكامل,Operating Expense,Technical and electronic tools - 630116 - ادوات تقنية والكترونية وعدد,630116,0.0
8000030 - تدريب وتطوير تكامل,Operating Expense,Technical and electronic tools - 630116 - ادوات تقنية والكترونية وعدد,630116,0.0
8000040 - مكتب ادارة المشاريع تكامل,Operating Expense,Technical and electronic tools - 630116 - ادوات تقنية والكترونية وعدد,630116,0.0
8000050 - الاتصال المؤسسي تكامل,Operating Expense,Technical and electronic tools - 630116 - ادوات تقنية والكترونية وعدد,630116,0.0
8000060 - منصة قياس الأثر,Operating Expense,Technical and electronic tools - 630116 - ادوات تقنية والكترونية وعدد,630116,0.0
8023010 - إنشاء مقار إدارة العمل التطوعي لخدمة ضيوف الرحمن,Operating Expense,Technical and electronic tools - 630116 - ادوات تقنية والكترونية وعدد,630116,0.0
8023020 - منهجية عمل تعزز البنية المؤسسية للمنظمات غير الربحية,Operating Expense,Technical and electronic tools - 630116 - ادوات تقنية والكترونية وعدد,630116,0.0
8023030 - رفع الوعي الفني لدى منظمات القطاع غير الربحي,Operating Expense,Technical and electronic tools - 630116 - ادوات تقنية والكترونية وعدد,630116,0.0
8024010 - مشروع تقديم خدمات تأسيس وتفعيل وحدات ومراكز العمل التطوعي,Operating Expense,Technical and electronic tools - 630116 - ادوات تقنية والكترونية وعدد,630116,0.0
8024020 - مشروع الخدمات اللوجستية للعاملين في القطاع غير الربحي,Operating Expense,Technical and electronic tools - 630116 - ادوات تقنية والكترونية وعدد,630116,0.0
8024030 - تمكين الجمعيات المتخصصة العاملة في القطاع غير الربحي,Operating Expense,Technical and electronic tools - 630116 - ادوات تقنية والكترونية وعدد,630116,0.0
8024040 - تقديم الخدمات اللوجستية للتدريب في برنامج رائد,Operating Expense,Technical and electronic tools - 630116 - ادوات تقنية والكترونية وعدد,630116,0.0
8025010 - مشروع العربة,Operating Expense,Technical and electronic tools - 630116 - ادوات تقنية والكترونية وعدد,630116,0.0
8025020 - مشروع وزارة الرياضة,Operating Expense,Technical and electronic tools - 630116 - ادوات تقنية والكترونية وعدد,630116,0.0
8025030 - تقديم 3000 ساعة عمل تطوعية لموظفين شركة الكهرباء,Operating Expense,Technical and electronic tools - 630116 - ادوات تقنية والكترونية وعدد,630116,0.0
8025040 - مصنع الابتكار - اشوكا,Operating Expense,Technical and electronic tools - 630116 - ادوات تقنية والكترونية وعدد,630116,0.0
8025050 - حصر الاحتياج التدريبي في منظومة الصحة,Operating Expense,Technical and electronic tools - 630116 - ادوات تقنية والكترونية وعدد,630116,0.0
8025060 - مجموعات عمل التطوع التكافلي,Operating Expense,Technical and electronic tools - 630116 - ادوات تقنية والكترونية وعدد,630116,0.0
8025070 - سفر الإفطار في الحرم المكي,Operating Expense,Technical and electronic tools - 630116 - ادوات تقنية والكترونية وعدد,630116,0.0
8025080 - سوق الدار,Operating Expense,Technical and electronic tools - 630116 - ادوات تقنية والكترونية وعدد,630116,0.0
8025090 - هاكاثون الوعي المعرفي,Operating Expense,Technical and electronic tools - 630116 - ادوات تقنية والكترونية وعدد,630116,0.0
8025100 - مشروع منظومة عمل إدارة دراسات الحالة,Operating Expense,Technical and electronic tools - 630116 - ادوات تقنية والكترونية وعدد,630116,0.0
8025110 - مشروع خارطة الاستثمار الاجتماعي في قطاع الشباب,Operating Expense,Technical and electronic tools - 630116 - ادوات تقنية والكترونية وعدد,630116,0.0
8025120 - مشروع تقديم خدمات استشارية لأكاديمية الفوزان,Operating Expense,Technical and electronic tools - 630116 - ادوات تقنية والكترونية وعدد,630116,0.0
8026010 - تأسيس وحدة الاستثمار الاجتماعي مع جمعية متلازمة النجاح,Operating Expense,Technical and electronic tools - 630116 - ادوات تقنية والكترونية وعدد,630116,0.0
8026020 - التأهيل للتوظيف,Operating Expense,Technical and electronic tools - 630116 - ادوات تقنية والكترونية وعدد,630116,0.0
8026030 - حاضنة أثر الطاقة الاجتماعية,Operating Expense,Technical and electronic tools - 630116 - ادوات تقنية والكترونية وعدد,630116,0.0
Untagged,Operating Expense,Technical and electronic tools - 630116 - ادوات تقنية والكترونية وعدد,630116,0.0
Overall,Operating Expense,Technical and electronic tools - 730116 - ادوات تقنية والكترونية وعدد,730116,8407.0
8000010 - تسوية مراكز التكلفة تكامل,Operating Expense,Technical and electronic tools - 730116 - ادوات تقنية والكترونية وعدد,730116,0.0
8000011 - المصاريف العمومية والادارية تكامل,Operating Expense,Technical and electronic tools - 730116 - ادوات تقنية والكترونية وعدد,730116,0.0
8000020 - مصاريف بيعية وتسويقية تكامل,Operating Expense,Technical and electronic tools - 730116 - ادوات تقنية والكترونية وعدد,730116,8407.0
8000030 - تدريب وتطوير تكامل,Operating Expense,Technical and electronic tools - 730116 - ادوات تقنية والكترونية وعدد,730116,0.0
8000040 - مكتب ادارة المشاريع تكامل,Operating Expense,Technical and electronic tools - 730116 - ادوات تقنية والكترونية وعدد,730116,0.0
8000050 - الاتصال المؤسسي تكامل,Operating Expense,Technical and electronic tools - 730116 - ادوات تقنية والكترونية وعدد,730116,0.0
8000060 - منصة قياس الأثر,Operating Expense,Technical and electronic tools - 730116 - ادوات تقنية والكترونية وعدد,730116,0.0
8023010 - إنشاء مقار إدارة العمل التطوعي لخدمة ضيوف الرحمن,Operating Expense,Technical and electronic tools - 730116 - ادوات تقنية والكترونية وعدد,730116,0.0
8023020 - منهجية عمل تعزز البنية المؤسسية للمنظمات غير الربحية,Operating Expense,Technical and electronic tools - 730116 - ادوات تقنية والكترونية وعدد,730116,0.0
8023030 - رفع الوعي الفني لدى منظمات القطاع غير الربحي,Operating Expense,Technical and electronic tools - 730116 - ادوات تقنية والكترونية وعدد,730116,0.0
8024010 - مشروع تقديم خدمات تأسيس وتفعيل وحدات ومراكز العمل التطوعي,Operating Expense,Technical and electronic tools - 730116 - ادوات تقنية والكترونية وعدد,730116,0.0
8024020 - مشروع الخدمات اللوجستية للعاملين في القطاع غير الربحي,Operating Expense,Technical and electronic tools - 730116 - ادوات تقنية والكترونية وعدد,730116,0.0
8024030 - تمكين الجمعيات المتخصصة العاملة في القطاع غير الربحي,Operating Expense,Technical and electronic tools - 730116 - ادوات تقنية والكترونية وعدد,730116,0.0
8024040 - تقديم الخدمات اللوجستية للتدريب في برنامج رائد,Operating Expense,Technical and electronic tools - 730116 - ادوات تقنية والكترونية وعدد,730116,0.0
8025010 - مشروع العربة,Operating Expense,Technical and electronic tools - 730116 - ادوات تقنية والكترونية وعدد,730116,0.0
8025020 - مشروع وزارة الرياضة,Operating Expense,Technical and electronic tools - 730116 - ادوات تقنية والكترونية وعدد,730116,0.0
8025030 - تقديم 3000 ساعة عمل تطوعية لموظفين شركة الكهرباء,Operating Expense,Technical and electronic tools - 730116 - ادوات تقنية والكترونية وعدد,730116,0.0
8025040 - مصنع الابتكار - اشوكا,Operating Expense,Technical and electronic tools - 730116 - ادوات تقنية والكترونية وعدد,730116,0.0
8025050 - حصر الاحتياج التدريبي في منظومة الصحة,Operating Expense,Technical and electronic tools - 730116 - ادوات تقنية والكترونية وعدد,730116,0.0
8025060 - مجموعات عمل التطوع التكافلي,Operating Expense,Technical and electronic tools - 730116 - ادوات تقنية والكترونية وعدد,730116,0.0
8025070 - سفر الإفطار في الحرم المكي,Operating Expense,Technical and electronic tools - 730116 - ادوات تقنية والكترونية وعدد,730116,0.0
8025080 - سوق الدار,Operating Expense,Technical and electronic tools - 730116 - ادوات تقنية والكترونية وعدد,730116,0.0
8025090 - هاكاثون الوعي المعرفي,Operating Expense,Technical and electronic tools - 730116 - ادوات تقنية والكترونية وعدد,730116,0.0
8025100 - مشروع منظومة عمل إدارة دراسات الحالة,Operating Expense,Technical and electronic tools - 730116 - ادوات تقنية والكترونية وعدد,730116,0.0
8025110 - مشروع خارطة الاستثمار الاجتماعي في قطاع الشباب,Operating Expense,Technical and electronic tools - 730116 - ادوات تقنية والكترونية وعدد,730116,0.0
8025120 - مشروع تقديم خدمات استشارية لأكاديمية الفوزان,Operating Expense,Technical and electronic tools - 730116 - ادوات تقنية والكترونية وعدد,730116,0.0
8026010 - تأسيس وحدة الاستثمار الاجتماعي مع جمعية متلازمة النجاح,Operating Expense,Technical and electronic tools - 730116 - ادوات تقنية والكترونية وعدد,730116,0.0
8026020 - التأهيل للتوظيف,Operating Expense,Technical and electronic tools - 730116 - ادوات تقنية والكترونية وعدد,730116,0.0
8026030 - حاضنة أثر الطاقة الاجتماعية,Operating Expense,Technical and electronic tools - 730116 - ادوات تقنية والكترونية وعدد,730116,0.0
Untagged,Operating Expense,Technical and electronic tools - 730116 - ادوات تقنية والكترونية وعدد,730116,0.0
Overall,Operating Expense,Text translation fee - 621501 - اتعاب ترجمة نصية,621501,86.96
8000010 - تسوية مراكز التكلفة تكامل,Operating Expense,Text translation fee - 621501 - اتعاب ترجمة نصية,621501,0.0
8000011 - المصاريف العمومية والادارية تكامل,Operating Expense,Text translation fee - 621501 - اتعاب ترجمة نصية,621501,86.96
8000020 - مصاريف بيعية وتسويقية تكامل,Operating Expense,Text translation fee - 621501 - اتعاب ترجمة نصية,621501,0.0
8000030 - تدريب وتطوير تكامل,Operating Expense,Text translation fee - 621501 - اتعاب ترجمة نصية,621501,0.0
8000040 - مكتب ادارة المشاريع تكامل,Operating Expense,Text translation fee - 621501 - اتعاب ترجمة نصية,621501,0.0
8000050 - الاتصال المؤسسي تكامل,Operating Expense,Text translation fee - 621501 - اتعاب ترجمة نصية,621501,0.0
8000060 - منصة قياس الأثر,Operating Expense,Text translation fee - 621501 - اتعاب ترجمة نصية,621501,0.0
8023010 - إنشاء مقار إدارة العمل التطوعي لخدمة ضيوف الرحمن,Operating Expense,Text translation fee - 621501 - اتعاب ترجمة نصية,621501,0.0
8023020 - منهجية عمل تعزز البنية المؤسسية للمنظمات غير الربحية,Operating Expense,Text translation fee - 621501 - اتعاب ترجمة نصية,621501,0.0
8023030 - رفع الوعي الفني لدى منظمات القطاع غير الربحي,Operating Expense,Text translation fee - 621501 - اتعاب ترجمة نصية,621501,0.0
8024010 - مشروع تقديم خدمات تأسيس وتفعيل وحدات ومراكز العمل التطوعي,Operating Expense,Text translation fee - 621501 - اتعاب ترجمة نصية,621501,0.0
8024020 - مشروع الخدمات اللوجستية للعاملين في القطاع غير الربحي,Operating Expense,Text translation fee - 621501 - اتعاب ترجمة نصية,621501,0.0
8024030 - تمكين الجمعيات المتخصصة العاملة في القطاع غير الربحي,Operating Expense,Text translation fee - 621501 - اتعاب ترجمة نصية,621501,0.0
8024040 - تقديم الخدمات اللوجستية للتدريب في برنامج رائد,Operating Expense,Text translation fee - 621501 - اتعاب ترجمة نصية,621501,0.0
8025010 - مشروع العربة,Operating Expense,Text translation fee - 621501 - اتعاب ترجمة نصية,621501,0.0
8025020 - مشروع وزارة الرياضة,Operating Expense,Text translation fee - 621501 - اتعاب ترجمة نصية,621501,0.0
8025030 - تقديم 3000 ساعة عمل تطوعية لموظفين شركة الكهرباء,Operating Expense,Text translation fee - 621501 - اتعاب ترجمة نصية,621501,0.0
8025040 - مصنع الابتكار - اشوكا,Operating Expense,Text translation fee - 621501 - اتعاب ترجمة نصية,621501,0.0
8025050 - حصر الاحتياج التدريبي في منظومة الصحة,Operating Expense,Text translation fee - 621501 - اتعاب ترجمة نصية,621501,0.0
8025060 - مجموعات عمل التطوع التكافلي,Operating Expense,Text translation fee - 621501 - اتعاب ترجمة نصية,621501,0.0
8025070 - سفر الإفطار في الحرم المكي,Operating Expense,Text translation fee - 621501 - اتعاب ترجمة نصية,621501,0.0
8025080 - سوق الدار,Operating Expense,Text translation fee - 621501 - اتعاب ترجمة نصية,621501,0.0
8025090 - هاكاثون الوعي المعرفي,Operating Expense,Text translation fee - 621501 - اتعاب ترجمة نصية,621501,0.0
8025100 - مشروع منظومة عمل إدارة دراسات الحالة,Operating Expense,Text translation fee - 621501 - اتعاب ترجمة نصية,621501,0.0
8025110 - مشروع خارطة الاستثمار الاجتماعي في قطاع الشباب,Operating Expense,Text translation fee - 621501 - اتعاب ترجمة نصية,621501,0.0
8025120 - مشروع تقديم خدمات استشارية لأكاديمية الفوزان,Operating Expense,Text translation fee - 621501 - اتعاب ترجمة نصية,621501,0.0
8026010 - تأسيس وحدة الاستثمار الاجتماعي مع جمعية متلازمة النجاح,Operating Expense,Text translation fee - 621501 - اتعاب ترجمة نصية,621501,0.0
8026020 - التأهيل للتوظيف,Operating Expense,Text translation fee - 621501 - اتعاب ترجمة نصية,621501,0.0
8026030 - حاضنة أثر الطاقة الاجتماعية,Operating Expense,Text translation fee - 621501 - اتعاب ترجمة نصية,621501,0.0
Untagged,Operating Expense,Text translation fee - 621501 - اتعاب ترجمة نصية,621501,0.0
Overall,Operating Expense,Training fees - 630501 - رسوم تدريب,630501,10955.0
8000010 - تسوية مراكز التكلفة تكامل,Operating Expense,Training fees - 630501 - رسوم تدريب,630501,0.0
8000011 - المصاريف العمومية والادارية تكامل,Operating Expense,Training fees - 630501 - رسوم تدريب,630501,0.0
8000020 - مصاريف بيعية وتسويقية تكامل,Operating Expense,Training fees - 630501 - رسوم تدريب,630501,0.0
8000030 - تدريب وتطوير تكامل,Operating Expense,Training fees - 630501 - رسوم تدريب,630501,10955.0
8000040 - مكتب ادارة المشاريع تكامل,Operating Expense,Training fees - 630501 - رسوم تدريب,630501,0.0
8000050 - الاتصال المؤسسي تكامل,Operating Expense,Training fees - 630501 - رسوم تدريب,630501,0.0
8000060 - منصة قياس الأثر,Operating Expense,Training fees - 630501 - رسوم تدريب,630501,0.0
8023010 - إنشاء مقار إدارة العمل التطوعي لخدمة ضيوف الرحمن,Operating Expense,Training fees - 630501 - رسوم تدريب,630501,0.0
8023020 - منهجية عمل تعزز البنية المؤسسية للمنظمات غير الربحية,Operating Expense,Training fees - 630501 - رسوم تدريب,630501,0.0
8023030 - رفع الوعي الفني لدى منظمات القطاع غير الربحي,Operating Expense,Training fees - 630501 - رسوم تدريب,630501,0.0
8024010 - مشروع تقديم خدمات تأسيس وتفعيل وحدات ومراكز العمل التطوعي,Operating Expense,Training fees - 630501 - رسوم تدريب,630501,0.0
8024020 - مشروع الخدمات اللوجستية للعاملين في القطاع غير الربحي,Operating Expense,Training fees - 630501 - رسوم تدريب,630501,0.0
8024030 - تمكين الجمعيات المتخصصة العاملة في القطاع غير الربحي,Operating Expense,Training fees - 630501 - رسوم تدريب,630501,0.0
8024040 - تقديم الخدمات اللوجستية للتدريب في برنامج رائد,Operating Expense,Training fees - 630501 - رسوم تدريب,630501,0.0
8025010 - مشروع العربة,Operating Expense,Training fees - 630501 - رسوم تدريب,630501,0.0
8025020 - مشروع وزارة الرياضة,Operating Expense,Training fees - 630501 - رسوم تدريب,630501,0.0
8025030 - تقديم 3000 ساعة عمل تطوعية لموظفين شركة الكهرباء,Operating Expense,Training fees - 630501 - رسوم تدريب,630501,0.0
8025040 - مصنع الابتكار - اشوكا,Operating Expense,Training fees - 630501 - رسوم تدريب,630501,0.0
8025050 - حصر الاحتياج التدريبي في منظومة الصحة,Operating Expense,Training fees - 630501 - رسوم تدريب,630501,0.0
8025060 - مجموعات عمل التطوع التكافلي,Operating Expense,Training fees - 630501 - رسوم تدريب,630501,0.0
8025070 - سفر الإفطار في الحرم المكي,Operating Expense,Training fees - 630501 - رسوم تدريب,630501,0.0
8025080 - سوق الدار,Operating Expense,Training fees - 630501 - رسوم تدريب,630501,0.0
8025090 - هاكاثون الوعي المعرفي,Operating Expense,Training fees - 630501 - رسوم تدريب,630501,0.0
8025100 - مشروع منظومة عمل إدارة دراسات الحالة,Operating Expense,Training fees - 630501 - رسوم تدريب,630501,0.0
8025110 - مشروع خارطة الاستثمار الاجتماعي في قطاع الشباب,Operating Expense,Training fees - 630501 - رسوم تدريب,630501,0.0
8025120 - مشروع تقديم خدمات استشارية لأكاديمية الفوزان,Operating Expense,Training fees - 630501 - رسوم تدريب,630501,0.0
8026010 - تأسيس وحدة الاستثمار الاجتماعي مع جمعية متلازمة النجاح,Operating Expense,Training fees - 630501 - رسوم تدريب,630501,0.0
8026020 - التأهيل للتوظيف,Operating Expense,Training fees - 630501 - رسوم تدريب,630501,0.0
8026030 - حاضنة أثر الطاقة الاجتماعية,Operating Expense,Training fees - 630501 - رسوم تدريب,630501,0.0
Untagged,Operating Expense,Training fees - 630501 - رسوم تدريب,630501,0.0
Overall,Operating Expense,Visa fees - 610305 - اصدار فيز وتأشيرات,610305,6836.4
8000010 - تسوية مراكز التكلفة تكامل,Operating Expense,Visa fees - 610305 - اصدار فيز وتأشيرات,610305,0.0
8000011 - المصاريف العمومية والادارية تكامل,Operating Expense,Visa fees - 610305 - اصدار فيز وتأشيرات,610305,6836.4
8000020 - مصاريف بيعية وتسويقية تكامل,Operating Expense,Visa fees - 610305 - اصدار فيز وتأشيرات,610305,0.0
8000030 - تدريب وتطوير تكامل,Operating Expense,Visa fees - 610305 - اصدار فيز وتأشيرات,610305,0.0
8000040 - مكتب ادارة المشاريع تكامل,Operating Expense,Visa fees - 610305 - اصدار فيز وتأشيرات,610305,0.0
8000050 - الاتصال المؤسسي تكامل,Operating Expense,Visa fees - 610305 - اصدار فيز وتأشيرات,610305,0.0
8000060 - منصة قياس الأثر,Operating Expense,Visa fees - 610305 - اصدار فيز وتأشيرات,610305,0.0
8023010 - إنشاء مقار إدارة العمل التطوعي لخدمة ضيوف الرحمن,Operating Expense,Visa fees - 610305 - اصدار فيز وتأشيرات,610305,0.0
8023020 - منهجية عمل تعزز البنية المؤسسية للمنظمات غير الربحية,Operating Expense,Visa fees - 610305 - اصدار فيز وتأشيرات,610305,0.0
8023030 - رفع الوعي الفني لدى منظمات القطاع غير الربحي,Operating Expense,Visa fees - 610305 - اصدار فيز وتأشيرات,610305,0.0
8024010 - مشروع تقديم خدمات تأسيس وتفعيل وحدات ومراكز العمل التطوعي,Operating Expense,Visa fees - 610305 - اصدار فيز وتأشيرات,610305,0.0
8024020 - مشروع الخدمات اللوجستية للعاملين في القطاع غير الربحي,Operating Expense,Visa fees - 610305 - اصدار فيز وتأشيرات,610305,0.0
8024030 - تمكين الجمعيات المتخصصة العاملة في القطاع غير الربحي,Operating Expense,Visa fees - 610305 - اصدار فيز وتأشيرات,610305,0.0
8024040 - تقديم الخدمات اللوجستية للتدريب في برنامج رائد,Operating Expense,Visa fees - 610305 - اصدار فيز وتأشيرات,610305,0.0
8025010 - مشروع العربة,Operating Expense,Visa fees - 610305 - اصدار فيز وتأشيرات,610305,0.0
8025020 - مشروع وزارة الرياضة,Operating Expense,Visa fees - 610305 - اصدار فيز وتأشيرات,610305,0.0
8025030 - تقديم 3000 ساعة عمل تطوعية لموظفين شركة الكهرباء,Operating Expense,Visa fees - 610305 - اصدار فيز وتأشيرات,610305,0.0
8025040 - مصنع الابتكار - اشوكا,Operating Expense,Visa fees - 610305 - اصدار فيز وتأشيرات,610305,0.0
8025050 - حصر الاحتياج التدريبي في منظومة الصحة,Operating Expense,Visa fees - 610305 - اصدار فيز وتأشيرات,610305,0.0
8025060 - مجموعات عمل التطوع التكافلي,Operating Expense,Visa fees - 610305 - اصدار فيز وتأشيرات,610305,0.0
8025070 - سفر الإفطار في الحرم المكي,Operating Expense,Visa fees - 610305 - اصدار فيز وتأشيرات,610305,0.0
8025080 - سوق الدار,Operating Expense,Visa fees - 610305 - اصدار فيز وتأشيرات,610305,0.0
8025090 - هاكاثون الوعي المعرفي,Operating Expense,Visa fees - 610305 - اصدار فيز وتأشيرات,610305,0.0
8025100 - مشروع منظومة عمل إدارة دراسات الحالة,Operating Expense,Visa fees - 610305 - اصدار فيز وتأشيرات,610305,0.0
8025110 - مشروع خارطة الاستثمار الاجتماعي في قطاع الشباب,Operating Expense,Visa fees - 610305 - اصدار فيز وتأشيرات,610305,0.0
8025120 - مشروع تقديم خدمات استشارية لأكاديمية الفوزان,Operating Expense,Visa fees - 610305 - اصدار فيز وتأشيرات,610305,0.0
8026010 - تأسيس وحدة الاستثمار الاجتماعي مع جمعية متلازمة النجاح,Operating Expense,Visa fees - 610305 - اصدار فيز وتأشيرات,610305,0.0
8026020 - التأهيل للتوظيف,Operating Expense,Visa fees - 610305 - اصدار فيز وتأشيرات,610305,0.0
8026030 - حاضنة أثر الطاقة الاجتماعية,Operating Expense,Visa fees - 610305 - اصدار فيز وتأشيرات,610305,0.0
Untagged,Operating Expense,Visa fees - 610305 - اصدار فيز وتأشيرات,610305,0.0
Overall,Operating Expense,Withhodling tax - 630108 - ضريبة استقطاع,630108,16415.32
8000010 - تسوية مراكز التكلفة تكامل,Operating Expense,Withhodling tax - 630108 - ضريبة استقطاع,630108,0.0
8000011 - المصاريف العمومية والادارية تكامل,Operating Expense,Withhodling tax - 630108 - ضريبة استقطاع,630108,16415.32
8000020 - مصاريف بيعية وتسويقية تكامل,Operating Expense,Withhodling tax - 630108 - ضريبة استقطاع,630108,0.0
8000030 - تدريب وتطوير تكامل,Operating Expense,Withhodling tax - 630108 - ضريبة استقطاع,630108,0.0
8000040 - مكتب ادارة المشاريع تكامل,Operating Expense,Withhodling tax - 630108 - ضريبة استقطاع,630108,0.0
8000050 - الاتصال المؤسسي تكامل,Operating Expense,Withhodling tax - 630108 - ضريبة استقطاع,630108,0.0
8000060 - منصة قياس الأثر,Operating Expense,Withhodling tax - 630108 - ضريبة استقطاع,630108,0.0
8023010 - إنشاء مقار إدارة العمل التطوعي لخدمة ضيوف الرحمن,Operating Expense,Withhodling tax - 630108 - ضريبة استقطاع,630108,0.0
8023020 - منهجية عمل تعزز البنية المؤسسية للمنظمات غير الربحية,Operating Expense,Withhodling tax - 630108 - ضريبة استقطاع,630108,0.0
8023030 - رفع الوعي الفني لدى منظمات القطاع غير الربحي,Operating Expense,Withhodling tax - 630108 - ضريبة استقطاع,630108,0.0
8024010 - مشروع تقديم خدمات تأسيس وتفعيل وحدات ومراكز العمل التطوعي,Operating Expense,Withhodling tax - 630108 - ضريبة استقطاع,630108,0.0
8024020 - مشروع الخدمات اللوجستية للعاملين في القطاع غير الربحي,Operating Expense,Withhodling tax - 630108 - ضريبة استقطاع,630108,0.0
8024030 - تمكين الجمعيات المتخصصة العاملة في القطاع غير الربحي,Operating Expense,Withhodling tax - 630108 - ضريبة استقطاع,630108,0.0
8024040 - تقديم الخدمات اللوجستية للتدريب في برنامج رائد,Operating Expense,Withhodling tax - 630108 - ضريبة استقطاع,630108,0.0
8025010 - مشروع العربة,Operating Expense,Withhodling tax - 630108 - ضريبة استقطاع,630108,0.0
8025020 - مشروع وزارة الرياضة,Operating Expense,Withhodling tax - 630108 - ضريبة استقطاع,630108,0.0
8025030 - تقديم 3000 ساعة عمل تطوعية لموظفين شركة الكهرباء,Operating Expense,Withhodling tax - 630108 - ضريبة استقطاع,630108,0.0
8025040 - مصنع الابتكار - اشوكا,Operating Expense,Withhodling tax - 630108 - ضريبة استقطاع,630108,0.0
8025050 - حصر الاحتياج التدريبي في منظومة الصحة,Operating Expense,Withhodling tax - 630108 - ضريبة استقطاع,630108,0.0
8025060 - مجموعات عمل التطوع التكافلي,Operating Expense,Withhodling tax - 630108 - ضريبة استقطاع,630108,0.0
8025070 - سفر الإفطار في الحرم المكي,Operating Expense,Withhodling tax - 630108 - ضريبة استقطاع,630108,0.0
8025080 - سوق الدار,Operating Expense,Withhodling tax - 630108 - ضريبة استقطاع,630108,0.0
8025090 - هاكاثون الوعي المعرفي,Operating Expense,Withhodling tax - 630108 - ضريبة استقطاع,630108,0.0
8025100 - مشروع منظومة عمل إدارة دراسات الحالة,Operating Expense,Withhodling tax - 630108 - ضريبة استقطاع,630108,0.0
8025110 - مشروع خارطة الاستثمار الاجتماعي في قطاع الشباب,Operating Expense,Withhodling tax - 630108 - ضريبة استقطاع,630108,0.0
8025120 - مشروع تقديم خدمات استشارية لأكاديمية الفوزان,Operating Expense,Withhodling tax - 630108 - ضريبة استقطاع,630108,0.0
8026010 - تأسيس وحدة الاستثمار الاجتماعي مع جمعية متلازمة النجاح,Operating Expense,Withhodling tax - 630108 - ضريبة استقطاع,630108,0.0
8026020 - التأهيل للتوظيف,Operating Expense,Withhodling tax - 630108 - ضريبة استقطاع,630108,0.0
8026030 - حاضنة أثر الطاقة الاجتماعية,Operating Expense,Withhodling tax - 630108 - ضريبة استقطاع,630108,0.0
Untagged,Operating Expense,Withhodling tax - 630108 - ضريبة استقطاع,630108,0.0
Overall,Operating Expense,Workshop hall rent - 720601 - ايجار قاعات ورش عمل,720601,1610.0
8000010 - تسوية مراكز التكلفة تكامل,Operating Expense,Workshop hall rent - 720601 - ايجار قاعات ورش عمل,720601,0.0
8000011 - المصاريف العمومية والادارية تكامل,Operating Expense,Workshop hall rent - 720601 - ايجار قاعات ورش عمل,720601,0.0
8000020 - مصاريف بيعية وتسويقية تكامل,Operating Expense,Workshop hall rent - 720601 - ايجار قاعات ورش عمل,720601,1610.0
8000030 - تدريب وتطوير تكامل,Operating Expense,Workshop hall rent - 720601 - ايجار قاعات ورش عمل,720601,0.0
8000040 - مكتب ادارة المشاريع تكامل,Operating Expense,Workshop hall rent - 720601 - ايجار قاعات ورش عمل,720601,0.0
8000050 - الاتصال المؤسسي تكامل,Operating Expense,Workshop hall rent - 720601 - ايجار قاعات ورش عمل,720601,0.0
8000060 - منصة قياس الأثر,Operating Expense,Workshop hall rent - 720601 - ايجار قاعات ورش عمل,720601,0.0
8023010 - إنشاء مقار إدارة العمل التطوعي لخدمة ضيوف الرحمن,Operating Expense,Workshop hall rent - 720601 - ايجار قاعات ورش عمل,720601,0.0
8023020 - منهجية عمل تعزز البنية المؤسسية للمنظمات غير الربحية,Operating Expense,Workshop hall rent - 720601 - ايجار قاعات ورش عمل,720601,0.0
8023030 - رفع الوعي الفني لدى منظمات القطاع غير الربحي,Operating Expense,Workshop hall rent - 720601 - ايجار قاعات ورش عمل,720601,0.0
8024010 - مشروع تقديم خدمات تأسيس وتفعيل وحدات ومراكز العمل التطوعي,Operating Expense,Workshop hall rent - 720601 - ايجار قاعات ورش عمل,720601,0.0
8024020 - مشروع الخدمات اللوجستية للعاملين في القطاع غير الربحي,Operating Expense,Workshop hall rent - 720601 - ايجار قاعات ورش عمل,720601,0.0
8024030 - تمكين الجمعيات المتخصصة العاملة في القطاع غير الربحي,Operating Expense,Workshop hall rent - 720601 - ايجار قاعات ورش عمل,720601,0.0
8024040 - تقديم الخدمات اللوجستية للتدريب في برنامج رائد,Operating Expense,Workshop hall rent - 720601 - ايجار قاعات ورش عمل,720601,0.0
8025010 - مشروع العربة,Operating Expense,Workshop hall rent - 720601 - ايجار قاعات ورش عمل,720601,0.0
8025020 - مشروع وزارة الرياضة,Operating Expense,Workshop hall rent - 720601 - ايجار قاعات ورش عمل,720601,0.0
8025030 - تقديم 3000 ساعة عمل تطوعية لموظفين شركة الكهرباء,Operating Expense,Workshop hall rent - 720601 - ايجار قاعات ورش عمل,720601,0.0
8025040 - مصنع الابتكار - اشوكا,Operating Expense,Workshop hall rent - 720601 - ايجار قاعات ورش عمل,720601,0.0
8025050 - حصر الاحتياج التدريبي في منظومة الصحة,Operating Expense,Workshop hall rent - 720601 - ايجار قاعات ورش عمل,720601,0.0
8025060 - مجموعات عمل التطوع التكافلي,Operating Expense,Workshop hall rent - 720601 - ايجار قاعات ورش عمل,720601,0.0
8025070 - سفر الإفطار في الحرم المكي,Operating Expense,Workshop hall rent - 720601 - ايجار قاعات ورش عمل,720601,0.0
8025080 - سوق الدار,Operating Expense,Workshop hall rent - 720601 - ايجار قاعات ورش عمل,720601,0.0
8025090 - هاكاثون الوعي المعرفي,Operating Expense,Workshop hall rent - 720601 - ايجار قاعات ورش عمل,720601,0.0
8025100 - مشروع منظومة عمل إدارة دراسات الحالة,Operating Expense,Workshop hall rent - 720601 - ايجار قاعات ورش عمل,720601,0.0
8025110 - مشروع خارطة الاستثمار الاجتماعي في قطاع الشباب,Operating Expense,Workshop hall rent - 720601 - ايجار قاعات ورش عمل,720601,0.0
8025120 - مشروع تقديم خدمات استشارية لأكاديمية الفوزان,Operating Expense,Workshop hall rent - 720601 - ايجار قاعات ورش عمل,720601,0.0
8026010 - تأسيس وحدة الاستثمار الاجتماعي مع جمعية متلازمة النجاح,Operating Expense,Workshop hall rent - 720601 - ايجار قاعات ورش عمل,720601,0.0
8026020 - التأهيل للتوظيف,Operating Expense,Workshop hall rent - 720601 - ايجار قاعات ورش عمل,720601,0.0
8026030 - حاضنة أثر الطاقة الاجتماعية,Operating Expense,Workshop hall rent - 720601 - ايجار قاعات ورش عمل,720601,0.0
Untagged,Operating Expense,Workshop hall rent - 720601 - ايجار قاعات ورش عمل,720601,0.0
Overall,Operating Expense,Zoho subscription - 621410 - اشتراك زوهو,621410,10320.0
8000010 - تسوية مراكز التكلفة تكامل,Operating Expense,Zoho subscription - 621410 - اشتراك زوهو,621410,0.0
8000011 - المصاريف العمومية والادارية تكامل,Operating Expense,Zoho subscription - 621410 - اشتراك زوهو,621410,10320.0
8000020 - مصاريف بيعية وتسويقية تكامل,Operating Expense,Zoho subscription - 621410 - اشتراك زوهو,621410,0.0
8000030 - تدريب وتطوير تكامل,Operating Expense,Zoho subscription - 621410 - اشتراك زوهو,621410,0.0
8000040 - مكتب ادارة المشاريع تكامل,Operating Expense,Zoho subscription - 621410 - اشتراك زوهو,621410,0.0
8000050 - الاتصال المؤسسي تكامل,Operating Expense,Zoho subscription - 621410 - اشتراك زوهو,621410,0.0
8000060 - منصة قياس الأثر,Operating Expense,Zoho subscription - 621410 - اشتراك زوهو,621410,0.0
8023010 - إنشاء مقار إدارة العمل التطوعي لخدمة ضيوف الرحمن,Operating Expense,Zoho subscription - 621410 - اشتراك زوهو,621410,0.0
8023020 - منهجية عمل تعزز البنية المؤسسية للمنظمات غير الربحية,Operating Expense,Zoho subscription - 621410 - اشتراك زوهو,621410,0.0
8023030 - رفع الوعي الفني لدى منظمات القطاع غير الربحي,Operating Expense,Zoho subscription - 621410 - اشتراك زوهو,621410,0.0
8024010 - مشروع تقديم خدمات تأسيس وتفعيل وحدات ومراكز العمل التطوعي,Operating Expense,Zoho subscription - 621410 - اشتراك زوهو,621410,0.0
8024020 - مشروع الخدمات اللوجستية للعاملين في القطاع غير الربحي,Operating Expense,Zoho subscription - 621410 - اشتراك زوهو,621410,0.0
8024030 - تمكين الجمعيات المتخصصة العاملة في القطاع غير الربحي,Operating Expense,Zoho subscription - 621410 - اشتراك زوهو,621410,0.0
8024040 - تقديم الخدمات اللوجستية للتدريب في برنامج رائد,Operating Expense,Zoho subscription - 621410 - اشتراك زوهو,621410,0.0
8025010 - مشروع العربة,Operating Expense,Zoho subscription - 621410 - اشتراك زوهو,621410,0.0
8025020 - مشروع وزارة الرياضة,Operating Expense,Zoho subscription - 621410 - اشتراك زوهو,621410,0.0
8025030 - تقديم 3000 ساعة عمل تطوعية لموظفين شركة الكهرباء,Operating Expense,Zoho subscription - 621410 - اشتراك زوهو,621410,0.0
8025040 - مصنع الابتكار - اشوكا,Operating Expense,Zoho subscription - 621410 - اشتراك زوهو,621410,0.0
8025050 - حصر الاحتياج التدريبي في منظومة الصحة,Operating Expense,Zoho subscription - 621410 - اشتراك زوهو,621410,0.0
8025060 - مجموعات عمل التطوع التكافلي,Operating Expense,Zoho subscription - 621410 - اشتراك زوهو,621410,0.0
8025070 - سفر الإفطار في الحرم المكي,Operating Expense,Zoho subscription - 621410 - اشتراك زوهو,621410,0.0
8025080 - سوق الدار,Operating Expense,Zoho subscription - 621410 - اشتراك زوهو,621410,0.0
8025090 - هاكاثون الوعي المعرفي,Operating Expense,Zoho subscription - 621410 - اشتراك زوهو,621410,0.0
8025100 - مشروع منظومة عمل إدارة دراسات الحالة,Operating Expense,Zoho subscription - 621410 - اشتراك زوهو,621410,0.0
8025110 - مشروع خارطة الاستثمار الاجتماعي في قطاع الشباب,Operating Expense,Zoho subscription - 621410 - اشتراك زوهو,621410,0.0
8025120 - مشروع تقديم خدمات استشارية لأكاديمية الفوزان,Operating Expense,Zoho subscription - 621410 - اشتراك زوهو,621410,0.0
8026010 - تأسيس وحدة الاستثمار الاجتماعي مع جمعية متلازمة النجاح,Operating Expense,Zoho subscription - 621410 - اشتراك زوهو,621410,0.0
8026020 - التأهيل للتوظيف,Operating Expense,Zoho subscription - 621410 - اشتراك زوهو,621410,0.0
8026030 - حاضنة أثر الطاقة الاجتماعية,Operating Expense,Zoho subscription - 621410 - اشتراك زوهو,621410,0.0
Untagged,Operating Expense,Zoho subscription - 621410 - اشتراك زوهو,621410,0.0
Overall,Operating Expense,Zoom subscription - 621405 - اشتراك موقع Zoom,621405,487.07
8000010 - تسوية مراكز التكلفة تكامل,Operating Expense,Zoom subscription - 621405 - اشتراك موقع Zoom,621405,0.0
8000011 - المصاريف العمومية والادارية تكامل,Operating Expense,Zoom subscription - 621405 - اشتراك موقع Zoom,621405,487.07
8000020 - مصاريف بيعية وتسويقية تكامل,Operating Expense,Zoom subscription - 621405 - اشتراك موقع Zoom,621405,0.0
8000030 - تدريب وتطوير تكامل,Operating Expense,Zoom subscription - 621405 - اشتراك موقع Zoom,621405,0.0
8000040 - مكتب ادارة المشاريع تكامل,Operating Expense,Zoom subscription - 621405 - اشتراك موقع Zoom,621405,0.0
8000050 - الاتصال المؤسسي تكامل,Operating Expense,Zoom subscription - 621405 - اشتراك موقع Zoom,621405,0.0
8000060 - منصة قياس الأثر,Operating Expense,Zoom subscription - 621405 - اشتراك موقع Zoom,621405,0.0
8023010 - إنشاء مقار إدارة العمل التطوعي لخدمة ضيوف الرحمن,Operating Expense,Zoom subscription - 621405 - اشتراك موقع Zoom,621405,0.0
8023020 - منهجية عمل تعزز البنية المؤسسية للمنظمات غير الربحية,Operating Expense,Zoom subscription - 621405 - اشتراك موقع Zoom,621405,0.0
8023030 - رفع الوعي الفني لدى منظمات القطاع غير الربحي,Operating Expense,Zoom subscription - 621405 - اشتراك موقع Zoom,621405,0.0
8024010 - مشروع تقديم خدمات تأسيس وتفعيل وحدات ومراكز العمل التطوعي,Operating Expense,Zoom subscription - 621405 - اشتراك موقع Zoom,621405,0.0
8024020 - مشروع الخدمات اللوجستية للعاملين في القطاع غير الربحي,Operating Expense,Zoom subscription - 621405 - اشتراك موقع Zoom,621405,0.0
8024030 - تمكين الجمعيات المتخصصة العاملة في القطاع غير الربحي,Operating Expense,Zoom subscription - 621405 - اشتراك موقع Zoom,621405,0.0
8024040 - تقديم الخدمات اللوجستية للتدريب في برنامج رائد,Operating Expense,Zoom subscription - 621405 - اشتراك موقع Zoom,621405,0.0
8025010 - مشروع العربة,Operating Expense,Zoom subscription - 621405 - اشتراك موقع Zoom,621405,0.0
8025020 - مشروع وزارة الرياضة,Operating Expense,Zoom subscription - 621405 - اشتراك موقع Zoom,621405,0.0
8025030 - تقديم 3000 ساعة عمل تطوعية لموظفين شركة الكهرباء,Operating Expense,Zoom subscription - 621405 - اشتراك موقع Zoom,621405,0.0
8025040 - مصنع الابتكار - اشوكا,Operating Expense,Zoom subscription - 621405 - اشتراك موقع Zoom,621405,0.0
8025050 - حصر الاحتياج التدريبي في منظومة الصحة,Operating Expense,Zoom subscription - 621405 - اشتراك موقع Zoom,621405,0.0
8025060 - مجموعات عمل التطوع التكافلي,Operating Expense,Zoom subscription - 621405 - اشتراك موقع Zoom,621405,0.0
8025070 - سفر الإفطار في الحرم المكي,Operating Expense,Zoom subscription - 621405 - اشتراك موقع Zoom,621405,0.0
8025080 - سوق الدار,Operating Expense,Zoom subscription - 621405 - اشتراك موقع Zoom,621405,0.0
8025090 - هاكاثون الوعي المعرفي,Operating Expense,Zoom subscription - 621405 - اشتراك موقع Zoom,621405,0.0
8025100 - مشروع منظومة عمل إدارة دراسات الحالة,Operating Expense,Zoom subscription - 621405 - اشتراك موقع Zoom,621405,0.0
8025110 - مشروع خارطة الاستثمار الاجتماعي في قطاع الشباب,Operating Expense,Zoom subscription - 621405 - اشتراك موقع Zoom,621405,0.0
8025120 - مشروع تقديم خدمات استشارية لأكاديمية الفوزان,Operating Expense,Zoom subscription - 621405 - اشتراك موقع Zoom,621405,0.0
8026010 - تأسيس وحدة الاستثمار الاجتماعي مع جمعية متلازمة النجاح,Operating Expense,Zoom subscription - 621405 - اشتراك موقع Zoom,621405,0.0
8026020 - التأهيل للتوظيف,Operating Expense,Zoom subscription - 621405 - اشتراك موقع Zoom,621405,0.0
8026030 - حاضنة أثر الطاقة الاجتماعية,Operating Expense,Zoom subscription - 621405 - اشتراك موقع Zoom,621405,0.0
Untagged,Operating Expense,Zoom subscription - 621405 - اشتراك موقع Zoom,621405,0.0
Overall,Non Operating Income,Othe revenue - إيرادات أخرى,422,121682.88
8000010 - تسوية مراكز التكلفة تكامل,Non Operating Income,Othe revenue - إيرادات أخرى,422,0.0
8000011 - المصاريف العمومية والادارية تكامل,Non Operating Income,Othe revenue - إيرادات أخرى,422,121682.88
8000020 - مصاريف بيعية وتسويقية تكامل,Non Operating Income,Othe revenue - إيرادات أخرى,422,0.0
8000030 - تدريب وتطوير تكامل,Non Operating Income,Othe revenue - إيرادات أخرى,422,0.0
8000040 - مكتب ادارة المشاريع تكامل,Non Operating Income,Othe revenue - إيرادات أخرى,422,0.0
8000050 - الاتصال المؤسسي تكامل,Non Operating Income,Othe revenue - إيرادات أخرى,422,0.0
8000060 - منصة قياس الأثر,Non Operating Income,Othe revenue - إيرادات أخرى,422,0.0
8023010 - إنشاء مقار إدارة العمل التطوعي لخدمة ضيوف الرحمن,Non Operating Income,Othe revenue - إيرادات أخرى,422,0.0
8023020 - منهجية عمل تعزز البنية المؤسسية للمنظمات غير الربحية,Non Operating Income,Othe revenue - إيرادات أخرى,422,0.0
8023030 - رفع الوعي الفني لدى منظمات القطاع غير الربحي,Non Operating Income,Othe revenue - إيرادات أخرى,422,0.0
8024010 - مشروع تقديم خدمات تأسيس وتفعيل وحدات ومراكز العمل التطوعي,Non Operating Income,Othe revenue - إيرادات أخرى,422,0.0
8024020 - مشروع الخدمات اللوجستية للعاملين في القطاع غير الربحي,Non Operating Income,Othe revenue - إيرادات أخرى,422,0.0
8024030 - تمكين الجمعيات المتخصصة العاملة في القطاع غير الربحي,Non Operating Income,Othe revenue - إيرادات أخرى,422,0.0
8024040 - تقديم الخدمات اللوجستية للتدريب في برنامج رائد,Non Operating Income,Othe revenue - إيرادات أخرى,422,0.0
8025010 - مشروع العربة,Non Operating Income,Othe revenue - إيرادات أخرى,422,0.0
8025020 - مشروع وزارة الرياضة,Non Operating Income,Othe revenue - إيرادات أخرى,422,0.0
8025030 - تقديم 3000 ساعة عمل تطوعية لموظفين شركة الكهرباء,Non Operating Income,Othe revenue - إيرادات أخرى,422,0.0
8025040 - مصنع الابتكار - اشوكا,Non Operating Income,Othe revenue - إيرادات أخرى,422,0.0
8025050 - حصر الاحتياج التدريبي في منظومة الصحة,Non Operating Income,Othe revenue - إيرادات أخرى,422,0.0
8025060 - مجموعات عمل التطوع التكافلي,Non Operating Income,Othe revenue - إيرادات أخرى,422,0.0
8025070 - سفر الإفطار في الحرم المكي,Non Operating Income,Othe revenue - إيرادات أخرى,422,0.0
8025080 - سوق الدار,Non Operating Income,Othe revenue - إيرادات أخرى,422,0.0
8025090 - هاكاثون الوعي المعرفي,Non Operating Income,Othe revenue - إيرادات أخرى,422,0.0
8025100 - مشروع منظومة عمل إدارة دراسات الحالة,Non Operating Income,Othe revenue - إيرادات أخرى,422,0.0
8025110 - مشروع خارطة الاستثمار الاجتماعي في قطاع الشباب,Non Operating Income,Othe revenue - إيرادات أخرى,422,0.0
8025120 - مشروع تقديم خدمات استشارية لأكاديمية الفوزان,Non Operating Income,Othe revenue - إيرادات أخرى,422,0.0
8026010 - تأسيس وحدة الاستثمار الاجتماعي مع جمعية متلازمة النجاح,Non Operating Income,Othe revenue - إيرادات أخرى,422,0.0
8026020 - التأهيل للتوظيف,Non Operating Income,Othe revenue - إيرادات أخرى,422,0.0
8026030 - حاضنة أثر الطاقة الاجتماعية,Non Operating Income,Othe revenue - إيرادات أخرى,422,0.0
Untagged,Non Operating Income,Othe revenue - إيرادات أخرى,422,0.0
